[debug] [2026-07-17T22:11:21.985Z] [Firebase Plugin] Activating Firebase extension.
[debug] [2026-07-17T22:11:22.260Z] [Firebase Plugin] requireAuthWrapper
[debug] [2026-07-17T22:11:22.262Z] > command requires scopes: ["email","openid","https://www.googleapis.com/auth/cloudplatformprojects.readonly","https://www.googleapis.com/auth/firebase","https://www.googleapis.com/auth/cloud-platform"]
[debug] [2026-07-17T22:11:22.296Z] [Firebase Plugin] VSCode notification server listening on port 40001
[error] [Firebase Plugin] requireAuth error: Could not load the default credentials. Browse to https://cloud.google.com/docs/authentication/getting-started for more information.
[info] [Firebase Plugin] Starting SQL Connect toolkit (version 3.4.16) on port 50001
[info] i  dataconnect: downloading dataconnect-emulator-3.4.16.exe... {"metadata":{"emulator":{"name":"dataconnect"},"message":"downloading dataconnect-emulator-3.4.16.exe..."}}
[debug] [2026-07-17T22:11:22.461Z] >>> [apiv2][query] GET https://storage.googleapis.com/firemat-preview-drop/emulator/dataconnect-emulator-windows-amd64-v3.4.16 
[debug] [2026-07-17T22:11:22.708Z] <<< [apiv2][status] GET https://storage.googleapis.com/firemat-preview-drop/emulator/dataconnect-emulator-windows-amd64-v3.4.16 200
[debug] [2026-07-17T22:11:22.708Z] <<< [apiv2][body] GET https://storage.googleapis.com/firemat-preview-drop/emulator/dataconnect-emulator-windows-amd64-v3.4.16 [stream]
[debug] [2026-07-17T22:11:24.529Z] 'fdc build' failed with error: Unable to build your SQL Connect schema and connectors (exit code 1): E0718 00:11:24.440783   10604 cmd.go:43] Error loading data connect config: could not find dataconnect.yaml in `c:\Users\xbfmp\OneDrive\Apps\HDR_Gallery\dataconnect`
 {"metadata":{"emulator":{"name":"dataconnect"},"message":"'fdc build' failed with error: Unable to build your SQL Connect schema and connectors (exit code 1): E0718 00:11:24.440783   10604 cmd.go:43] Error loading data connect config: could not find dataconnect.yaml in `c:\\Users\\xbfmp\\OneDrive\\Apps\\HDR_Gallery\\dataconnect`\n"}}
[debug] [2026-07-17T22:11:24.530Z] Ignoring unsupported arg: auto_download {"metadata":{"emulator":{"name":"dataconnect"},"message":"Ignoring unsupported arg: auto_download"}}
[debug] [2026-07-17T22:11:24.530Z] Ignoring unsupported arg: port {"metadata":{"emulator":{"name":"dataconnect"},"message":"Ignoring unsupported arg: port"}}
[debug] [2026-07-17T22:11:24.530Z] Starting SQL Connect Emulator with command {"binary":"C:\\Users\\xbfmp\\.cache\\firebase\\emulators\\dataconnect-emulator-3.4.16.exe","args":["--logtostderr","-v=2","dev","--listen=localhost:50001","--config_dir=c:\\Users\\xbfmp\\OneDrive\\Apps\\HDR_Gallery\\dataconnect","--enable_output_schema_extensions=true","--enable_output_generated_sdk=true"],"optionalArgs":["listen","config_dir","enable_output_schema_extensions","enable_output_generated_sdk"],"joinArgs":true,"shell":false,"port":9399} {"metadata":{"emulator":{"name":"dataconnect"},"message":"Starting SQL Connect Emulator with command {\"binary\":\"C:\\\\Users\\\\xbfmp\\\\.cache\\\\firebase\\\\emulators\\\\dataconnect-emulator-3.4.16.exe\",\"args\":[\"--logtostderr\",\"-v=2\",\"dev\",\"--listen=localhost:50001\",\"--config_dir=c:\\\\Users\\\\xbfmp\\\\OneDrive\\\\Apps\\\\HDR_Gallery\\\\dataconnect\",\"--enable_output_schema_extensions=true\",\"--enable_output_generated_sdk=true\"],\"optionalArgs\":[\"listen\",\"config_dir\",\"enable_output_schema_extensions\",\"enable_output_generated_sdk\"],\"joinArgs\":true,\"shell\":false,\"port\":9399}"}}
[info] i  dataconnect: SQL Connect Emulator logging to dataconnect-debug.log {"metadata":{"emulator":{"name":"dataconnect"},"message":"SQL Connect Emulator logging to \u001b[1mdataconnect-debug.log\u001b[22m"}}
[debug] [2026-07-17T22:11:24.590Z] E0718 00:11:24.563222    7548 dev.go:80] Failed to load initial config from "c:\\Users\\xbfmp\\OneDrive\\Apps\\HDR_Gallery\\dataconnect": could not find dataconnect.yaml in `c:\Users\xbfmp\OneDrive\Apps\HDR_Gallery\dataconnect`
 {"metadata":{"emulator":{"name":"dataconnect"},"message":"E0718 00:11:24.563222    7548 dev.go:80] Failed to load initial config from \"c:\\\\Users\\\\xbfmp\\\\OneDrive\\\\Apps\\\\HDR_Gallery\\\\dataconnect\": could not find dataconnect.yaml in `c:\\Users\\xbfmp\\OneDrive\\Apps\\HDR_Gallery\\dataconnect`\n"}}
[debug] [2026-07-17T22:11:24.590Z] E0718 00:11:24.591309    7548 watch.go:116] watchAllDir unable to walk dir `c:\Users\xbfmp\OneDrive\Apps\HDR_Gallery\dataconnect`: GetFileAttributesEx c:\Users\xbfmp\OneDrive\Apps\HDR_Gallery\dataconnect: El sistema no puede encontrar el archivo especificado.
 {"metadata":{"emulator":{"name":"dataconnect"},"message":"E0718 00:11:24.591309    7548 watch.go:116] watchAllDir unable to walk dir `c:\\Users\\xbfmp\\OneDrive\\Apps\\HDR_Gallery\\dataconnect`: GetFileAttributesEx c:\\Users\\xbfmp\\OneDrive\\Apps\\HDR_Gallery\\dataconnect: El sistema no puede encontrar el archivo especificado.\n"}}
[debug] [2026-07-17T22:11:24.598Z] I0718 00:11:24.599118    7548 dev.go:101] Listening on address (HTTP + gRPC): 127.0.0.1:50001
 {"metadata":{"emulator":{"name":"dataconnect"},"message":"I0718 00:11:24.599118    7548 dev.go:101] Listening on address (HTTP + gRPC): 127.0.0.1:50001\n"}}
[error] [Firebase Plugin] error:  {}
[debug] [2026-07-17T22:11:34.591Z] E0718 00:11:34.591926    7548 watch.go:40] Failed to load config from "c:\\Users\\xbfmp\\OneDrive\\Apps\\HDR_Gallery\\dataconnect": could not find dataconnect.yaml in `c:\Users\xbfmp\OneDrive\Apps\HDR_Gallery\dataconnect`
 {"metadata":{"emulator":{"name":"dataconnect"},"message":"E0718 00:11:34.591926    7548 watch.go:40] Failed to load config from \"c:\\\\Users\\\\xbfmp\\\\OneDrive\\\\Apps\\\\HDR_Gallery\\\\dataconnect\": could not find dataconnect.yaml in `c:\\Users\\xbfmp\\OneDrive\\Apps\\HDR_Gallery\\dataconnect`\n"}}
[debug] [2026-07-17T22:11:44.592Z] E0718 00:11:44.592125    7548 watch.go:40] Failed to load config from "c:\\Users\\xbfmp\\OneDrive\\Apps\\HDR_Gallery\\dataconnect": could not find dataconnect.yaml in `c:\Users\xbfmp\OneDrive\Apps\HDR_Gallery\dataconnect`
 {"metadata":{"emulator":{"name":"dataconnect"},"message":"E0718 00:11:44.592125    7548 watch.go:40] Failed to load config from \"c:\\\\Users\\\\xbfmp\\\\OneDrive\\\\Apps\\\\HDR_Gallery\\\\dataconnect\": could not find dataconnect.yaml in `c:\\Users\\xbfmp\\OneDrive\\Apps\\HDR_Gallery\\dataconnect`\n"}}
[debug] [2026-07-17T22:11:54.592Z] E0718 00:11:54.592142    7548 watch.go:40] Failed to load config from "c:\\Users\\xbfmp\\OneDrive\\Apps\\HDR_Gallery\\dataconnect": could not find dataconnect.yaml in `c:\Users\xbfmp\OneDrive\Apps\HDR_Gallery\dataconnect`
 {"metadata":{"emulator":{"name":"dataconnect"},"message":"E0718 00:11:54.592142    7548 watch.go:40] Failed to load config from \"c:\\\\Users\\\\xbfmp\\\\OneDrive\\\\Apps\\\\HDR_Gallery\\\\dataconnect\": could not find dataconnect.yaml in `c:\\Users\\xbfmp\\OneDrive\\Apps\\HDR_Gallery\\dataconnect`\n"}}
[debug] [2026-07-17T22:12:04.592Z] E0718 00:12:04.592606    7548 watch.go:40] Failed to load config from "c:\\Users\\xbfmp\\OneDrive\\Apps\\HDR_Gallery\\dataconnect": could not find dataconnect.yaml in `c:\Users\xbfmp\OneDrive\Apps\HDR_Gallery\dataconnect`
 {"metadata":{"emulator":{"name":"dataconnect"},"message":"E0718 00:12:04.592606    7548 watch.go:40] Failed to load config from \"c:\\\\Users\\\\xbfmp\\\\OneDrive\\\\Apps\\\\HDR_Gallery\\\\dataconnect\": could not find dataconnect.yaml in `c:\\Users\\xbfmp\\OneDrive\\Apps\\HDR_Gallery\\dataconnect`\n"}}
[debug] [2026-07-17T22:12:14.592Z] E0718 00:12:14.592591    7548 watch.go:40] Failed to load config from "c:\\Users\\xbfmp\\OneDrive\\Apps\\HDR_Gallery\\dataconnect": could not find dataconnect.yaml in `c:\Users\xbfmp\OneDrive\Apps\HDR_Gallery\dataconnect`
 {"metadata":{"emulator":{"name":"dataconnect"},"message":"E0718 00:12:14.592591    7548 watch.go:40] Failed to load config from \"c:\\\\Users\\\\xbfmp\\\\OneDrive\\\\Apps\\\\HDR_Gallery\\\\dataconnect\": could not find dataconnect.yaml in `c:\\Users\\xbfmp\\OneDrive\\Apps\\HDR_Gallery\\dataconnect`\n"}}
[debug] [2026-07-17T22:12:24.591Z] E0718 00:12:24.591925    7548 watch.go:116] watchAllDir unable to walk dir `c:\Users\xbfmp\OneDrive\Apps\HDR_Gallery\dataconnect`: GetFileAttributesEx c:\Users\xbfmp\OneDrive\Apps\HDR_Gallery\dataconnect: El sistema no puede encontrar el archivo especificado.
 {"metadata":{"emulator":{"name":"dataconnect"},"message":"E0718 00:12:24.591925    7548 watch.go:116] watchAllDir unable to walk dir `c:\\Users\\xbfmp\\OneDrive\\Apps\\HDR_Gallery\\dataconnect`: GetFileAttributesEx c:\\Users\\xbfmp\\OneDrive\\Apps\\HDR_Gallery\\dataconnect: El sistema no puede encontrar el archivo especificado.\n"}}
[debug] [2026-07-17T22:12:24.592Z] E0718 00:12:24.591925    7548 watch.go:40] Failed to load config from "c:\\Users\\xbfmp\\OneDrive\\Apps\\HDR_Gallery\\dataconnect": could not find dataconnect.yaml in `c:\Users\xbfmp\OneDrive\Apps\HDR_Gallery\dataconnect`
 {"metadata":{"emulator":{"name":"dataconnect"},"message":"E0718 00:12:24.591925    7548 watch.go:40] Failed to load config from \"c:\\\\Users\\\\xbfmp\\\\OneDrive\\\\Apps\\\\HDR_Gallery\\\\dataconnect\": could not find dataconnect.yaml in `c:\\Users\\xbfmp\\OneDrive\\Apps\\HDR_Gallery\\dataconnect`\n"}}
[debug] [2026-07-17T22:12:34.592Z] E0718 00:12:34.592355    7548 watch.go:40] Failed to load config from "c:\\Users\\xbfmp\\OneDrive\\Apps\\HDR_Gallery\\dataconnect": could not find dataconnect.yaml in `c:\Users\xbfmp\OneDrive\Apps\HDR_Gallery\dataconnect`
 {"metadata":{"emulator":{"name":"dataconnect"},"message":"E0718 00:12:34.592355    7548 watch.go:40] Failed to load config from \"c:\\\\Users\\\\xbfmp\\\\OneDrive\\\\Apps\\\\HDR_Gallery\\\\dataconnect\": could not find dataconnect.yaml in `c:\\Users\\xbfmp\\OneDrive\\Apps\\HDR_Gallery\\dataconnect`\n"}}
[debug] [2026-07-17T22:12:44.592Z] E0718 00:12:44.592598    7548 watch.go:40] Failed to load config from "c:\\Users\\xbfmp\\OneDrive\\Apps\\HDR_Gallery\\dataconnect": could not find dataconnect.yaml in `c:\Users\xbfmp\OneDrive\Apps\HDR_Gallery\dataconnect`
 {"metadata":{"emulator":{"name":"dataconnect"},"message":"E0718 00:12:44.592598    7548 watch.go:40] Failed to load config from \"c:\\\\Users\\\\xbfmp\\\\OneDrive\\\\Apps\\\\HDR_Gallery\\\\dataconnect\": could not find dataconnect.yaml in `c:\\Users\\xbfmp\\OneDrive\\Apps\\HDR_Gallery\\dataconnect`\n"}}
[debug] [2026-07-17T22:12:54.592Z] E0718 00:12:54.592413    7548 watch.go:40] Failed to load config from "c:\\Users\\xbfmp\\OneDrive\\Apps\\HDR_Gallery\\dataconnect": could not find dataconnect.yaml in `c:\Users\xbfmp\OneDrive\Apps\HDR_Gallery\dataconnect`
 {"metadata":{"emulator":{"name":"dataconnect"},"message":"E0718 00:12:54.592413    7548 watch.go:40] Failed to load config from \"c:\\\\Users\\\\xbfmp\\\\OneDrive\\\\Apps\\\\HDR_Gallery\\\\dataconnect\": could not find dataconnect.yaml in `c:\\Users\\xbfmp\\OneDrive\\Apps\\HDR_Gallery\\dataconnect`\n"}}
[debug] [2026-07-17T22:13:04.592Z] E0718 00:13:04.592144    7548 watch.go:40] Failed to load config from "c:\\Users\\xbfmp\\OneDrive\\Apps\\HDR_Gallery\\dataconnect": could not find dataconnect.yaml in `c:\Users\xbfmp\OneDrive\Apps\HDR_Gallery\dataconnect`
 {"metadata":{"emulator":{"name":"dataconnect"},"message":"E0718 00:13:04.592144    7548 watch.go:40] Failed to load config from \"c:\\\\Users\\\\xbfmp\\\\OneDrive\\\\Apps\\\\HDR_Gallery\\\\dataconnect\": could not find dataconnect.yaml in `c:\\Users\\xbfmp\\OneDrive\\Apps\\HDR_Gallery\\dataconnect`\n"}}
[debug] [2026-07-17T22:13:14.592Z] E0718 00:13:14.592237    7548 watch.go:40] Failed to load config from "c:\\Users\\xbfmp\\OneDrive\\Apps\\HDR_Gallery\\dataconnect": could not find dataconnect.yaml in `c:\Users\xbfmp\OneDrive\Apps\HDR_Gallery\dataconnect`
 {"metadata":{"emulator":{"name":"dataconnect"},"message":"E0718 00:13:14.592237    7548 watch.go:40] Failed to load config from \"c:\\\\Users\\\\xbfmp\\\\OneDrive\\\\Apps\\\\HDR_Gallery\\\\dataconnect\": could not find dataconnect.yaml in `c:\\Users\\xbfmp\\OneDrive\\Apps\\HDR_Gallery\\dataconnect`\n"}}
[debug] [2026-07-17T22:13:24.592Z] E0718 00:13:24.592143    7548 watch.go:116] watchAllDir unable to walk dir `c:\Users\xbfmp\OneDrive\Apps\HDR_Gallery\dataconnect`: GetFileAttributesEx c:\Users\xbfmp\OneDrive\Apps\HDR_Gallery\dataconnect: El sistema no puede encontrar el archivo especificado.
 {"metadata":{"emulator":{"name":"dataconnect"},"message":"E0718 00:13:24.592143    7548 watch.go:116] watchAllDir unable to walk dir `c:\\Users\\xbfmp\\OneDrive\\Apps\\HDR_Gallery\\dataconnect`: GetFileAttributesEx c:\\Users\\xbfmp\\OneDrive\\Apps\\HDR_Gallery\\dataconnect: El sistema no puede encontrar el archivo especificado.\n"}}
[debug] [2026-07-17T22:13:24.592Z] E0718 00:13:24.592143    7548 watch.go:40] Failed to load config from "c:\\Users\\xbfmp\\OneDrive\\Apps\\HDR_Gallery\\dataconnect": could not find dataconnect.yaml in `c:\Users\xbfmp\OneDrive\Apps\HDR_Gallery\dataconnect`
 {"metadata":{"emulator":{"name":"dataconnect"},"message":"E0718 00:13:24.592143    7548 watch.go:40] Failed to load config from \"c:\\\\Users\\\\xbfmp\\\\OneDrive\\\\Apps\\\\HDR_Gallery\\\\dataconnect\": could not find dataconnect.yaml in `c:\\Users\\xbfmp\\OneDrive\\Apps\\HDR_Gallery\\dataconnect`\n"}}
[info] [Firebase Plugin] Stopping SQL Connect toolkit
[debug] [2026-07-17T22:13:34.791Z] [Firebase Plugin] Activating Firebase extension.
[debug] [2026-07-17T22:13:35.607Z] [Firebase Plugin] requireAuthWrapper
[debug] [2026-07-17T22:13:35.608Z] > command requires scopes: ["email","openid","https://www.googleapis.com/auth/cloudplatformprojects.readonly","https://www.googleapis.com/auth/firebase","https://www.googleapis.com/auth/cloud-platform"]
[debug] [2026-07-17T22:13:35.640Z] [Firebase Plugin] VSCode notification server listening on port 40001
[error] [Firebase Plugin] requireAuth error: Could not load the default credentials. Browse to https://cloud.google.com/docs/authentication/getting-started for more information.
[info] [Firebase Plugin] Starting SQL Connect toolkit (version 3.4.16) on port 50001
[debug] [2026-07-17T22:13:35.969Z] 'fdc build' failed with error: Unable to build your SQL Connect schema and connectors (exit code 1): E0718 00:13:35.940041   20768 cmd.go:43] Error loading data connect config: could not find dataconnect.yaml in `c:\Users\xbfmp\OneDrive\Apps\HDR_Gallery\dataconnect`
 {"metadata":{"emulator":{"name":"dataconnect"},"message":"'fdc build' failed with error: Unable to build your SQL Connect schema and connectors (exit code 1): E0718 00:13:35.940041   20768 cmd.go:43] Error loading data connect config: could not find dataconnect.yaml in `c:\\Users\\xbfmp\\OneDrive\\Apps\\HDR_Gallery\\dataconnect`\n"}}
[debug] [2026-07-17T22:13:35.970Z] Ignoring unsupported arg: auto_download {"metadata":{"emulator":{"name":"dataconnect"},"message":"Ignoring unsupported arg: auto_download"}}
[debug] [2026-07-17T22:13:35.970Z] Ignoring unsupported arg: port {"metadata":{"emulator":{"name":"dataconnect"},"message":"Ignoring unsupported arg: port"}}
[debug] [2026-07-17T22:13:35.970Z] Starting SQL Connect Emulator with command {"binary":"C:\\Users\\xbfmp\\.cache\\firebase\\emulators\\dataconnect-emulator-3.4.16.exe","args":["--logtostderr","-v=2","dev","--listen=localhost:50001","--config_dir=c:\\Users\\xbfmp\\OneDrive\\Apps\\HDR_Gallery\\dataconnect","--enable_output_schema_extensions=true","--enable_output_generated_sdk=true"],"optionalArgs":["listen","config_dir","enable_output_schema_extensions","enable_output_generated_sdk"],"joinArgs":true,"shell":false,"port":9399} {"metadata":{"emulator":{"name":"dataconnect"},"message":"Starting SQL Connect Emulator with command {\"binary\":\"C:\\\\Users\\\\xbfmp\\\\.cache\\\\firebase\\\\emulators\\\\dataconnect-emulator-3.4.16.exe\",\"args\":[\"--logtostderr\",\"-v=2\",\"dev\",\"--listen=localhost:50001\",\"--config_dir=c:\\\\Users\\\\xbfmp\\\\OneDrive\\\\Apps\\\\HDR_Gallery\\\\dataconnect\",\"--enable_output_schema_extensions=true\",\"--enable_output_generated_sdk=true\"],\"optionalArgs\":[\"listen\",\"config_dir\",\"enable_output_schema_extensions\",\"enable_output_generated_sdk\"],\"joinArgs\":true,\"shell\":false,\"port\":9399}"}}
[info] i  dataconnect: SQL Connect Emulator logging to dataconnect-debug.log {"metadata":{"emulator":{"name":"dataconnect"},"message":"SQL Connect Emulator logging to \u001b[1mdataconnect-debug.log\u001b[22m"}}
[debug] [2026-07-17T22:13:36.212Z] E0718 00:13:36.009111   16088 dev.go:80] Failed to load initial config from "c:\\Users\\xbfmp\\OneDrive\\Apps\\HDR_Gallery\\dataconnect": could not find dataconnect.yaml in `c:\Users\xbfmp\OneDrive\Apps\HDR_Gallery\dataconnect`
E0718 00:13:36.051418   16088 watch.go:116] watchAllDir unable to walk dir `c:\Users\xbfmp\OneDrive\Apps\HDR_Gallery\dataconnect`: GetFileAttributesEx c:\Users\xbfmp\OneDrive\Apps\HDR_Gallery\dataconnect: El sistema no puede encontrar el archivo especificado.
I0718 00:13:36.064693   16088 dev.go:101] Listening on address (HTTP + gRPC): 127.0.0.1:50001
 {"metadata":{"emulator":{"name":"dataconnect"},"message":"E0718 00:13:36.009111   16088 dev.go:80] Failed to load initial config from \"c:\\\\Users\\\\xbfmp\\\\OneDrive\\\\Apps\\\\HDR_Gallery\\\\dataconnect\": could not find dataconnect.yaml in `c:\\Users\\xbfmp\\OneDrive\\Apps\\HDR_Gallery\\dataconnect`\nE0718 00:13:36.051418   16088 watch.go:116] watchAllDir unable to walk dir `c:\\Users\\xbfmp\\OneDrive\\Apps\\HDR_Gallery\\dataconnect`: GetFileAttributesEx c:\\Users\\xbfmp\\OneDrive\\Apps\\HDR_Gallery\\dataconnect: El sistema no puede encontrar el archivo especificado.\nI0718 00:13:36.064693   16088 dev.go:101] Listening on address (HTTP + gRPC): 127.0.0.1:50001\n"}}
[error] [Firebase Plugin] error:  {}
[debug] [2026-07-17T22:13:46.050Z] E0718 00:13:46.052624   16088 watch.go:40] Failed to load config from "c:\\Users\\xbfmp\\OneDrive\\Apps\\HDR_Gallery\\dataconnect": could not find dataconnect.yaml in `c:\Users\xbfmp\OneDrive\Apps\HDR_Gallery\dataconnect`
 {"metadata":{"emulator":{"name":"dataconnect"},"message":"E0718 00:13:46.052624   16088 watch.go:40] Failed to load config from \"c:\\\\Users\\\\xbfmp\\\\OneDrive\\\\Apps\\\\HDR_Gallery\\\\dataconnect\": could not find dataconnect.yaml in `c:\\Users\\xbfmp\\OneDrive\\Apps\\HDR_Gallery\\dataconnect`\n"}}
[debug] [2026-07-17T22:13:56.050Z] E0718 00:13:56.052635   16088 watch.go:40] Failed to load config from "c:\\Users\\xbfmp\\OneDrive\\Apps\\HDR_Gallery\\dataconnect": could not find dataconnect.yaml in `c:\Users\xbfmp\OneDrive\Apps\HDR_Gallery\dataconnect`
 {"metadata":{"emulator":{"name":"dataconnect"},"message":"E0718 00:13:56.052635   16088 watch.go:40] Failed to load config from \"c:\\\\Users\\\\xbfmp\\\\OneDrive\\\\Apps\\\\HDR_Gallery\\\\dataconnect\": could not find dataconnect.yaml in `c:\\Users\\xbfmp\\OneDrive\\Apps\\HDR_Gallery\\dataconnect`\n"}}
[debug] [2026-07-17T22:14:06.050Z] E0718 00:14:06.052893   16088 watch.go:40] Failed to load config from "c:\\Users\\xbfmp\\OneDrive\\Apps\\HDR_Gallery\\dataconnect": could not find dataconnect.yaml in `c:\Users\xbfmp\OneDrive\Apps\HDR_Gallery\dataconnect`
 {"metadata":{"emulator":{"name":"dataconnect"},"message":"E0718 00:14:06.052893   16088 watch.go:40] Failed to load config from \"c:\\\\Users\\\\xbfmp\\\\OneDrive\\\\Apps\\\\HDR_Gallery\\\\dataconnect\": could not find dataconnect.yaml in `c:\\Users\\xbfmp\\OneDrive\\Apps\\HDR_Gallery\\dataconnect`\n"}}
[debug] [2026-07-17T22:14:16.050Z] E0718 00:14:16.052474   16088 watch.go:40] Failed to load config from "c:\\Users\\xbfmp\\OneDrive\\Apps\\HDR_Gallery\\dataconnect": could not find dataconnect.yaml in `c:\Users\xbfmp\OneDrive\Apps\HDR_Gallery\dataconnect`
 {"metadata":{"emulator":{"name":"dataconnect"},"message":"E0718 00:14:16.052474   16088 watch.go:40] Failed to load config from \"c:\\\\Users\\\\xbfmp\\\\OneDrive\\\\Apps\\\\HDR_Gallery\\\\dataconnect\": could not find dataconnect.yaml in `c:\\Users\\xbfmp\\OneDrive\\Apps\\HDR_Gallery\\dataconnect`\n"}}
[debug] [2026-07-17T22:14:26.050Z] E0718 00:14:26.052570   16088 watch.go:40] Failed to load config from "c:\\Users\\xbfmp\\OneDrive\\Apps\\HDR_Gallery\\dataconnect": could not find dataconnect.yaml in `c:\Users\xbfmp\OneDrive\Apps\HDR_Gallery\dataconnect`
 {"metadata":{"emulator":{"name":"dataconnect"},"message":"E0718 00:14:26.052570   16088 watch.go:40] Failed to load config from \"c:\\\\Users\\\\xbfmp\\\\OneDrive\\\\Apps\\\\HDR_Gallery\\\\dataconnect\": could not find dataconnect.yaml in `c:\\Users\\xbfmp\\OneDrive\\Apps\\HDR_Gallery\\dataconnect`\n"}}
[debug] [2026-07-17T22:14:36.052Z] E0718 00:14:36.052825   16088 watch.go:116] watchAllDir unable to walk dir `c:\Users\xbfmp\OneDrive\Apps\HDR_Gallery\dataconnect`: GetFileAttributesEx c:\Users\xbfmp\OneDrive\Apps\HDR_Gallery\dataconnect: El sistema no puede encontrar el archivo especificado.
 {"metadata":{"emulator":{"name":"dataconnect"},"message":"E0718 00:14:36.052825   16088 watch.go:116] watchAllDir unable to walk dir `c:\\Users\\xbfmp\\OneDrive\\Apps\\HDR_Gallery\\dataconnect`: GetFileAttributesEx c:\\Users\\xbfmp\\OneDrive\\Apps\\HDR_Gallery\\dataconnect: El sistema no puede encontrar el archivo especificado.\n"}}
[debug] [2026-07-17T22:14:36.053Z] E0718 00:14:36.052825   16088 watch.go:40] Failed to load config from "c:\\Users\\xbfmp\\OneDrive\\Apps\\HDR_Gallery\\dataconnect": could not find dataconnect.yaml in `c:\Users\xbfmp\OneDrive\Apps\HDR_Gallery\dataconnect`
 {"metadata":{"emulator":{"name":"dataconnect"},"message":"E0718 00:14:36.052825   16088 watch.go:40] Failed to load config from \"c:\\\\Users\\\\xbfmp\\\\OneDrive\\\\Apps\\\\HDR_Gallery\\\\dataconnect\": could not find dataconnect.yaml in `c:\\Users\\xbfmp\\OneDrive\\Apps\\HDR_Gallery\\dataconnect`\n"}}
[debug] [2026-07-17T22:14:46.052Z] E0718 00:14:46.052656   16088 watch.go:40] Failed to load config from "c:\\Users\\xbfmp\\OneDrive\\Apps\\HDR_Gallery\\dataconnect": could not find dataconnect.yaml in `c:\Users\xbfmp\OneDrive\Apps\HDR_Gallery\dataconnect`
 {"metadata":{"emulator":{"name":"dataconnect"},"message":"E0718 00:14:46.052656   16088 watch.go:40] Failed to load config from \"c:\\\\Users\\\\xbfmp\\\\OneDrive\\\\Apps\\\\HDR_Gallery\\\\dataconnect\": could not find dataconnect.yaml in `c:\\Users\\xbfmp\\OneDrive\\Apps\\HDR_Gallery\\dataconnect`\n"}}
[debug] [2026-07-17T22:14:56.052Z] E0718 00:14:56.052495   16088 watch.go:40] Failed to load config from "c:\\Users\\xbfmp\\OneDrive\\Apps\\HDR_Gallery\\dataconnect": could not find dataconnect.yaml in `c:\Users\xbfmp\OneDrive\Apps\HDR_Gallery\dataconnect`
 {"metadata":{"emulator":{"name":"dataconnect"},"message":"E0718 00:14:56.052495   16088 watch.go:40] Failed to load config from \"c:\\\\Users\\\\xbfmp\\\\OneDrive\\\\Apps\\\\HDR_Gallery\\\\dataconnect\": could not find dataconnect.yaml in `c:\\Users\\xbfmp\\OneDrive\\Apps\\HDR_Gallery\\dataconnect`\n"}}
[debug] [2026-07-17T22:15:06.052Z] E0718 00:15:06.052752   16088 watch.go:40] Failed to load config from "c:\\Users\\xbfmp\\OneDrive\\Apps\\HDR_Gallery\\dataconnect": could not find dataconnect.yaml in `c:\Users\xbfmp\OneDrive\Apps\HDR_Gallery\dataconnect`
 {"metadata":{"emulator":{"name":"dataconnect"},"message":"E0718 00:15:06.052752   16088 watch.go:40] Failed to load config from \"c:\\\\Users\\\\xbfmp\\\\OneDrive\\\\Apps\\\\HDR_Gallery\\\\dataconnect\": could not find dataconnect.yaml in `c:\\Users\\xbfmp\\OneDrive\\Apps\\HDR_Gallery\\dataconnect`\n"}}
[debug] [2026-07-17T22:15:16.052Z] E0718 00:15:16.052529   16088 watch.go:40] Failed to load config from "c:\\Users\\xbfmp\\OneDrive\\Apps\\HDR_Gallery\\dataconnect": could not find dataconnect.yaml in `c:\Users\xbfmp\OneDrive\Apps\HDR_Gallery\dataconnect`
 {"metadata":{"emulator":{"name":"dataconnect"},"message":"E0718 00:15:16.052529   16088 watch.go:40] Failed to load config from \"c:\\\\Users\\\\xbfmp\\\\OneDrive\\\\Apps\\\\HDR_Gallery\\\\dataconnect\": could not find dataconnect.yaml in `c:\\Users\\xbfmp\\OneDrive\\Apps\\HDR_Gallery\\dataconnect`\n"}}
[debug] [2026-07-17T22:15:26.052Z] E0718 00:15:26.052726   16088 watch.go:40] Failed to load config from "c:\\Users\\xbfmp\\OneDrive\\Apps\\HDR_Gallery\\dataconnect": could not find dataconnect.yaml in `c:\Users\xbfmp\OneDrive\Apps\HDR_Gallery\dataconnect`
 {"metadata":{"emulator":{"name":"dataconnect"},"message":"E0718 00:15:26.052726   16088 watch.go:40] Failed to load config from \"c:\\\\Users\\\\xbfmp\\\\OneDrive\\\\Apps\\\\HDR_Gallery\\\\dataconnect\": could not find dataconnect.yaml in `c:\\Users\\xbfmp\\OneDrive\\Apps\\HDR_Gallery\\dataconnect`\n"}}
[debug] [2026-07-17T22:15:36.052Z] E0718 00:15:36.052946   16088 watch.go:116] watchAllDir unable to walk dir `c:\Users\xbfmp\OneDrive\Apps\HDR_Gallery\dataconnect`: GetFileAttributesEx c:\Users\xbfmp\OneDrive\Apps\HDR_Gallery\dataconnect: El sistema no puede encontrar el archivo especificado.
 {"metadata":{"emulator":{"name":"dataconnect"},"message":"E0718 00:15:36.052946   16088 watch.go:116] watchAllDir unable to walk dir `c:\\Users\\xbfmp\\OneDrive\\Apps\\HDR_Gallery\\dataconnect`: GetFileAttributesEx c:\\Users\\xbfmp\\OneDrive\\Apps\\HDR_Gallery\\dataconnect: El sistema no puede encontrar el archivo especificado.\n"}}
[debug] [2026-07-17T22:15:36.053Z] E0718 00:15:36.052946   16088 watch.go:40] Failed to load config from "c:\\Users\\xbfmp\\OneDrive\\Apps\\HDR_Gallery\\dataconnect": could not find dataconnect.yaml in `c:\Users\xbfmp\OneDrive\Apps\HDR_Gallery\dataconnect`
 {"metadata":{"emulator":{"name":"dataconnect"},"message":"E0718 00:15:36.052946   16088 watch.go:40] Failed to load config from \"c:\\\\Users\\\\xbfmp\\\\OneDrive\\\\Apps\\\\HDR_Gallery\\\\dataconnect\": could not find dataconnect.yaml in `c:\\Users\\xbfmp\\OneDrive\\Apps\\HDR_Gallery\\dataconnect`\n"}}
[debug] [2026-07-17T22:15:46.052Z] E0718 00:15:46.052527   16088 watch.go:40] Failed to load config from "c:\\Users\\xbfmp\\OneDrive\\Apps\\HDR_Gallery\\dataconnect": could not find dataconnect.yaml in `c:\Users\xbfmp\OneDrive\Apps\HDR_Gallery\dataconnect`
 {"metadata":{"emulator":{"name":"dataconnect"},"message":"E0718 00:15:46.052527   16088 watch.go:40] Failed to load config from \"c:\\\\Users\\\\xbfmp\\\\OneDrive\\\\Apps\\\\HDR_Gallery\\\\dataconnect\": could not find dataconnect.yaml in `c:\\Users\\xbfmp\\OneDrive\\Apps\\HDR_Gallery\\dataconnect`\n"}}
[debug] [2026-07-17T22:15:56.052Z] E0718 00:15:56.052705   16088 watch.go:40] Failed to load config from "c:\\Users\\xbfmp\\OneDrive\\Apps\\HDR_Gallery\\dataconnect": could not find dataconnect.yaml in `c:\Users\xbfmp\OneDrive\Apps\HDR_Gallery\dataconnect`
 {"metadata":{"emulator":{"name":"dataconnect"},"message":"E0718 00:15:56.052705   16088 watch.go:40] Failed to load config from \"c:\\\\Users\\\\xbfmp\\\\OneDrive\\\\Apps\\\\HDR_Gallery\\\\dataconnect\": could not find dataconnect.yaml in `c:\\Users\\xbfmp\\OneDrive\\Apps\\HDR_Gallery\\dataconnect`\n"}}
[debug] [2026-07-17T22:16:06.053Z] E0718 00:16:06.053013   16088 watch.go:40] Failed to load config from "c:\\Users\\xbfmp\\OneDrive\\Apps\\HDR_Gallery\\dataconnect": could not find dataconnect.yaml in `c:\Users\xbfmp\OneDrive\Apps\HDR_Gallery\dataconnect`
 {"metadata":{"emulator":{"name":"dataconnect"},"message":"E0718 00:16:06.053013   16088 watch.go:40] Failed to load config from \"c:\\\\Users\\\\xbfmp\\\\OneDrive\\\\Apps\\\\HDR_Gallery\\\\dataconnect\": could not find dataconnect.yaml in `c:\\Users\\xbfmp\\OneDrive\\Apps\\HDR_Gallery\\dataconnect`\n"}}
[debug] [2026-07-17T22:16:16.052Z] E0718 00:16:16.052564   16088 watch.go:40] Failed to load config from "c:\\Users\\xbfmp\\OneDrive\\Apps\\HDR_Gallery\\dataconnect": could not find dataconnect.yaml in `c:\Users\xbfmp\OneDrive\Apps\HDR_Gallery\dataconnect`
 {"metadata":{"emulator":{"name":"dataconnect"},"message":"E0718 00:16:16.052564   16088 watch.go:40] Failed to load config from \"c:\\\\Users\\\\xbfmp\\\\OneDrive\\\\Apps\\\\HDR_Gallery\\\\dataconnect\": could not find dataconnect.yaml in `c:\\Users\\xbfmp\\OneDrive\\Apps\\HDR_Gallery\\dataconnect`\n"}}
[debug] [2026-07-17T22:16:26.052Z] E0718 00:16:26.052544   16088 watch.go:40] Failed to load config from "c:\\Users\\xbfmp\\OneDrive\\Apps\\HDR_Gallery\\dataconnect": could not find dataconnect.yaml in `c:\Users\xbfmp\OneDrive\Apps\HDR_Gallery\dataconnect`
 {"metadata":{"emulator":{"name":"dataconnect"},"message":"E0718 00:16:26.052544   16088 watch.go:40] Failed to load config from \"c:\\\\Users\\\\xbfmp\\\\OneDrive\\\\Apps\\\\HDR_Gallery\\\\dataconnect\": could not find dataconnect.yaml in `c:\\Users\\xbfmp\\OneDrive\\Apps\\HDR_Gallery\\dataconnect`\n"}}
[debug] [2026-07-17T22:16:36.052Z] E0718 00:16:36.052485   16088 watch.go:116] watchAllDir unable to walk dir `c:\Users\xbfmp\OneDrive\Apps\HDR_Gallery\dataconnect`: GetFileAttributesEx c:\Users\xbfmp\OneDrive\Apps\HDR_Gallery\dataconnect: El sistema no puede encontrar el archivo especificado.
 {"metadata":{"emulator":{"name":"dataconnect"},"message":"E0718 00:16:36.052485   16088 watch.go:116] watchAllDir unable to walk dir `c:\\Users\\xbfmp\\OneDrive\\Apps\\HDR_Gallery\\dataconnect`: GetFileAttributesEx c:\\Users\\xbfmp\\OneDrive\\Apps\\HDR_Gallery\\dataconnect: El sistema no puede encontrar el archivo especificado.\n"}}
[debug] [2026-07-17T22:16:36.053Z] E0718 00:16:36.052485   16088 watch.go:40] Failed to load config from "c:\\Users\\xbfmp\\OneDrive\\Apps\\HDR_Gallery\\dataconnect": could not find dataconnect.yaml in `c:\Users\xbfmp\OneDrive\Apps\HDR_Gallery\dataconnect`
 {"metadata":{"emulator":{"name":"dataconnect"},"message":"E0718 00:16:36.052485   16088 watch.go:40] Failed to load config from \"c:\\\\Users\\\\xbfmp\\\\OneDrive\\\\Apps\\\\HDR_Gallery\\\\dataconnect\": could not find dataconnect.yaml in `c:\\Users\\xbfmp\\OneDrive\\Apps\\HDR_Gallery\\dataconnect`\n"}}
[debug] [2026-07-17T22:16:46.052Z] E0718 00:16:46.052703   16088 watch.go:40] Failed to load config from "c:\\Users\\xbfmp\\OneDrive\\Apps\\HDR_Gallery\\dataconnect": could not find dataconnect.yaml in `c:\Users\xbfmp\OneDrive\Apps\HDR_Gallery\dataconnect`
 {"metadata":{"emulator":{"name":"dataconnect"},"message":"E0718 00:16:46.052703   16088 watch.go:40] Failed to load config from \"c:\\\\Users\\\\xbfmp\\\\OneDrive\\\\Apps\\\\HDR_Gallery\\\\dataconnect\": could not find dataconnect.yaml in `c:\\Users\\xbfmp\\OneDrive\\Apps\\HDR_Gallery\\dataconnect`\n"}}
[debug] [2026-07-17T22:16:56.052Z] E0718 00:16:56.052698   16088 watch.go:40] Failed to load config from "c:\\Users\\xbfmp\\OneDrive\\Apps\\HDR_Gallery\\dataconnect": could not find dataconnect.yaml in `c:\Users\xbfmp\OneDrive\Apps\HDR_Gallery\dataconnect`
 {"metadata":{"emulator":{"name":"dataconnect"},"message":"E0718 00:16:56.052698   16088 watch.go:40] Failed to load config from \"c:\\\\Users\\\\xbfmp\\\\OneDrive\\\\Apps\\\\HDR_Gallery\\\\dataconnect\": could not find dataconnect.yaml in `c:\\Users\\xbfmp\\OneDrive\\Apps\\HDR_Gallery\\dataconnect`\n"}}
[debug] [2026-07-17T22:17:06.052Z] E0718 00:17:06.052528   16088 watch.go:40] Failed to load config from "c:\\Users\\xbfmp\\OneDrive\\Apps\\HDR_Gallery\\dataconnect": could not find dataconnect.yaml in `c:\Users\xbfmp\OneDrive\Apps\HDR_Gallery\dataconnect`
 {"metadata":{"emulator":{"name":"dataconnect"},"message":"E0718 00:17:06.052528   16088 watch.go:40] Failed to load config from \"c:\\\\Users\\\\xbfmp\\\\OneDrive\\\\Apps\\\\HDR_Gallery\\\\dataconnect\": could not find dataconnect.yaml in `c:\\Users\\xbfmp\\OneDrive\\Apps\\HDR_Gallery\\dataconnect`\n"}}
[debug] [2026-07-17T22:17:16.053Z] E0718 00:17:16.052885   16088 watch.go:40] Failed to load config from "c:\\Users\\xbfmp\\OneDrive\\Apps\\HDR_Gallery\\dataconnect": could not find dataconnect.yaml in `c:\Users\xbfmp\OneDrive\Apps\HDR_Gallery\dataconnect`
 {"metadata":{"emulator":{"name":"dataconnect"},"message":"E0718 00:17:16.052885   16088 watch.go:40] Failed to load config from \"c:\\\\Users\\\\xbfmp\\\\OneDrive\\\\Apps\\\\HDR_Gallery\\\\dataconnect\": could not find dataconnect.yaml in `c:\\Users\\xbfmp\\OneDrive\\Apps\\HDR_Gallery\\dataconnect`\n"}}
[debug] [2026-07-17T22:17:26.053Z] E0718 00:17:26.053197   16088 watch.go:40] Failed to load config from "c:\\Users\\xbfmp\\OneDrive\\Apps\\HDR_Gallery\\dataconnect": could not find dataconnect.yaml in `c:\Users\xbfmp\OneDrive\Apps\HDR_Gallery\dataconnect`
 {"metadata":{"emulator":{"name":"dataconnect"},"message":"E0718 00:17:26.053197   16088 watch.go:40] Failed to load config from \"c:\\\\Users\\\\xbfmp\\\\OneDrive\\\\Apps\\\\HDR_Gallery\\\\dataconnect\": could not find dataconnect.yaml in `c:\\Users\\xbfmp\\OneDrive\\Apps\\HDR_Gallery\\dataconnect`\n"}}
[debug] [2026-07-17T22:17:36.052Z] E0718 00:17:36.052475   16088 watch.go:116] watchAllDir unable to walk dir `c:\Users\xbfmp\OneDrive\Apps\HDR_Gallery\dataconnect`: GetFileAttributesEx c:\Users\xbfmp\OneDrive\Apps\HDR_Gallery\dataconnect: El sistema no puede encontrar el archivo especificado.
 {"metadata":{"emulator":{"name":"dataconnect"},"message":"E0718 00:17:36.052475   16088 watch.go:116] watchAllDir unable to walk dir `c:\\Users\\xbfmp\\OneDrive\\Apps\\HDR_Gallery\\dataconnect`: GetFileAttributesEx c:\\Users\\xbfmp\\OneDrive\\Apps\\HDR_Gallery\\dataconnect: El sistema no puede encontrar el archivo especificado.\n"}}
[debug] [2026-07-17T22:17:36.052Z] E0718 00:17:36.052475   16088 watch.go:40] Failed to load config from "c:\\Users\\xbfmp\\OneDrive\\Apps\\HDR_Gallery\\dataconnect": could not find dataconnect.yaml in `c:\Users\xbfmp\OneDrive\Apps\HDR_Gallery\dataconnect`
 {"metadata":{"emulator":{"name":"dataconnect"},"message":"E0718 00:17:36.052475   16088 watch.go:40] Failed to load config from \"c:\\\\Users\\\\xbfmp\\\\OneDrive\\\\Apps\\\\HDR_Gallery\\\\dataconnect\": could not find dataconnect.yaml in `c:\\Users\\xbfmp\\OneDrive\\Apps\\HDR_Gallery\\dataconnect`\n"}}
[debug] [2026-07-17T22:17:46.052Z] E0718 00:17:46.052665   16088 watch.go:40] Failed to load config from "c:\\Users\\xbfmp\\OneDrive\\Apps\\HDR_Gallery\\dataconnect": could not find dataconnect.yaml in `c:\Users\xbfmp\OneDrive\Apps\HDR_Gallery\dataconnect`
 {"metadata":{"emulator":{"name":"dataconnect"},"message":"E0718 00:17:46.052665   16088 watch.go:40] Failed to load config from \"c:\\\\Users\\\\xbfmp\\\\OneDrive\\\\Apps\\\\HDR_Gallery\\\\dataconnect\": could not find dataconnect.yaml in `c:\\Users\\xbfmp\\OneDrive\\Apps\\HDR_Gallery\\dataconnect`\n"}}
[debug] [2026-07-17T22:17:56.053Z] E0718 00:17:56.052806   16088 watch.go:40] Failed to load config from "c:\\Users\\xbfmp\\OneDrive\\Apps\\HDR_Gallery\\dataconnect": could not find dataconnect.yaml in `c:\Users\xbfmp\OneDrive\Apps\HDR_Gallery\dataconnect`
 {"metadata":{"emulator":{"name":"dataconnect"},"message":"E0718 00:17:56.052806   16088 watch.go:40] Failed to load config from \"c:\\\\Users\\\\xbfmp\\\\OneDrive\\\\Apps\\\\HDR_Gallery\\\\dataconnect\": could not find dataconnect.yaml in `c:\\Users\\xbfmp\\OneDrive\\Apps\\HDR_Gallery\\dataconnect`\n"}}
[debug] [2026-07-17T22:18:06.052Z] E0718 00:18:06.052697   16088 watch.go:40] Failed to load config from "c:\\Users\\xbfmp\\OneDrive\\Apps\\HDR_Gallery\\dataconnect": could not find dataconnect.yaml in `c:\Users\xbfmp\OneDrive\Apps\HDR_Gallery\dataconnect`
 {"metadata":{"emulator":{"name":"dataconnect"},"message":"E0718 00:18:06.052697   16088 watch.go:40] Failed to load config from \"c:\\\\Users\\\\xbfmp\\\\OneDrive\\\\Apps\\\\HDR_Gallery\\\\dataconnect\": could not find dataconnect.yaml in `c:\\Users\\xbfmp\\OneDrive\\Apps\\HDR_Gallery\\dataconnect`\n"}}
[debug] [2026-07-17T22:18:16.053Z] E0718 00:18:16.052933   16088 watch.go:40] Failed to load config from "c:\\Users\\xbfmp\\OneDrive\\Apps\\HDR_Gallery\\dataconnect": could not find dataconnect.yaml in `c:\Users\xbfmp\OneDrive\Apps\HDR_Gallery\dataconnect`
 {"metadata":{"emulator":{"name":"dataconnect"},"message":"E0718 00:18:16.052933   16088 watch.go:40] Failed to load config from \"c:\\\\Users\\\\xbfmp\\\\OneDrive\\\\Apps\\\\HDR_Gallery\\\\dataconnect\": could not find dataconnect.yaml in `c:\\Users\\xbfmp\\OneDrive\\Apps\\HDR_Gallery\\dataconnect`\n"}}
[debug] [2026-07-17T22:18:26.052Z] E0718 00:18:26.052896   16088 watch.go:40] Failed to load config from "c:\\Users\\xbfmp\\OneDrive\\Apps\\HDR_Gallery\\dataconnect": could not find dataconnect.yaml in `c:\Users\xbfmp\OneDrive\Apps\HDR_Gallery\dataconnect`
 {"metadata":{"emulator":{"name":"dataconnect"},"message":"E0718 00:18:26.052896   16088 watch.go:40] Failed to load config from \"c:\\\\Users\\\\xbfmp\\\\OneDrive\\\\Apps\\\\HDR_Gallery\\\\dataconnect\": could not find dataconnect.yaml in `c:\\Users\\xbfmp\\OneDrive\\Apps\\HDR_Gallery\\dataconnect`\n"}}
[debug] [2026-07-17T22:18:36.052Z] E0718 00:18:36.052736   16088 watch.go:116] watchAllDir unable to walk dir `c:\Users\xbfmp\OneDrive\Apps\HDR_Gallery\dataconnect`: GetFileAttributesEx c:\Users\xbfmp\OneDrive\Apps\HDR_Gallery\dataconnect: El sistema no puede encontrar el archivo especificado.
 {"metadata":{"emulator":{"name":"dataconnect"},"message":"E0718 00:18:36.052736   16088 watch.go:116] watchAllDir unable to walk dir `c:\\Users\\xbfmp\\OneDrive\\Apps\\HDR_Gallery\\dataconnect`: GetFileAttributesEx c:\\Users\\xbfmp\\OneDrive\\Apps\\HDR_Gallery\\dataconnect: El sistema no puede encontrar el archivo especificado.\n"}}
[debug] [2026-07-17T22:18:36.053Z] E0718 00:18:36.052736   16088 watch.go:40] Failed to load config from "c:\\Users\\xbfmp\\OneDrive\\Apps\\HDR_Gallery\\dataconnect": could not find dataconnect.yaml in `c:\Users\xbfmp\OneDrive\Apps\HDR_Gallery\dataconnect`
 {"metadata":{"emulator":{"name":"dataconnect"},"message":"E0718 00:18:36.052736   16088 watch.go:40] Failed to load config from \"c:\\\\Users\\\\xbfmp\\\\OneDrive\\\\Apps\\\\HDR_Gallery\\\\dataconnect\": could not find dataconnect.yaml in `c:\\Users\\xbfmp\\OneDrive\\Apps\\HDR_Gallery\\dataconnect`\n"}}
[debug] [2026-07-17T22:18:46.053Z] E0718 00:18:46.052934   16088 watch.go:40] Failed to load config from "c:\\Users\\xbfmp\\OneDrive\\Apps\\HDR_Gallery\\dataconnect": could not find dataconnect.yaml in `c:\Users\xbfmp\OneDrive\Apps\HDR_Gallery\dataconnect`
 {"metadata":{"emulator":{"name":"dataconnect"},"message":"E0718 00:18:46.052934   16088 watch.go:40] Failed to load config from \"c:\\\\Users\\\\xbfmp\\\\OneDrive\\\\Apps\\\\HDR_Gallery\\\\dataconnect\": could not find dataconnect.yaml in `c:\\Users\\xbfmp\\OneDrive\\Apps\\HDR_Gallery\\dataconnect`\n"}}
[debug] [2026-07-17T22:18:56.052Z] E0718 00:18:56.052720   16088 watch.go:40] Failed to load config from "c:\\Users\\xbfmp\\OneDrive\\Apps\\HDR_Gallery\\dataconnect": could not find dataconnect.yaml in `c:\Users\xbfmp\OneDrive\Apps\HDR_Gallery\dataconnect`
 {"metadata":{"emulator":{"name":"dataconnect"},"message":"E0718 00:18:56.052720   16088 watch.go:40] Failed to load config from \"c:\\\\Users\\\\xbfmp\\\\OneDrive\\\\Apps\\\\HDR_Gallery\\\\dataconnect\": could not find dataconnect.yaml in `c:\\Users\\xbfmp\\OneDrive\\Apps\\HDR_Gallery\\dataconnect`\n"}}
[debug] [2026-07-17T22:19:06.052Z] E0718 00:19:06.052478   16088 watch.go:40] Failed to load config from "c:\\Users\\xbfmp\\OneDrive\\Apps\\HDR_Gallery\\dataconnect": could not find dataconnect.yaml in `c:\Users\xbfmp\OneDrive\Apps\HDR_Gallery\dataconnect`
 {"metadata":{"emulator":{"name":"dataconnect"},"message":"E0718 00:19:06.052478   16088 watch.go:40] Failed to load config from \"c:\\\\Users\\\\xbfmp\\\\OneDrive\\\\Apps\\\\HDR_Gallery\\\\dataconnect\": could not find dataconnect.yaml in `c:\\Users\\xbfmp\\OneDrive\\Apps\\HDR_Gallery\\dataconnect`\n"}}
[debug] [2026-07-17T22:19:16.052Z] E0718 00:19:16.052481   16088 watch.go:40] Failed to load config from "c:\\Users\\xbfmp\\OneDrive\\Apps\\HDR_Gallery\\dataconnect": could not find dataconnect.yaml in `c:\Users\xbfmp\OneDrive\Apps\HDR_Gallery\dataconnect`
 {"metadata":{"emulator":{"name":"dataconnect"},"message":"E0718 00:19:16.052481   16088 watch.go:40] Failed to load config from \"c:\\\\Users\\\\xbfmp\\\\OneDrive\\\\Apps\\\\HDR_Gallery\\\\dataconnect\": could not find dataconnect.yaml in `c:\\Users\\xbfmp\\OneDrive\\Apps\\HDR_Gallery\\dataconnect`\n"}}
[debug] [2026-07-17T22:19:26.053Z] E0718 00:19:26.052966   16088 watch.go:40] Failed to load config from "c:\\Users\\xbfmp\\OneDrive\\Apps\\HDR_Gallery\\dataconnect": could not find dataconnect.yaml in `c:\Users\xbfmp\OneDrive\Apps\HDR_Gallery\dataconnect`
 {"metadata":{"emulator":{"name":"dataconnect"},"message":"E0718 00:19:26.052966   16088 watch.go:40] Failed to load config from \"c:\\\\Users\\\\xbfmp\\\\OneDrive\\\\Apps\\\\HDR_Gallery\\\\dataconnect\": could not find dataconnect.yaml in `c:\\Users\\xbfmp\\OneDrive\\Apps\\HDR_Gallery\\dataconnect`\n"}}
[debug] [2026-07-17T22:19:36.053Z] E0718 00:19:36.052869   16088 watch.go:116] watchAllDir unable to walk dir `c:\Users\xbfmp\OneDrive\Apps\HDR_Gallery\dataconnect`: GetFileAttributesEx c:\Users\xbfmp\OneDrive\Apps\HDR_Gallery\dataconnect: El sistema no puede encontrar el archivo especificado.
 {"metadata":{"emulator":{"name":"dataconnect"},"message":"E0718 00:19:36.052869   16088 watch.go:116] watchAllDir unable to walk dir `c:\\Users\\xbfmp\\OneDrive\\Apps\\HDR_Gallery\\dataconnect`: GetFileAttributesEx c:\\Users\\xbfmp\\OneDrive\\Apps\\HDR_Gallery\\dataconnect: El sistema no puede encontrar el archivo especificado.\n"}}
[debug] [2026-07-17T22:19:36.053Z] E0718 00:19:36.052869   16088 watch.go:40] Failed to load config from "c:\\Users\\xbfmp\\OneDrive\\Apps\\HDR_Gallery\\dataconnect": could not find dataconnect.yaml in `c:\Users\xbfmp\OneDrive\Apps\HDR_Gallery\dataconnect`
 {"metadata":{"emulator":{"name":"dataconnect"},"message":"E0718 00:19:36.052869   16088 watch.go:40] Failed to load config from \"c:\\\\Users\\\\xbfmp\\\\OneDrive\\\\Apps\\\\HDR_Gallery\\\\dataconnect\": could not find dataconnect.yaml in `c:\\Users\\xbfmp\\OneDrive\\Apps\\HDR_Gallery\\dataconnect`\n"}}
[debug] [2026-07-17T22:19:46.052Z] E0718 00:19:46.052793   16088 watch.go:40] Failed to load config from "c:\\Users\\xbfmp\\OneDrive\\Apps\\HDR_Gallery\\dataconnect": could not find dataconnect.yaml in `c:\Users\xbfmp\OneDrive\Apps\HDR_Gallery\dataconnect`
 {"metadata":{"emulator":{"name":"dataconnect"},"message":"E0718 00:19:46.052793   16088 watch.go:40] Failed to load config from \"c:\\\\Users\\\\xbfmp\\\\OneDrive\\\\Apps\\\\HDR_Gallery\\\\dataconnect\": could not find dataconnect.yaml in `c:\\Users\\xbfmp\\OneDrive\\Apps\\HDR_Gallery\\dataconnect`\n"}}
[debug] [2026-07-17T22:19:56.052Z] E0718 00:19:56.052700   16088 watch.go:40] Failed to load config from "c:\\Users\\xbfmp\\OneDrive\\Apps\\HDR_Gallery\\dataconnect": could not find dataconnect.yaml in `c:\Users\xbfmp\OneDrive\Apps\HDR_Gallery\dataconnect`
 {"metadata":{"emulator":{"name":"dataconnect"},"message":"E0718 00:19:56.052700   16088 watch.go:40] Failed to load config from \"c:\\\\Users\\\\xbfmp\\\\OneDrive\\\\Apps\\\\HDR_Gallery\\\\dataconnect\": could not find dataconnect.yaml in `c:\\Users\\xbfmp\\OneDrive\\Apps\\HDR_Gallery\\dataconnect`\n"}}
[debug] [2026-07-17T22:20:06.052Z] E0718 00:20:06.052673   16088 watch.go:40] Failed to load config from "c:\\Users\\xbfmp\\OneDrive\\Apps\\HDR_Gallery\\dataconnect": could not find dataconnect.yaml in `c:\Users\xbfmp\OneDrive\Apps\HDR_Gallery\dataconnect`
 {"metadata":{"emulator":{"name":"dataconnect"},"message":"E0718 00:20:06.052673   16088 watch.go:40] Failed to load config from \"c:\\\\Users\\\\xbfmp\\\\OneDrive\\\\Apps\\\\HDR_Gallery\\\\dataconnect\": could not find dataconnect.yaml in `c:\\Users\\xbfmp\\OneDrive\\Apps\\HDR_Gallery\\dataconnect`\n"}}
[debug] [2026-07-17T22:20:16.053Z] E0718 00:20:16.052463   16088 watch.go:40] Failed to load config from "c:\\Users\\xbfmp\\OneDrive\\Apps\\HDR_Gallery\\dataconnect": could not find dataconnect.yaml in `c:\Users\xbfmp\OneDrive\Apps\HDR_Gallery\dataconnect`
 {"metadata":{"emulator":{"name":"dataconnect"},"message":"E0718 00:20:16.052463   16088 watch.go:40] Failed to load config from \"c:\\\\Users\\\\xbfmp\\\\OneDrive\\\\Apps\\\\HDR_Gallery\\\\dataconnect\": could not find dataconnect.yaml in `c:\\Users\\xbfmp\\OneDrive\\Apps\\HDR_Gallery\\dataconnect`\n"}}
[debug] [2026-07-17T22:20:26.053Z] E0718 00:20:26.053152   16088 watch.go:40] Failed to load config from "c:\\Users\\xbfmp\\OneDrive\\Apps\\HDR_Gallery\\dataconnect": could not find dataconnect.yaml in `c:\Users\xbfmp\OneDrive\Apps\HDR_Gallery\dataconnect`
 {"metadata":{"emulator":{"name":"dataconnect"},"message":"E0718 00:20:26.053152   16088 watch.go:40] Failed to load config from \"c:\\\\Users\\\\xbfmp\\\\OneDrive\\\\Apps\\\\HDR_Gallery\\\\dataconnect\": could not find dataconnect.yaml in `c:\\Users\\xbfmp\\OneDrive\\Apps\\HDR_Gallery\\dataconnect`\n"}}
[debug] [2026-07-17T22:20:36.052Z] E0718 00:20:36.052730   16088 watch.go:116] watchAllDir unable to walk dir `c:\Users\xbfmp\OneDrive\Apps\HDR_Gallery\dataconnect`: GetFileAttributesEx c:\Users\xbfmp\OneDrive\Apps\HDR_Gallery\dataconnect: El sistema no puede encontrar el archivo especificado.
 {"metadata":{"emulator":{"name":"dataconnect"},"message":"E0718 00:20:36.052730   16088 watch.go:116] watchAllDir unable to walk dir `c:\\Users\\xbfmp\\OneDrive\\Apps\\HDR_Gallery\\dataconnect`: GetFileAttributesEx c:\\Users\\xbfmp\\OneDrive\\Apps\\HDR_Gallery\\dataconnect: El sistema no puede encontrar el archivo especificado.\n"}}
[debug] [2026-07-17T22:20:36.053Z] E0718 00:20:36.052730   16088 watch.go:40] Failed to load config from "c:\\Users\\xbfmp\\OneDrive\\Apps\\HDR_Gallery\\dataconnect": could not find dataconnect.yaml in `c:\Users\xbfmp\OneDrive\Apps\HDR_Gallery\dataconnect`
 {"metadata":{"emulator":{"name":"dataconnect"},"message":"E0718 00:20:36.052730   16088 watch.go:40] Failed to load config from \"c:\\\\Users\\\\xbfmp\\\\OneDrive\\\\Apps\\\\HDR_Gallery\\\\dataconnect\": could not find dataconnect.yaml in `c:\\Users\\xbfmp\\OneDrive\\Apps\\HDR_Gallery\\dataconnect`\n"}}
[debug] [2026-07-17T22:20:46.052Z] E0718 00:20:46.053069   16088 watch.go:40] Failed to load config from "c:\\Users\\xbfmp\\OneDrive\\Apps\\HDR_Gallery\\dataconnect": could not find dataconnect.yaml in `c:\Users\xbfmp\OneDrive\Apps\HDR_Gallery\dataconnect`
 {"metadata":{"emulator":{"name":"dataconnect"},"message":"E0718 00:20:46.053069   16088 watch.go:40] Failed to load config from \"c:\\\\Users\\\\xbfmp\\\\OneDrive\\\\Apps\\\\HDR_Gallery\\\\dataconnect\": could not find dataconnect.yaml in `c:\\Users\\xbfmp\\OneDrive\\Apps\\HDR_Gallery\\dataconnect`\n"}}
[debug] [2026-07-17T22:20:56.052Z] E0718 00:20:56.052852   16088 watch.go:40] Failed to load config from "c:\\Users\\xbfmp\\OneDrive\\Apps\\HDR_Gallery\\dataconnect": could not find dataconnect.yaml in `c:\Users\xbfmp\OneDrive\Apps\HDR_Gallery\dataconnect`
 {"metadata":{"emulator":{"name":"dataconnect"},"message":"E0718 00:20:56.052852   16088 watch.go:40] Failed to load config from \"c:\\\\Users\\\\xbfmp\\\\OneDrive\\\\Apps\\\\HDR_Gallery\\\\dataconnect\": could not find dataconnect.yaml in `c:\\Users\\xbfmp\\OneDrive\\Apps\\HDR_Gallery\\dataconnect`\n"}}
[debug] [2026-07-17T22:21:06.052Z] E0718 00:21:06.052974   16088 watch.go:40] Failed to load config from "c:\\Users\\xbfmp\\OneDrive\\Apps\\HDR_Gallery\\dataconnect": could not find dataconnect.yaml in `c:\Users\xbfmp\OneDrive\Apps\HDR_Gallery\dataconnect`
 {"metadata":{"emulator":{"name":"dataconnect"},"message":"E0718 00:21:06.052974   16088 watch.go:40] Failed to load config from \"c:\\\\Users\\\\xbfmp\\\\OneDrive\\\\Apps\\\\HDR_Gallery\\\\dataconnect\": could not find dataconnect.yaml in `c:\\Users\\xbfmp\\OneDrive\\Apps\\HDR_Gallery\\dataconnect`\n"}}
[debug] [2026-07-17T22:21:16.052Z] E0718 00:21:16.052759   16088 watch.go:40] Failed to load config from "c:\\Users\\xbfmp\\OneDrive\\Apps\\HDR_Gallery\\dataconnect": could not find dataconnect.yaml in `c:\Users\xbfmp\OneDrive\Apps\HDR_Gallery\dataconnect`
 {"metadata":{"emulator":{"name":"dataconnect"},"message":"E0718 00:21:16.052759   16088 watch.go:40] Failed to load config from \"c:\\\\Users\\\\xbfmp\\\\OneDrive\\\\Apps\\\\HDR_Gallery\\\\dataconnect\": could not find dataconnect.yaml in `c:\\Users\\xbfmp\\OneDrive\\Apps\\HDR_Gallery\\dataconnect`\n"}}
[debug] [2026-07-17T22:21:26.052Z] E0718 00:21:26.053046   16088 watch.go:40] Failed to load config from "c:\\Users\\xbfmp\\OneDrive\\Apps\\HDR_Gallery\\dataconnect": could not find dataconnect.yaml in `c:\Users\xbfmp\OneDrive\Apps\HDR_Gallery\dataconnect`
 {"metadata":{"emulator":{"name":"dataconnect"},"message":"E0718 00:21:26.053046   16088 watch.go:40] Failed to load config from \"c:\\\\Users\\\\xbfmp\\\\OneDrive\\\\Apps\\\\HDR_Gallery\\\\dataconnect\": could not find dataconnect.yaml in `c:\\Users\\xbfmp\\OneDrive\\Apps\\HDR_Gallery\\dataconnect`\n"}}
[debug] [2026-07-17T22:21:36.052Z] E0718 00:21:36.052477   16088 watch.go:116] watchAllDir unable to walk dir `c:\Users\xbfmp\OneDrive\Apps\HDR_Gallery\dataconnect`: GetFileAttributesEx c:\Users\xbfmp\OneDrive\Apps\HDR_Gallery\dataconnect: El sistema no puede encontrar el archivo especificado.
 {"metadata":{"emulator":{"name":"dataconnect"},"message":"E0718 00:21:36.052477   16088 watch.go:116] watchAllDir unable to walk dir `c:\\Users\\xbfmp\\OneDrive\\Apps\\HDR_Gallery\\dataconnect`: GetFileAttributesEx c:\\Users\\xbfmp\\OneDrive\\Apps\\HDR_Gallery\\dataconnect: El sistema no puede encontrar el archivo especificado.\n"}}
[debug] [2026-07-17T22:21:36.052Z] E0718 00:21:36.052477   16088 watch.go:40] Failed to load config from "c:\\Users\\xbfmp\\OneDrive\\Apps\\HDR_Gallery\\dataconnect": could not find dataconnect.yaml in `c:\Users\xbfmp\OneDrive\Apps\HDR_Gallery\dataconnect`
 {"metadata":{"emulator":{"name":"dataconnect"},"message":"E0718 00:21:36.052477   16088 watch.go:40] Failed to load config from \"c:\\\\Users\\\\xbfmp\\\\OneDrive\\\\Apps\\\\HDR_Gallery\\\\dataconnect\": could not find dataconnect.yaml in `c:\\Users\\xbfmp\\OneDrive\\Apps\\HDR_Gallery\\dataconnect`\n"}}
[debug] [2026-07-17T22:21:46.053Z] E0718 00:21:46.052845   16088 watch.go:40] Failed to load config from "c:\\Users\\xbfmp\\OneDrive\\Apps\\HDR_Gallery\\dataconnect": could not find dataconnect.yaml in `c:\Users\xbfmp\OneDrive\Apps\HDR_Gallery\dataconnect`
 {"metadata":{"emulator":{"name":"dataconnect"},"message":"E0718 00:21:46.052845   16088 watch.go:40] Failed to load config from \"c:\\\\Users\\\\xbfmp\\\\OneDrive\\\\Apps\\\\HDR_Gallery\\\\dataconnect\": could not find dataconnect.yaml in `c:\\Users\\xbfmp\\OneDrive\\Apps\\HDR_Gallery\\dataconnect`\n"}}
[debug] [2026-07-17T22:21:56.052Z] E0718 00:21:56.052652   16088 watch.go:40] Failed to load config from "c:\\Users\\xbfmp\\OneDrive\\Apps\\HDR_Gallery\\dataconnect": could not find dataconnect.yaml in `c:\Users\xbfmp\OneDrive\Apps\HDR_Gallery\dataconnect`
 {"metadata":{"emulator":{"name":"dataconnect"},"message":"E0718 00:21:56.052652   16088 watch.go:40] Failed to load config from \"c:\\\\Users\\\\xbfmp\\\\OneDrive\\\\Apps\\\\HDR_Gallery\\\\dataconnect\": could not find dataconnect.yaml in `c:\\Users\\xbfmp\\OneDrive\\Apps\\HDR_Gallery\\dataconnect`\n"}}
[debug] [2026-07-17T22:22:06.052Z] E0718 00:22:06.052474   16088 watch.go:40] Failed to load config from "c:\\Users\\xbfmp\\OneDrive\\Apps\\HDR_Gallery\\dataconnect": could not find dataconnect.yaml in `c:\Users\xbfmp\OneDrive\Apps\HDR_Gallery\dataconnect`
 {"metadata":{"emulator":{"name":"dataconnect"},"message":"E0718 00:22:06.052474   16088 watch.go:40] Failed to load config from \"c:\\\\Users\\\\xbfmp\\\\OneDrive\\\\Apps\\\\HDR_Gallery\\\\dataconnect\": could not find dataconnect.yaml in `c:\\Users\\xbfmp\\OneDrive\\Apps\\HDR_Gallery\\dataconnect`\n"}}
[debug] [2026-07-17T22:22:16.053Z] E0718 00:22:16.052854   16088 watch.go:40] Failed to load config from "c:\\Users\\xbfmp\\OneDrive\\Apps\\HDR_Gallery\\dataconnect": could not find dataconnect.yaml in `c:\Users\xbfmp\OneDrive\Apps\HDR_Gallery\dataconnect`
 {"metadata":{"emulator":{"name":"dataconnect"},"message":"E0718 00:22:16.052854   16088 watch.go:40] Failed to load config from \"c:\\\\Users\\\\xbfmp\\\\OneDrive\\\\Apps\\\\HDR_Gallery\\\\dataconnect\": could not find dataconnect.yaml in `c:\\Users\\xbfmp\\OneDrive\\Apps\\HDR_Gallery\\dataconnect`\n"}}
[debug] [2026-07-17T22:22:26.053Z] E0718 00:22:26.052963   16088 watch.go:40] Failed to load config from "c:\\Users\\xbfmp\\OneDrive\\Apps\\HDR_Gallery\\dataconnect": could not find dataconnect.yaml in `c:\Users\xbfmp\OneDrive\Apps\HDR_Gallery\dataconnect`
 {"metadata":{"emulator":{"name":"dataconnect"},"message":"E0718 00:22:26.052963   16088 watch.go:40] Failed to load config from \"c:\\\\Users\\\\xbfmp\\\\OneDrive\\\\Apps\\\\HDR_Gallery\\\\dataconnect\": could not find dataconnect.yaml in `c:\\Users\\xbfmp\\OneDrive\\Apps\\HDR_Gallery\\dataconnect`\n"}}
[debug] [2026-07-17T22:22:36.052Z] E0718 00:22:36.052900   16088 watch.go:116] watchAllDir unable to walk dir `c:\Users\xbfmp\OneDrive\Apps\HDR_Gallery\dataconnect`: GetFileAttributesEx c:\Users\xbfmp\OneDrive\Apps\HDR_Gallery\dataconnect: El sistema no puede encontrar el archivo especificado.
 {"metadata":{"emulator":{"name":"dataconnect"},"message":"E0718 00:22:36.052900   16088 watch.go:116] watchAllDir unable to walk dir `c:\\Users\\xbfmp\\OneDrive\\Apps\\HDR_Gallery\\dataconnect`: GetFileAttributesEx c:\\Users\\xbfmp\\OneDrive\\Apps\\HDR_Gallery\\dataconnect: El sistema no puede encontrar el archivo especificado.\n"}}
[debug] [2026-07-17T22:22:36.053Z] E0718 00:22:36.052900   16088 watch.go:40] Failed to load config from "c:\\Users\\xbfmp\\OneDrive\\Apps\\HDR_Gallery\\dataconnect": could not find dataconnect.yaml in `c:\Users\xbfmp\OneDrive\Apps\HDR_Gallery\dataconnect`
 {"metadata":{"emulator":{"name":"dataconnect"},"message":"E0718 00:22:36.052900   16088 watch.go:40] Failed to load config from \"c:\\\\Users\\\\xbfmp\\\\OneDrive\\\\Apps\\\\HDR_Gallery\\\\dataconnect\": could not find dataconnect.yaml in `c:\\Users\\xbfmp\\OneDrive\\Apps\\HDR_Gallery\\dataconnect`\n"}}
[debug] [2026-07-17T22:22:46.053Z] E0718 00:22:46.052982   16088 watch.go:40] Failed to load config from "c:\\Users\\xbfmp\\OneDrive\\Apps\\HDR_Gallery\\dataconnect": could not find dataconnect.yaml in `c:\Users\xbfmp\OneDrive\Apps\HDR_Gallery\dataconnect`
 {"metadata":{"emulator":{"name":"dataconnect"},"message":"E0718 00:22:46.052982   16088 watch.go:40] Failed to load config from \"c:\\\\Users\\\\xbfmp\\\\OneDrive\\\\Apps\\\\HDR_Gallery\\\\dataconnect\": could not find dataconnect.yaml in `c:\\Users\\xbfmp\\OneDrive\\Apps\\HDR_Gallery\\dataconnect`\n"}}
[debug] [2026-07-17T22:22:56.053Z] E0718 00:22:56.053065   16088 watch.go:40] Failed to load config from "c:\\Users\\xbfmp\\OneDrive\\Apps\\HDR_Gallery\\dataconnect": could not find dataconnect.yaml in `c:\Users\xbfmp\OneDrive\Apps\HDR_Gallery\dataconnect`
 {"metadata":{"emulator":{"name":"dataconnect"},"message":"E0718 00:22:56.053065   16088 watch.go:40] Failed to load config from \"c:\\\\Users\\\\xbfmp\\\\OneDrive\\\\Apps\\\\HDR_Gallery\\\\dataconnect\": could not find dataconnect.yaml in `c:\\Users\\xbfmp\\OneDrive\\Apps\\HDR_Gallery\\dataconnect`\n"}}
[debug] [2026-07-17T22:23:06.052Z] E0718 00:23:06.052720   16088 watch.go:40] Failed to load config from "c:\\Users\\xbfmp\\OneDrive\\Apps\\HDR_Gallery\\dataconnect": could not find dataconnect.yaml in `c:\Users\xbfmp\OneDrive\Apps\HDR_Gallery\dataconnect`
 {"metadata":{"emulator":{"name":"dataconnect"},"message":"E0718 00:23:06.052720   16088 watch.go:40] Failed to load config from \"c:\\\\Users\\\\xbfmp\\\\OneDrive\\\\Apps\\\\HDR_Gallery\\\\dataconnect\": could not find dataconnect.yaml in `c:\\Users\\xbfmp\\OneDrive\\Apps\\HDR_Gallery\\dataconnect`\n"}}
[debug] [2026-07-17T22:23:16.052Z] E0718 00:23:16.052476   16088 watch.go:40] Failed to load config from "c:\\Users\\xbfmp\\OneDrive\\Apps\\HDR_Gallery\\dataconnect": could not find dataconnect.yaml in `c:\Users\xbfmp\OneDrive\Apps\HDR_Gallery\dataconnect`
 {"metadata":{"emulator":{"name":"dataconnect"},"message":"E0718 00:23:16.052476   16088 watch.go:40] Failed to load config from \"c:\\\\Users\\\\xbfmp\\\\OneDrive\\\\Apps\\\\HDR_Gallery\\\\dataconnect\": could not find dataconnect.yaml in `c:\\Users\\xbfmp\\OneDrive\\Apps\\HDR_Gallery\\dataconnect`\n"}}
[debug] [2026-07-17T22:23:26.052Z] E0718 00:23:26.052611   16088 watch.go:40] Failed to load config from "c:\\Users\\xbfmp\\OneDrive\\Apps\\HDR_Gallery\\dataconnect": could not find dataconnect.yaml in `c:\Users\xbfmp\OneDrive\Apps\HDR_Gallery\dataconnect`
 {"metadata":{"emulator":{"name":"dataconnect"},"message":"E0718 00:23:26.052611   16088 watch.go:40] Failed to load config from \"c:\\\\Users\\\\xbfmp\\\\OneDrive\\\\Apps\\\\HDR_Gallery\\\\dataconnect\": could not find dataconnect.yaml in `c:\\Users\\xbfmp\\OneDrive\\Apps\\HDR_Gallery\\dataconnect`\n"}}
[debug] [2026-07-17T22:23:36.052Z] E0718 00:23:36.052550   16088 watch.go:116] watchAllDir unable to walk dir `c:\Users\xbfmp\OneDrive\Apps\HDR_Gallery\dataconnect`: GetFileAttributesEx c:\Users\xbfmp\OneDrive\Apps\HDR_Gallery\dataconnect: El sistema no puede encontrar el archivo especificado.
 {"metadata":{"emulator":{"name":"dataconnect"},"message":"E0718 00:23:36.052550   16088 watch.go:116] watchAllDir unable to walk dir `c:\\Users\\xbfmp\\OneDrive\\Apps\\HDR_Gallery\\dataconnect`: GetFileAttributesEx c:\\Users\\xbfmp\\OneDrive\\Apps\\HDR_Gallery\\dataconnect: El sistema no puede encontrar el archivo especificado.\n"}}
[debug] [2026-07-17T22:23:36.053Z] E0718 00:23:36.052550   16088 watch.go:40] Failed to load config from "c:\\Users\\xbfmp\\OneDrive\\Apps\\HDR_Gallery\\dataconnect": could not find dataconnect.yaml in `c:\Users\xbfmp\OneDrive\Apps\HDR_Gallery\dataconnect`
 {"metadata":{"emulator":{"name":"dataconnect"},"message":"E0718 00:23:36.052550   16088 watch.go:40] Failed to load config from \"c:\\\\Users\\\\xbfmp\\\\OneDrive\\\\Apps\\\\HDR_Gallery\\\\dataconnect\": could not find dataconnect.yaml in `c:\\Users\\xbfmp\\OneDrive\\Apps\\HDR_Gallery\\dataconnect`\n"}}
[debug] [2026-07-17T22:23:46.053Z] E0718 00:23:46.052807   16088 watch.go:40] Failed to load config from "c:\\Users\\xbfmp\\OneDrive\\Apps\\HDR_Gallery\\dataconnect": could not find dataconnect.yaml in `c:\Users\xbfmp\OneDrive\Apps\HDR_Gallery\dataconnect`
 {"metadata":{"emulator":{"name":"dataconnect"},"message":"E0718 00:23:46.052807   16088 watch.go:40] Failed to load config from \"c:\\\\Users\\\\xbfmp\\\\OneDrive\\\\Apps\\\\HDR_Gallery\\\\dataconnect\": could not find dataconnect.yaml in `c:\\Users\\xbfmp\\OneDrive\\Apps\\HDR_Gallery\\dataconnect`\n"}}
[debug] [2026-07-17T22:23:56.052Z] E0718 00:23:56.052479   16088 watch.go:40] Failed to load config from "c:\\Users\\xbfmp\\OneDrive\\Apps\\HDR_Gallery\\dataconnect": could not find dataconnect.yaml in `c:\Users\xbfmp\OneDrive\Apps\HDR_Gallery\dataconnect`
 {"metadata":{"emulator":{"name":"dataconnect"},"message":"E0718 00:23:56.052479   16088 watch.go:40] Failed to load config from \"c:\\\\Users\\\\xbfmp\\\\OneDrive\\\\Apps\\\\HDR_Gallery\\\\dataconnect\": could not find dataconnect.yaml in `c:\\Users\\xbfmp\\OneDrive\\Apps\\HDR_Gallery\\dataconnect`\n"}}
[debug] [2026-07-17T22:24:06.052Z] E0718 00:24:06.052497   16088 watch.go:40] Failed to load config from "c:\\Users\\xbfmp\\OneDrive\\Apps\\HDR_Gallery\\dataconnect": could not find dataconnect.yaml in `c:\Users\xbfmp\OneDrive\Apps\HDR_Gallery\dataconnect`
 {"metadata":{"emulator":{"name":"dataconnect"},"message":"E0718 00:24:06.052497   16088 watch.go:40] Failed to load config from \"c:\\\\Users\\\\xbfmp\\\\OneDrive\\\\Apps\\\\HDR_Gallery\\\\dataconnect\": could not find dataconnect.yaml in `c:\\Users\\xbfmp\\OneDrive\\Apps\\HDR_Gallery\\dataconnect`\n"}}
[debug] [2026-07-17T22:24:16.052Z] E0718 00:24:16.052735   16088 watch.go:40] Failed to load config from "c:\\Users\\xbfmp\\OneDrive\\Apps\\HDR_Gallery\\dataconnect": could not find dataconnect.yaml in `c:\Users\xbfmp\OneDrive\Apps\HDR_Gallery\dataconnect`
 {"metadata":{"emulator":{"name":"dataconnect"},"message":"E0718 00:24:16.052735   16088 watch.go:40] Failed to load config from \"c:\\\\Users\\\\xbfmp\\\\OneDrive\\\\Apps\\\\HDR_Gallery\\\\dataconnect\": could not find dataconnect.yaml in `c:\\Users\\xbfmp\\OneDrive\\Apps\\HDR_Gallery\\dataconnect`\n"}}
[debug] [2026-07-17T22:24:26.052Z] E0718 00:24:26.052607   16088 watch.go:40] Failed to load config from "c:\\Users\\xbfmp\\OneDrive\\Apps\\HDR_Gallery\\dataconnect": could not find dataconnect.yaml in `c:\Users\xbfmp\OneDrive\Apps\HDR_Gallery\dataconnect`
 {"metadata":{"emulator":{"name":"dataconnect"},"message":"E0718 00:24:26.052607   16088 watch.go:40] Failed to load config from \"c:\\\\Users\\\\xbfmp\\\\OneDrive\\\\Apps\\\\HDR_Gallery\\\\dataconnect\": could not find dataconnect.yaml in `c:\\Users\\xbfmp\\OneDrive\\Apps\\HDR_Gallery\\dataconnect`\n"}}
[info] [Firebase Plugin] Stopping SQL Connect toolkit
[debug] [2026-07-18T01:15:45.150Z] [Firebase Plugin] Activating Firebase extension.
[debug] [2026-07-18T01:15:45.990Z] [Firebase Plugin] requireAuthWrapper
[debug] [2026-07-18T01:15:45.991Z] > command requires scopes: ["email","openid","https://www.googleapis.com/auth/cloudplatformprojects.readonly","https://www.googleapis.com/auth/firebase","https://www.googleapis.com/auth/cloud-platform"]
[debug] [2026-07-18T01:15:46.024Z] [Firebase Plugin] VSCode notification server listening on port 40001
[error] [Firebase Plugin] requireAuth error: Could not load the default credentials. Browse to https://cloud.google.com/docs/authentication/getting-started for more information.
[info] [Firebase Plugin] Starting SQL Connect toolkit (version 3.4.16) on port 50001
[debug] [2026-07-18T01:15:46.358Z] 'fdc build' failed with error: Unable to build your SQL Connect schema and connectors (exit code 1): E0718 03:15:46.319901   21744 cmd.go:43] Error loading data connect config: could not find dataconnect.yaml in `c:\Users\xbfmp\OneDrive\Apps\HDR_Gallery\dataconnect`
 {"metadata":{"emulator":{"name":"dataconnect"},"message":"'fdc build' failed with error: Unable to build your SQL Connect schema and connectors (exit code 1): E0718 03:15:46.319901   21744 cmd.go:43] Error loading data connect config: could not find dataconnect.yaml in `c:\\Users\\xbfmp\\OneDrive\\Apps\\HDR_Gallery\\dataconnect`\n"}}
[debug] [2026-07-18T01:15:46.358Z] Ignoring unsupported arg: auto_download {"metadata":{"emulator":{"name":"dataconnect"},"message":"Ignoring unsupported arg: auto_download"}}
[debug] [2026-07-18T01:15:46.359Z] Ignoring unsupported arg: port {"metadata":{"emulator":{"name":"dataconnect"},"message":"Ignoring unsupported arg: port"}}
[debug] [2026-07-18T01:15:46.359Z] Starting SQL Connect Emulator with command {"binary":"C:\\Users\\xbfmp\\.cache\\firebase\\emulators\\dataconnect-emulator-3.4.16.exe","args":["--logtostderr","-v=2","dev","--listen=localhost:50001","--config_dir=c:\\Users\\xbfmp\\OneDrive\\Apps\\HDR_Gallery\\dataconnect","--enable_output_schema_extensions=true","--enable_output_generated_sdk=true"],"optionalArgs":["listen","config_dir","enable_output_schema_extensions","enable_output_generated_sdk"],"joinArgs":true,"shell":false,"port":9399} {"metadata":{"emulator":{"name":"dataconnect"},"message":"Starting SQL Connect Emulator with command {\"binary\":\"C:\\\\Users\\\\xbfmp\\\\.cache\\\\firebase\\\\emulators\\\\dataconnect-emulator-3.4.16.exe\",\"args\":[\"--logtostderr\",\"-v=2\",\"dev\",\"--listen=localhost:50001\",\"--config_dir=c:\\\\Users\\\\xbfmp\\\\OneDrive\\\\Apps\\\\HDR_Gallery\\\\dataconnect\",\"--enable_output_schema_extensions=true\",\"--enable_output_generated_sdk=true\"],\"optionalArgs\":[\"listen\",\"config_dir\",\"enable_output_schema_extensions\",\"enable_output_generated_sdk\"],\"joinArgs\":true,\"shell\":false,\"port\":9399}"}}
[info] i  dataconnect: SQL Connect Emulator logging to dataconnect-debug.log {"metadata":{"emulator":{"name":"dataconnect"},"message":"SQL Connect Emulator logging to \u001b[1mdataconnect-debug.log\u001b[22m"}}
[debug] [2026-07-18T01:15:46.602Z] E0718 03:15:46.390796   21724 dev.go:80] Failed to load initial config from "c:\\Users\\xbfmp\\OneDrive\\Apps\\HDR_Gallery\\dataconnect": could not find dataconnect.yaml in `c:\Users\xbfmp\OneDrive\Apps\HDR_Gallery\dataconnect`
E0718 03:15:46.440973   21724 watch.go:116] watchAllDir unable to walk dir `c:\Users\xbfmp\OneDrive\Apps\HDR_Gallery\dataconnect`: GetFileAttributesEx c:\Users\xbfmp\OneDrive\Apps\HDR_Gallery\dataconnect: El sistema no puede encontrar el archivo especificado.
I0718 03:15:46.452189   21724 dev.go:101] Listening on address (HTTP + gRPC): 127.0.0.1:50001
 {"metadata":{"emulator":{"name":"dataconnect"},"message":"E0718 03:15:46.390796   21724 dev.go:80] Failed to load initial config from \"c:\\\\Users\\\\xbfmp\\\\OneDrive\\\\Apps\\\\HDR_Gallery\\\\dataconnect\": could not find dataconnect.yaml in `c:\\Users\\xbfmp\\OneDrive\\Apps\\HDR_Gallery\\dataconnect`\nE0718 03:15:46.440973   21724 watch.go:116] watchAllDir unable to walk dir `c:\\Users\\xbfmp\\OneDrive\\Apps\\HDR_Gallery\\dataconnect`: GetFileAttributesEx c:\\Users\\xbfmp\\OneDrive\\Apps\\HDR_Gallery\\dataconnect: El sistema no puede encontrar el archivo especificado.\nI0718 03:15:46.452189   21724 dev.go:101] Listening on address (HTTP + gRPC): 127.0.0.1:50001\n"}}
[error] [Firebase Plugin] error:  {}
[debug] [2026-07-18T01:15:56.442Z] E0718 03:15:56.442563   21724 watch.go:40] Failed to load config from "c:\\Users\\xbfmp\\OneDrive\\Apps\\HDR_Gallery\\dataconnect": could not find dataconnect.yaml in `c:\Users\xbfmp\OneDrive\Apps\HDR_Gallery\dataconnect`
 {"metadata":{"emulator":{"name":"dataconnect"},"message":"E0718 03:15:56.442563   21724 watch.go:40] Failed to load config from \"c:\\\\Users\\\\xbfmp\\\\OneDrive\\\\Apps\\\\HDR_Gallery\\\\dataconnect\": could not find dataconnect.yaml in `c:\\Users\\xbfmp\\OneDrive\\Apps\\HDR_Gallery\\dataconnect`\n"}}
[debug] [2026-07-18T01:16:06.442Z] E0718 03:16:06.442508   21724 watch.go:40] Failed to load config from "c:\\Users\\xbfmp\\OneDrive\\Apps\\HDR_Gallery\\dataconnect": could not find dataconnect.yaml in `c:\Users\xbfmp\OneDrive\Apps\HDR_Gallery\dataconnect`
 {"metadata":{"emulator":{"name":"dataconnect"},"message":"E0718 03:16:06.442508   21724 watch.go:40] Failed to load config from \"c:\\\\Users\\\\xbfmp\\\\OneDrive\\\\Apps\\\\HDR_Gallery\\\\dataconnect\": could not find dataconnect.yaml in `c:\\Users\\xbfmp\\OneDrive\\Apps\\HDR_Gallery\\dataconnect`\n"}}
[debug] [2026-07-18T01:16:16.442Z] E0718 03:16:16.442121   21724 watch.go:40] Failed to load config from "c:\\Users\\xbfmp\\OneDrive\\Apps\\HDR_Gallery\\dataconnect": could not find dataconnect.yaml in `c:\Users\xbfmp\OneDrive\Apps\HDR_Gallery\dataconnect`
 {"metadata":{"emulator":{"name":"dataconnect"},"message":"E0718 03:16:16.442121   21724 watch.go:40] Failed to load config from \"c:\\\\Users\\\\xbfmp\\\\OneDrive\\\\Apps\\\\HDR_Gallery\\\\dataconnect\": could not find dataconnect.yaml in `c:\\Users\\xbfmp\\OneDrive\\Apps\\HDR_Gallery\\dataconnect`\n"}}
[debug] [2026-07-18T01:16:26.442Z] E0718 03:16:26.442422   21724 watch.go:40] Failed to load config from "c:\\Users\\xbfmp\\OneDrive\\Apps\\HDR_Gallery\\dataconnect": could not find dataconnect.yaml in `c:\Users\xbfmp\OneDrive\Apps\HDR_Gallery\dataconnect`
 {"metadata":{"emulator":{"name":"dataconnect"},"message":"E0718 03:16:26.442422   21724 watch.go:40] Failed to load config from \"c:\\\\Users\\\\xbfmp\\\\OneDrive\\\\Apps\\\\HDR_Gallery\\\\dataconnect\": could not find dataconnect.yaml in `c:\\Users\\xbfmp\\OneDrive\\Apps\\HDR_Gallery\\dataconnect`\n"}}
[debug] [2026-07-18T01:16:36.442Z] E0718 03:16:36.442355   21724 watch.go:40] Failed to load config from "c:\\Users\\xbfmp\\OneDrive\\Apps\\HDR_Gallery\\dataconnect": could not find dataconnect.yaml in `c:\Users\xbfmp\OneDrive\Apps\HDR_Gallery\dataconnect`
 {"metadata":{"emulator":{"name":"dataconnect"},"message":"E0718 03:16:36.442355   21724 watch.go:40] Failed to load config from \"c:\\\\Users\\\\xbfmp\\\\OneDrive\\\\Apps\\\\HDR_Gallery\\\\dataconnect\": could not find dataconnect.yaml in `c:\\Users\\xbfmp\\OneDrive\\Apps\\HDR_Gallery\\dataconnect`\n"}}
[debug] [2026-07-18T01:16:46.442Z] E0718 03:16:46.442541   21724 watch.go:116] watchAllDir unable to walk dir `c:\Users\xbfmp\OneDrive\Apps\HDR_Gallery\dataconnect`: GetFileAttributesEx c:\Users\xbfmp\OneDrive\Apps\HDR_Gallery\dataconnect: El sistema no puede encontrar el archivo especificado.
 {"metadata":{"emulator":{"name":"dataconnect"},"message":"E0718 03:16:46.442541   21724 watch.go:116] watchAllDir unable to walk dir `c:\\Users\\xbfmp\\OneDrive\\Apps\\HDR_Gallery\\dataconnect`: GetFileAttributesEx c:\\Users\\xbfmp\\OneDrive\\Apps\\HDR_Gallery\\dataconnect: El sistema no puede encontrar el archivo especificado.\n"}}
[debug] [2026-07-18T01:16:46.443Z] E0718 03:16:46.442541   21724 watch.go:40] Failed to load config from "c:\\Users\\xbfmp\\OneDrive\\Apps\\HDR_Gallery\\dataconnect": could not find dataconnect.yaml in `c:\Users\xbfmp\OneDrive\Apps\HDR_Gallery\dataconnect`
 {"metadata":{"emulator":{"name":"dataconnect"},"message":"E0718 03:16:46.442541   21724 watch.go:40] Failed to load config from \"c:\\\\Users\\\\xbfmp\\\\OneDrive\\\\Apps\\\\HDR_Gallery\\\\dataconnect\": could not find dataconnect.yaml in `c:\\Users\\xbfmp\\OneDrive\\Apps\\HDR_Gallery\\dataconnect`\n"}}
[debug] [2026-07-18T01:16:56.442Z] E0718 03:16:56.442115   21724 watch.go:40] Failed to load config from "c:\\Users\\xbfmp\\OneDrive\\Apps\\HDR_Gallery\\dataconnect": could not find dataconnect.yaml in `c:\Users\xbfmp\OneDrive\Apps\HDR_Gallery\dataconnect`
 {"metadata":{"emulator":{"name":"dataconnect"},"message":"E0718 03:16:56.442115   21724 watch.go:40] Failed to load config from \"c:\\\\Users\\\\xbfmp\\\\OneDrive\\\\Apps\\\\HDR_Gallery\\\\dataconnect\": could not find dataconnect.yaml in `c:\\Users\\xbfmp\\OneDrive\\Apps\\HDR_Gallery\\dataconnect`\n"}}
[debug] [2026-07-18T01:17:06.442Z] E0718 03:17:06.442401   21724 watch.go:40] Failed to load config from "c:\\Users\\xbfmp\\OneDrive\\Apps\\HDR_Gallery\\dataconnect": could not find dataconnect.yaml in `c:\Users\xbfmp\OneDrive\Apps\HDR_Gallery\dataconnect`
 {"metadata":{"emulator":{"name":"dataconnect"},"message":"E0718 03:17:06.442401   21724 watch.go:40] Failed to load config from \"c:\\\\Users\\\\xbfmp\\\\OneDrive\\\\Apps\\\\HDR_Gallery\\\\dataconnect\": could not find dataconnect.yaml in `c:\\Users\\xbfmp\\OneDrive\\Apps\\HDR_Gallery\\dataconnect`\n"}}
[debug] [2026-07-18T01:17:16.442Z] E0718 03:17:16.442215   21724 watch.go:40] Failed to load config from "c:\\Users\\xbfmp\\OneDrive\\Apps\\HDR_Gallery\\dataconnect": could not find dataconnect.yaml in `c:\Users\xbfmp\OneDrive\Apps\HDR_Gallery\dataconnect`
 {"metadata":{"emulator":{"name":"dataconnect"},"message":"E0718 03:17:16.442215   21724 watch.go:40] Failed to load config from \"c:\\\\Users\\\\xbfmp\\\\OneDrive\\\\Apps\\\\HDR_Gallery\\\\dataconnect\": could not find dataconnect.yaml in `c:\\Users\\xbfmp\\OneDrive\\Apps\\HDR_Gallery\\dataconnect`\n"}}
[debug] [2026-07-18T01:17:26.442Z] E0718 03:17:26.442634   21724 watch.go:40] Failed to load config from "c:\\Users\\xbfmp\\OneDrive\\Apps\\HDR_Gallery\\dataconnect": could not find dataconnect.yaml in `c:\Users\xbfmp\OneDrive\Apps\HDR_Gallery\dataconnect`
 {"metadata":{"emulator":{"name":"dataconnect"},"message":"E0718 03:17:26.442634   21724 watch.go:40] Failed to load config from \"c:\\\\Users\\\\xbfmp\\\\OneDrive\\\\Apps\\\\HDR_Gallery\\\\dataconnect\": could not find dataconnect.yaml in `c:\\Users\\xbfmp\\OneDrive\\Apps\\HDR_Gallery\\dataconnect`\n"}}
[debug] [2026-07-18T01:17:36.442Z] E0718 03:17:36.442430   21724 watch.go:40] Failed to load config from "c:\\Users\\xbfmp\\OneDrive\\Apps\\HDR_Gallery\\dataconnect": could not find dataconnect.yaml in `c:\Users\xbfmp\OneDrive\Apps\HDR_Gallery\dataconnect`
 {"metadata":{"emulator":{"name":"dataconnect"},"message":"E0718 03:17:36.442430   21724 watch.go:40] Failed to load config from \"c:\\\\Users\\\\xbfmp\\\\OneDrive\\\\Apps\\\\HDR_Gallery\\\\dataconnect\": could not find dataconnect.yaml in `c:\\Users\\xbfmp\\OneDrive\\Apps\\HDR_Gallery\\dataconnect`\n"}}
[debug] [2026-07-18T01:17:46.442Z] E0718 03:17:46.442046   21724 watch.go:116] watchAllDir unable to walk dir `c:\Users\xbfmp\OneDrive\Apps\HDR_Gallery\dataconnect`: GetFileAttributesEx c:\Users\xbfmp\OneDrive\Apps\HDR_Gallery\dataconnect: El sistema no puede encontrar el archivo especificado.
 {"metadata":{"emulator":{"name":"dataconnect"},"message":"E0718 03:17:46.442046   21724 watch.go:116] watchAllDir unable to walk dir `c:\\Users\\xbfmp\\OneDrive\\Apps\\HDR_Gallery\\dataconnect`: GetFileAttributesEx c:\\Users\\xbfmp\\OneDrive\\Apps\\HDR_Gallery\\dataconnect: El sistema no puede encontrar el archivo especificado.\n"}}
[debug] [2026-07-18T01:17:46.442Z] E0718 03:17:46.442046   21724 watch.go:40] Failed to load config from "c:\\Users\\xbfmp\\OneDrive\\Apps\\HDR_Gallery\\dataconnect": could not find dataconnect.yaml in `c:\Users\xbfmp\OneDrive\Apps\HDR_Gallery\dataconnect`
 {"metadata":{"emulator":{"name":"dataconnect"},"message":"E0718 03:17:46.442046   21724 watch.go:40] Failed to load config from \"c:\\\\Users\\\\xbfmp\\\\OneDrive\\\\Apps\\\\HDR_Gallery\\\\dataconnect\": could not find dataconnect.yaml in `c:\\Users\\xbfmp\\OneDrive\\Apps\\HDR_Gallery\\dataconnect`\n"}}
[debug] [2026-07-18T01:17:56.442Z] E0718 03:17:56.442164   21724 watch.go:40] Failed to load config from "c:\\Users\\xbfmp\\OneDrive\\Apps\\HDR_Gallery\\dataconnect": could not find dataconnect.yaml in `c:\Users\xbfmp\OneDrive\Apps\HDR_Gallery\dataconnect`
 {"metadata":{"emulator":{"name":"dataconnect"},"message":"E0718 03:17:56.442164   21724 watch.go:40] Failed to load config from \"c:\\\\Users\\\\xbfmp\\\\OneDrive\\\\Apps\\\\HDR_Gallery\\\\dataconnect\": could not find dataconnect.yaml in `c:\\Users\\xbfmp\\OneDrive\\Apps\\HDR_Gallery\\dataconnect`\n"}}
[debug] [2026-07-18T01:18:06.442Z] E0718 03:18:06.442413   21724 watch.go:40] Failed to load config from "c:\\Users\\xbfmp\\OneDrive\\Apps\\HDR_Gallery\\dataconnect": could not find dataconnect.yaml in `c:\Users\xbfmp\OneDrive\Apps\HDR_Gallery\dataconnect`
 {"metadata":{"emulator":{"name":"dataconnect"},"message":"E0718 03:18:06.442413   21724 watch.go:40] Failed to load config from \"c:\\\\Users\\\\xbfmp\\\\OneDrive\\\\Apps\\\\HDR_Gallery\\\\dataconnect\": could not find dataconnect.yaml in `c:\\Users\\xbfmp\\OneDrive\\Apps\\HDR_Gallery\\dataconnect`\n"}}
[debug] [2026-07-18T01:18:16.442Z] E0718 03:18:16.442348   21724 watch.go:40] Failed to load config from "c:\\Users\\xbfmp\\OneDrive\\Apps\\HDR_Gallery\\dataconnect": could not find dataconnect.yaml in `c:\Users\xbfmp\OneDrive\Apps\HDR_Gallery\dataconnect`
 {"metadata":{"emulator":{"name":"dataconnect"},"message":"E0718 03:18:16.442348   21724 watch.go:40] Failed to load config from \"c:\\\\Users\\\\xbfmp\\\\OneDrive\\\\Apps\\\\HDR_Gallery\\\\dataconnect\": could not find dataconnect.yaml in `c:\\Users\\xbfmp\\OneDrive\\Apps\\HDR_Gallery\\dataconnect`\n"}}
[debug] [2026-07-18T01:18:26.442Z] E0718 03:18:26.442278   21724 watch.go:40] Failed to load config from "c:\\Users\\xbfmp\\OneDrive\\Apps\\HDR_Gallery\\dataconnect": could not find dataconnect.yaml in `c:\Users\xbfmp\OneDrive\Apps\HDR_Gallery\dataconnect`
 {"metadata":{"emulator":{"name":"dataconnect"},"message":"E0718 03:18:26.442278   21724 watch.go:40] Failed to load config from \"c:\\\\Users\\\\xbfmp\\\\OneDrive\\\\Apps\\\\HDR_Gallery\\\\dataconnect\": could not find dataconnect.yaml in `c:\\Users\\xbfmp\\OneDrive\\Apps\\HDR_Gallery\\dataconnect`\n"}}
[debug] [2026-07-18T01:18:36.442Z] E0718 03:18:36.442409   21724 watch.go:40] Failed to load config from "c:\\Users\\xbfmp\\OneDrive\\Apps\\HDR_Gallery\\dataconnect": could not find dataconnect.yaml in `c:\Users\xbfmp\OneDrive\Apps\HDR_Gallery\dataconnect`
 {"metadata":{"emulator":{"name":"dataconnect"},"message":"E0718 03:18:36.442409   21724 watch.go:40] Failed to load config from \"c:\\\\Users\\\\xbfmp\\\\OneDrive\\\\Apps\\\\HDR_Gallery\\\\dataconnect\": could not find dataconnect.yaml in `c:\\Users\\xbfmp\\OneDrive\\Apps\\HDR_Gallery\\dataconnect`\n"}}
[debug] [2026-07-18T01:18:46.442Z] E0718 03:18:46.442138   21724 watch.go:116] watchAllDir unable to walk dir `c:\Users\xbfmp\OneDrive\Apps\HDR_Gallery\dataconnect`: GetFileAttributesEx c:\Users\xbfmp\OneDrive\Apps\HDR_Gallery\dataconnect: El sistema no puede encontrar el archivo especificado.
 {"metadata":{"emulator":{"name":"dataconnect"},"message":"E0718 03:18:46.442138   21724 watch.go:116] watchAllDir unable to walk dir `c:\\Users\\xbfmp\\OneDrive\\Apps\\HDR_Gallery\\dataconnect`: GetFileAttributesEx c:\\Users\\xbfmp\\OneDrive\\Apps\\HDR_Gallery\\dataconnect: El sistema no puede encontrar el archivo especificado.\n"}}
[debug] [2026-07-18T01:18:46.442Z] E0718 03:18:46.442138   21724 watch.go:40] Failed to load config from "c:\\Users\\xbfmp\\OneDrive\\Apps\\HDR_Gallery\\dataconnect": could not find dataconnect.yaml in `c:\Users\xbfmp\OneDrive\Apps\HDR_Gallery\dataconnect`
 {"metadata":{"emulator":{"name":"dataconnect"},"message":"E0718 03:18:46.442138   21724 watch.go:40] Failed to load config from \"c:\\\\Users\\\\xbfmp\\\\OneDrive\\\\Apps\\\\HDR_Gallery\\\\dataconnect\": could not find dataconnect.yaml in `c:\\Users\\xbfmp\\OneDrive\\Apps\\HDR_Gallery\\dataconnect`\n"}}
[debug] [2026-07-18T01:18:56.442Z] E0718 03:18:56.442187   21724 watch.go:40] Failed to load config from "c:\\Users\\xbfmp\\OneDrive\\Apps\\HDR_Gallery\\dataconnect": could not find dataconnect.yaml in `c:\Users\xbfmp\OneDrive\Apps\HDR_Gallery\dataconnect`
 {"metadata":{"emulator":{"name":"dataconnect"},"message":"E0718 03:18:56.442187   21724 watch.go:40] Failed to load config from \"c:\\\\Users\\\\xbfmp\\\\OneDrive\\\\Apps\\\\HDR_Gallery\\\\dataconnect\": could not find dataconnect.yaml in `c:\\Users\\xbfmp\\OneDrive\\Apps\\HDR_Gallery\\dataconnect`\n"}}
[debug] [2026-07-18T01:19:06.442Z] E0718 03:19:06.442165   21724 watch.go:40] Failed to load config from "c:\\Users\\xbfmp\\OneDrive\\Apps\\HDR_Gallery\\dataconnect": could not find dataconnect.yaml in `c:\Users\xbfmp\OneDrive\Apps\HDR_Gallery\dataconnect`
 {"metadata":{"emulator":{"name":"dataconnect"},"message":"E0718 03:19:06.442165   21724 watch.go:40] Failed to load config from \"c:\\\\Users\\\\xbfmp\\\\OneDrive\\\\Apps\\\\HDR_Gallery\\\\dataconnect\": could not find dataconnect.yaml in `c:\\Users\\xbfmp\\OneDrive\\Apps\\HDR_Gallery\\dataconnect`\n"}}
[debug] [2026-07-18T01:19:16.442Z] E0718 03:19:16.442420   21724 watch.go:40] Failed to load config from "c:\\Users\\xbfmp\\OneDrive\\Apps\\HDR_Gallery\\dataconnect": could not find dataconnect.yaml in `c:\Users\xbfmp\OneDrive\Apps\HDR_Gallery\dataconnect`
 {"metadata":{"emulator":{"name":"dataconnect"},"message":"E0718 03:19:16.442420   21724 watch.go:40] Failed to load config from \"c:\\\\Users\\\\xbfmp\\\\OneDrive\\\\Apps\\\\HDR_Gallery\\\\dataconnect\": could not find dataconnect.yaml in `c:\\Users\\xbfmp\\OneDrive\\Apps\\HDR_Gallery\\dataconnect`\n"}}
[debug] [2026-07-18T01:19:26.442Z] E0718 03:19:26.442309   21724 watch.go:40] Failed to load config from "c:\\Users\\xbfmp\\OneDrive\\Apps\\HDR_Gallery\\dataconnect": could not find dataconnect.yaml in `c:\Users\xbfmp\OneDrive\Apps\HDR_Gallery\dataconnect`
 {"metadata":{"emulator":{"name":"dataconnect"},"message":"E0718 03:19:26.442309   21724 watch.go:40] Failed to load config from \"c:\\\\Users\\\\xbfmp\\\\OneDrive\\\\Apps\\\\HDR_Gallery\\\\dataconnect\": could not find dataconnect.yaml in `c:\\Users\\xbfmp\\OneDrive\\Apps\\HDR_Gallery\\dataconnect`\n"}}
[debug] [2026-07-18T01:19:36.442Z] E0718 03:19:36.442076   21724 watch.go:40] Failed to load config from "c:\\Users\\xbfmp\\OneDrive\\Apps\\HDR_Gallery\\dataconnect": could not find dataconnect.yaml in `c:\Users\xbfmp\OneDrive\Apps\HDR_Gallery\dataconnect`
 {"metadata":{"emulator":{"name":"dataconnect"},"message":"E0718 03:19:36.442076   21724 watch.go:40] Failed to load config from \"c:\\\\Users\\\\xbfmp\\\\OneDrive\\\\Apps\\\\HDR_Gallery\\\\dataconnect\": could not find dataconnect.yaml in `c:\\Users\\xbfmp\\OneDrive\\Apps\\HDR_Gallery\\dataconnect`\n"}}
[debug] [2026-07-18T01:19:46.442Z] E0718 03:19:46.442488   21724 watch.go:116] watchAllDir unable to walk dir `c:\Users\xbfmp\OneDrive\Apps\HDR_Gallery\dataconnect`: GetFileAttributesEx c:\Users\xbfmp\OneDrive\Apps\HDR_Gallery\dataconnect: El sistema no puede encontrar el archivo especificado.
 {"metadata":{"emulator":{"name":"dataconnect"},"message":"E0718 03:19:46.442488   21724 watch.go:116] watchAllDir unable to walk dir `c:\\Users\\xbfmp\\OneDrive\\Apps\\HDR_Gallery\\dataconnect`: GetFileAttributesEx c:\\Users\\xbfmp\\OneDrive\\Apps\\HDR_Gallery\\dataconnect: El sistema no puede encontrar el archivo especificado.\n"}}
[debug] [2026-07-18T01:19:46.443Z] E0718 03:19:46.442488   21724 watch.go:40] Failed to load config from "c:\\Users\\xbfmp\\OneDrive\\Apps\\HDR_Gallery\\dataconnect": could not find dataconnect.yaml in `c:\Users\xbfmp\OneDrive\Apps\HDR_Gallery\dataconnect`
 {"metadata":{"emulator":{"name":"dataconnect"},"message":"E0718 03:19:46.442488   21724 watch.go:40] Failed to load config from \"c:\\\\Users\\\\xbfmp\\\\OneDrive\\\\Apps\\\\HDR_Gallery\\\\dataconnect\": could not find dataconnect.yaml in `c:\\Users\\xbfmp\\OneDrive\\Apps\\HDR_Gallery\\dataconnect`\n"}}
[debug] [2026-07-18T01:19:56.442Z] E0718 03:19:56.442535   21724 watch.go:40] Failed to load config from "c:\\Users\\xbfmp\\OneDrive\\Apps\\HDR_Gallery\\dataconnect": could not find dataconnect.yaml in `c:\Users\xbfmp\OneDrive\Apps\HDR_Gallery\dataconnect`
 {"metadata":{"emulator":{"name":"dataconnect"},"message":"E0718 03:19:56.442535   21724 watch.go:40] Failed to load config from \"c:\\\\Users\\\\xbfmp\\\\OneDrive\\\\Apps\\\\HDR_Gallery\\\\dataconnect\": could not find dataconnect.yaml in `c:\\Users\\xbfmp\\OneDrive\\Apps\\HDR_Gallery\\dataconnect`\n"}}
[debug] [2026-07-18T01:20:06.442Z] E0718 03:20:06.442156   21724 watch.go:40] Failed to load config from "c:\\Users\\xbfmp\\OneDrive\\Apps\\HDR_Gallery\\dataconnect": could not find dataconnect.yaml in `c:\Users\xbfmp\OneDrive\Apps\HDR_Gallery\dataconnect`
 {"metadata":{"emulator":{"name":"dataconnect"},"message":"E0718 03:20:06.442156   21724 watch.go:40] Failed to load config from \"c:\\\\Users\\\\xbfmp\\\\OneDrive\\\\Apps\\\\HDR_Gallery\\\\dataconnect\": could not find dataconnect.yaml in `c:\\Users\\xbfmp\\OneDrive\\Apps\\HDR_Gallery\\dataconnect`\n"}}
[debug] [2026-07-18T01:20:16.442Z] E0718 03:20:16.442425   21724 watch.go:40] Failed to load config from "c:\\Users\\xbfmp\\OneDrive\\Apps\\HDR_Gallery\\dataconnect": could not find dataconnect.yaml in `c:\Users\xbfmp\OneDrive\Apps\HDR_Gallery\dataconnect`
 {"metadata":{"emulator":{"name":"dataconnect"},"message":"E0718 03:20:16.442425   21724 watch.go:40] Failed to load config from \"c:\\\\Users\\\\xbfmp\\\\OneDrive\\\\Apps\\\\HDR_Gallery\\\\dataconnect\": could not find dataconnect.yaml in `c:\\Users\\xbfmp\\OneDrive\\Apps\\HDR_Gallery\\dataconnect`\n"}}
[debug] [2026-07-18T01:20:26.442Z] E0718 03:20:26.442406   21724 watch.go:40] Failed to load config from "c:\\Users\\xbfmp\\OneDrive\\Apps\\HDR_Gallery\\dataconnect": could not find dataconnect.yaml in `c:\Users\xbfmp\OneDrive\Apps\HDR_Gallery\dataconnect`
 {"metadata":{"emulator":{"name":"dataconnect"},"message":"E0718 03:20:26.442406   21724 watch.go:40] Failed to load config from \"c:\\\\Users\\\\xbfmp\\\\OneDrive\\\\Apps\\\\HDR_Gallery\\\\dataconnect\": could not find dataconnect.yaml in `c:\\Users\\xbfmp\\OneDrive\\Apps\\HDR_Gallery\\dataconnect`\n"}}
[debug] [2026-07-18T01:20:36.442Z] E0718 03:20:36.442199   21724 watch.go:40] Failed to load config from "c:\\Users\\xbfmp\\OneDrive\\Apps\\HDR_Gallery\\dataconnect": could not find dataconnect.yaml in `c:\Users\xbfmp\OneDrive\Apps\HDR_Gallery\dataconnect`
 {"metadata":{"emulator":{"name":"dataconnect"},"message":"E0718 03:20:36.442199   21724 watch.go:40] Failed to load config from \"c:\\\\Users\\\\xbfmp\\\\OneDrive\\\\Apps\\\\HDR_Gallery\\\\dataconnect\": could not find dataconnect.yaml in `c:\\Users\\xbfmp\\OneDrive\\Apps\\HDR_Gallery\\dataconnect`\n"}}
[debug] [2026-07-18T01:20:46.442Z] E0718 03:20:46.442125   21724 watch.go:116] watchAllDir unable to walk dir `c:\Users\xbfmp\OneDrive\Apps\HDR_Gallery\dataconnect`: GetFileAttributesEx c:\Users\xbfmp\OneDrive\Apps\HDR_Gallery\dataconnect: El sistema no puede encontrar el archivo especificado.
 {"metadata":{"emulator":{"name":"dataconnect"},"message":"E0718 03:20:46.442125   21724 watch.go:116] watchAllDir unable to walk dir `c:\\Users\\xbfmp\\OneDrive\\Apps\\HDR_Gallery\\dataconnect`: GetFileAttributesEx c:\\Users\\xbfmp\\OneDrive\\Apps\\HDR_Gallery\\dataconnect: El sistema no puede encontrar el archivo especificado.\n"}}
[debug] [2026-07-18T01:20:46.442Z] E0718 03:20:46.442125   21724 watch.go:40] Failed to load config from "c:\\Users\\xbfmp\\OneDrive\\Apps\\HDR_Gallery\\dataconnect": could not find dataconnect.yaml in `c:\Users\xbfmp\OneDrive\Apps\HDR_Gallery\dataconnect`
 {"metadata":{"emulator":{"name":"dataconnect"},"message":"E0718 03:20:46.442125   21724 watch.go:40] Failed to load config from \"c:\\\\Users\\\\xbfmp\\\\OneDrive\\\\Apps\\\\HDR_Gallery\\\\dataconnect\": could not find dataconnect.yaml in `c:\\Users\\xbfmp\\OneDrive\\Apps\\HDR_Gallery\\dataconnect`\n"}}
[debug] [2026-07-18T01:20:56.441Z] E0718 03:20:56.442351   21724 watch.go:40] Failed to load config from "c:\\Users\\xbfmp\\OneDrive\\Apps\\HDR_Gallery\\dataconnect": could not find dataconnect.yaml in `c:\Users\xbfmp\OneDrive\Apps\HDR_Gallery\dataconnect`
 {"metadata":{"emulator":{"name":"dataconnect"},"message":"E0718 03:20:56.442351   21724 watch.go:40] Failed to load config from \"c:\\\\Users\\\\xbfmp\\\\OneDrive\\\\Apps\\\\HDR_Gallery\\\\dataconnect\": could not find dataconnect.yaml in `c:\\Users\\xbfmp\\OneDrive\\Apps\\HDR_Gallery\\dataconnect`\n"}}
[debug] [2026-07-18T01:21:06.441Z] E0718 03:21:06.442027   21724 watch.go:40] Failed to load config from "c:\\Users\\xbfmp\\OneDrive\\Apps\\HDR_Gallery\\dataconnect": could not find dataconnect.yaml in `c:\Users\xbfmp\OneDrive\Apps\HDR_Gallery\dataconnect`
 {"metadata":{"emulator":{"name":"dataconnect"},"message":"E0718 03:21:06.442027   21724 watch.go:40] Failed to load config from \"c:\\\\Users\\\\xbfmp\\\\OneDrive\\\\Apps\\\\HDR_Gallery\\\\dataconnect\": could not find dataconnect.yaml in `c:\\Users\\xbfmp\\OneDrive\\Apps\\HDR_Gallery\\dataconnect`\n"}}
[debug] [2026-07-18T01:21:16.441Z] E0718 03:21:16.442270   21724 watch.go:40] Failed to load config from "c:\\Users\\xbfmp\\OneDrive\\Apps\\HDR_Gallery\\dataconnect": could not find dataconnect.yaml in `c:\Users\xbfmp\OneDrive\Apps\HDR_Gallery\dataconnect`
 {"metadata":{"emulator":{"name":"dataconnect"},"message":"E0718 03:21:16.442270   21724 watch.go:40] Failed to load config from \"c:\\\\Users\\\\xbfmp\\\\OneDrive\\\\Apps\\\\HDR_Gallery\\\\dataconnect\": could not find dataconnect.yaml in `c:\\Users\\xbfmp\\OneDrive\\Apps\\HDR_Gallery\\dataconnect`\n"}}
[debug] [2026-07-18T01:21:26.442Z] E0718 03:21:26.442671   21724 watch.go:40] Failed to load config from "c:\\Users\\xbfmp\\OneDrive\\Apps\\HDR_Gallery\\dataconnect": could not find dataconnect.yaml in `c:\Users\xbfmp\OneDrive\Apps\HDR_Gallery\dataconnect`
 {"metadata":{"emulator":{"name":"dataconnect"},"message":"E0718 03:21:26.442671   21724 watch.go:40] Failed to load config from \"c:\\\\Users\\\\xbfmp\\\\OneDrive\\\\Apps\\\\HDR_Gallery\\\\dataconnect\": could not find dataconnect.yaml in `c:\\Users\\xbfmp\\OneDrive\\Apps\\HDR_Gallery\\dataconnect`\n"}}
[info] [Firebase Plugin] Stopping SQL Connect toolkit
[debug] [2026-07-18T06:57:43.152Z] [Firebase Plugin] Activating Firebase extension.
[debug] [2026-07-18T06:57:44.454Z] [Firebase Plugin] requireAuthWrapper
[debug] [2026-07-18T06:57:44.456Z] > command requires scopes: ["email","openid","https://www.googleapis.com/auth/cloudplatformprojects.readonly","https://www.googleapis.com/auth/firebase","https://www.googleapis.com/auth/cloud-platform"]
[debug] [2026-07-18T06:57:44.500Z] [Firebase Plugin] VSCode notification server listening on port 40001
[error] [Firebase Plugin] requireAuth error: Could not load the default credentials. Browse to https://cloud.google.com/docs/authentication/getting-started for more information.
[info] [Firebase Plugin] Starting SQL Connect toolkit (version 3.4.16) on port 50001
[debug] [2026-07-18T06:57:45.217Z] 'fdc build' failed with error: Unable to build your SQL Connect schema and connectors (exit code 1): E0718 08:57:45.179800   21716 cmd.go:43] Error loading data connect config: could not find dataconnect.yaml in `c:\Users\xbfmp\OneDrive\Apps\HDR_Gallery\dataconnect`
 {"metadata":{"emulator":{"name":"dataconnect"},"message":"'fdc build' failed with error: Unable to build your SQL Connect schema and connectors (exit code 1): E0718 08:57:45.179800   21716 cmd.go:43] Error loading data connect config: could not find dataconnect.yaml in `c:\\Users\\xbfmp\\OneDrive\\Apps\\HDR_Gallery\\dataconnect`\n"}}
[debug] [2026-07-18T06:57:45.218Z] Ignoring unsupported arg: auto_download {"metadata":{"emulator":{"name":"dataconnect"},"message":"Ignoring unsupported arg: auto_download"}}
[debug] [2026-07-18T06:57:45.218Z] Ignoring unsupported arg: port {"metadata":{"emulator":{"name":"dataconnect"},"message":"Ignoring unsupported arg: port"}}
[debug] [2026-07-18T06:57:45.218Z] Starting SQL Connect Emulator with command {"binary":"C:\\Users\\xbfmp\\.cache\\firebase\\emulators\\dataconnect-emulator-3.4.16.exe","args":["--logtostderr","-v=2","dev","--listen=localhost:50001","--config_dir=c:\\Users\\xbfmp\\OneDrive\\Apps\\HDR_Gallery\\dataconnect","--enable_output_schema_extensions=true","--enable_output_generated_sdk=true"],"optionalArgs":["listen","config_dir","enable_output_schema_extensions","enable_output_generated_sdk"],"joinArgs":true,"shell":false,"port":9399} {"metadata":{"emulator":{"name":"dataconnect"},"message":"Starting SQL Connect Emulator with command {\"binary\":\"C:\\\\Users\\\\xbfmp\\\\.cache\\\\firebase\\\\emulators\\\\dataconnect-emulator-3.4.16.exe\",\"args\":[\"--logtostderr\",\"-v=2\",\"dev\",\"--listen=localhost:50001\",\"--config_dir=c:\\\\Users\\\\xbfmp\\\\OneDrive\\\\Apps\\\\HDR_Gallery\\\\dataconnect\",\"--enable_output_schema_extensions=true\",\"--enable_output_generated_sdk=true\"],\"optionalArgs\":[\"listen\",\"config_dir\",\"enable_output_schema_extensions\",\"enable_output_generated_sdk\"],\"joinArgs\":true,\"shell\":false,\"port\":9399}"}}
[info] i  dataconnect: SQL Connect Emulator logging to dataconnect-debug.log {"metadata":{"emulator":{"name":"dataconnect"},"message":"SQL Connect Emulator logging to \u001b[1mdataconnect-debug.log\u001b[22m"}}
[debug] [2026-07-18T06:57:45.333Z] E0718 08:57:45.252451   22868 dev.go:80] Failed to load initial config from "c:\\Users\\xbfmp\\OneDrive\\Apps\\HDR_Gallery\\dataconnect": could not find dataconnect.yaml in `c:\Users\xbfmp\OneDrive\Apps\HDR_Gallery\dataconnect`
E0718 08:57:45.289014   22868 watch.go:116] watchAllDir unable to walk dir `c:\Users\xbfmp\OneDrive\Apps\HDR_Gallery\dataconnect`: GetFileAttributesEx c:\Users\xbfmp\OneDrive\Apps\HDR_Gallery\dataconnect: El sistema no puede encontrar el archivo especificado.
I0718 08:57:45.299664   22868 dev.go:101] Listening on address (HTTP + gRPC): 127.0.0.1:50001
 {"metadata":{"emulator":{"name":"dataconnect"},"message":"E0718 08:57:45.252451   22868 dev.go:80] Failed to load initial config from \"c:\\\\Users\\\\xbfmp\\\\OneDrive\\\\Apps\\\\HDR_Gallery\\\\dataconnect\": could not find dataconnect.yaml in `c:\\Users\\xbfmp\\OneDrive\\Apps\\HDR_Gallery\\dataconnect`\nE0718 08:57:45.289014   22868 watch.go:116] watchAllDir unable to walk dir `c:\\Users\\xbfmp\\OneDrive\\Apps\\HDR_Gallery\\dataconnect`: GetFileAttributesEx c:\\Users\\xbfmp\\OneDrive\\Apps\\HDR_Gallery\\dataconnect: El sistema no puede encontrar el archivo especificado.\nI0718 08:57:45.299664   22868 dev.go:101] Listening on address (HTTP + gRPC): 127.0.0.1:50001\n"}}
[error] [Firebase Plugin] error:  {}
[debug] [2026-07-18T06:57:56.424Z] E0718 08:57:55.290078   22868 watch.go:40] Failed to load config from "c:\\Users\\xbfmp\\OneDrive\\Apps\\HDR_Gallery\\dataconnect": could not find dataconnect.yaml in `c:\Users\xbfmp\OneDrive\Apps\HDR_Gallery\dataconnect`
 {"metadata":{"emulator":{"name":"dataconnect"},"message":"E0718 08:57:55.290078   22868 watch.go:40] Failed to load config from \"c:\\\\Users\\\\xbfmp\\\\OneDrive\\\\Apps\\\\HDR_Gallery\\\\dataconnect\": could not find dataconnect.yaml in `c:\\Users\\xbfmp\\OneDrive\\Apps\\HDR_Gallery\\dataconnect`\n"}}
[debug] [2026-07-18T06:58:05.289Z] E0718 08:58:05.289770   22868 watch.go:40] Failed to load config from "c:\\Users\\xbfmp\\OneDrive\\Apps\\HDR_Gallery\\dataconnect": could not find dataconnect.yaml in `c:\Users\xbfmp\OneDrive\Apps\HDR_Gallery\dataconnect`
 {"metadata":{"emulator":{"name":"dataconnect"},"message":"E0718 08:58:05.289770   22868 watch.go:40] Failed to load config from \"c:\\\\Users\\\\xbfmp\\\\OneDrive\\\\Apps\\\\HDR_Gallery\\\\dataconnect\": could not find dataconnect.yaml in `c:\\Users\\xbfmp\\OneDrive\\Apps\\HDR_Gallery\\dataconnect`\n"}}
[debug] [2026-07-18T06:58:15.289Z] E0718 08:58:15.289806   22868 watch.go:40] Failed to load config from "c:\\Users\\xbfmp\\OneDrive\\Apps\\HDR_Gallery\\dataconnect": could not find dataconnect.yaml in `c:\Users\xbfmp\OneDrive\Apps\HDR_Gallery\dataconnect`
 {"metadata":{"emulator":{"name":"dataconnect"},"message":"E0718 08:58:15.289806   22868 watch.go:40] Failed to load config from \"c:\\\\Users\\\\xbfmp\\\\OneDrive\\\\Apps\\\\HDR_Gallery\\\\dataconnect\": could not find dataconnect.yaml in `c:\\Users\\xbfmp\\OneDrive\\Apps\\HDR_Gallery\\dataconnect`\n"}}
[debug] [2026-07-18T06:58:25.289Z] E0718 08:58:25.289827   22868 watch.go:40] Failed to load config from "c:\\Users\\xbfmp\\OneDrive\\Apps\\HDR_Gallery\\dataconnect": could not find dataconnect.yaml in `c:\Users\xbfmp\OneDrive\Apps\HDR_Gallery\dataconnect`
 {"metadata":{"emulator":{"name":"dataconnect"},"message":"E0718 08:58:25.289827   22868 watch.go:40] Failed to load config from \"c:\\\\Users\\\\xbfmp\\\\OneDrive\\\\Apps\\\\HDR_Gallery\\\\dataconnect\": could not find dataconnect.yaml in `c:\\Users\\xbfmp\\OneDrive\\Apps\\HDR_Gallery\\dataconnect`\n"}}
[debug] [2026-07-18T06:58:35.289Z] E0718 08:58:35.289914   22868 watch.go:40] Failed to load config from "c:\\Users\\xbfmp\\OneDrive\\Apps\\HDR_Gallery\\dataconnect": could not find dataconnect.yaml in `c:\Users\xbfmp\OneDrive\Apps\HDR_Gallery\dataconnect`
 {"metadata":{"emulator":{"name":"dataconnect"},"message":"E0718 08:58:35.289914   22868 watch.go:40] Failed to load config from \"c:\\\\Users\\\\xbfmp\\\\OneDrive\\\\Apps\\\\HDR_Gallery\\\\dataconnect\": could not find dataconnect.yaml in `c:\\Users\\xbfmp\\OneDrive\\Apps\\HDR_Gallery\\dataconnect`\n"}}
[debug] [2026-07-18T06:58:45.289Z] E0718 08:58:45.289653   22868 watch.go:116] watchAllDir unable to walk dir `c:\Users\xbfmp\OneDrive\Apps\HDR_Gallery\dataconnect`: GetFileAttributesEx c:\Users\xbfmp\OneDrive\Apps\HDR_Gallery\dataconnect: El sistema no puede encontrar el archivo especificado.
 {"metadata":{"emulator":{"name":"dataconnect"},"message":"E0718 08:58:45.289653   22868 watch.go:116] watchAllDir unable to walk dir `c:\\Users\\xbfmp\\OneDrive\\Apps\\HDR_Gallery\\dataconnect`: GetFileAttributesEx c:\\Users\\xbfmp\\OneDrive\\Apps\\HDR_Gallery\\dataconnect: El sistema no puede encontrar el archivo especificado.\n"}}
[debug] [2026-07-18T06:58:45.290Z] E0718 08:58:45.289653   22868 watch.go:40] Failed to load config from "c:\\Users\\xbfmp\\OneDrive\\Apps\\HDR_Gallery\\dataconnect": could not find dataconnect.yaml in `c:\Users\xbfmp\OneDrive\Apps\HDR_Gallery\dataconnect`
 {"metadata":{"emulator":{"name":"dataconnect"},"message":"E0718 08:58:45.289653   22868 watch.go:40] Failed to load config from \"c:\\\\Users\\\\xbfmp\\\\OneDrive\\\\Apps\\\\HDR_Gallery\\\\dataconnect\": could not find dataconnect.yaml in `c:\\Users\\xbfmp\\OneDrive\\Apps\\HDR_Gallery\\dataconnect`\n"}}
[debug] [2026-07-18T06:58:55.289Z] E0718 08:58:55.289725   22868 watch.go:40] Failed to load config from "c:\\Users\\xbfmp\\OneDrive\\Apps\\HDR_Gallery\\dataconnect": could not find dataconnect.yaml in `c:\Users\xbfmp\OneDrive\Apps\HDR_Gallery\dataconnect`
 {"metadata":{"emulator":{"name":"dataconnect"},"message":"E0718 08:58:55.289725   22868 watch.go:40] Failed to load config from \"c:\\\\Users\\\\xbfmp\\\\OneDrive\\\\Apps\\\\HDR_Gallery\\\\dataconnect\": could not find dataconnect.yaml in `c:\\Users\\xbfmp\\OneDrive\\Apps\\HDR_Gallery\\dataconnect`\n"}}
[debug] [2026-07-18T06:59:05.289Z] E0718 08:59:05.289877   22868 watch.go:40] Failed to load config from "c:\\Users\\xbfmp\\OneDrive\\Apps\\HDR_Gallery\\dataconnect": could not find dataconnect.yaml in `c:\Users\xbfmp\OneDrive\Apps\HDR_Gallery\dataconnect`
 {"metadata":{"emulator":{"name":"dataconnect"},"message":"E0718 08:59:05.289877   22868 watch.go:40] Failed to load config from \"c:\\\\Users\\\\xbfmp\\\\OneDrive\\\\Apps\\\\HDR_Gallery\\\\dataconnect\": could not find dataconnect.yaml in `c:\\Users\\xbfmp\\OneDrive\\Apps\\HDR_Gallery\\dataconnect`\n"}}
[debug] [2026-07-18T06:59:15.290Z] E0718 08:59:15.289958   22868 watch.go:40] Failed to load config from "c:\\Users\\xbfmp\\OneDrive\\Apps\\HDR_Gallery\\dataconnect": could not find dataconnect.yaml in `c:\Users\xbfmp\OneDrive\Apps\HDR_Gallery\dataconnect`
 {"metadata":{"emulator":{"name":"dataconnect"},"message":"E0718 08:59:15.289958   22868 watch.go:40] Failed to load config from \"c:\\\\Users\\\\xbfmp\\\\OneDrive\\\\Apps\\\\HDR_Gallery\\\\dataconnect\": could not find dataconnect.yaml in `c:\\Users\\xbfmp\\OneDrive\\Apps\\HDR_Gallery\\dataconnect`\n"}}
[debug] [2026-07-18T06:59:25.289Z] E0718 08:59:25.289726   22868 watch.go:40] Failed to load config from "c:\\Users\\xbfmp\\OneDrive\\Apps\\HDR_Gallery\\dataconnect": could not find dataconnect.yaml in `c:\Users\xbfmp\OneDrive\Apps\HDR_Gallery\dataconnect`
 {"metadata":{"emulator":{"name":"dataconnect"},"message":"E0718 08:59:25.289726   22868 watch.go:40] Failed to load config from \"c:\\\\Users\\\\xbfmp\\\\OneDrive\\\\Apps\\\\HDR_Gallery\\\\dataconnect\": could not find dataconnect.yaml in `c:\\Users\\xbfmp\\OneDrive\\Apps\\HDR_Gallery\\dataconnect`\n"}}
[debug] [2026-07-18T06:59:35.289Z] E0718 08:59:35.289800   22868 watch.go:40] Failed to load config from "c:\\Users\\xbfmp\\OneDrive\\Apps\\HDR_Gallery\\dataconnect": could not find dataconnect.yaml in `c:\Users\xbfmp\OneDrive\Apps\HDR_Gallery\dataconnect`
 {"metadata":{"emulator":{"name":"dataconnect"},"message":"E0718 08:59:35.289800   22868 watch.go:40] Failed to load config from \"c:\\\\Users\\\\xbfmp\\\\OneDrive\\\\Apps\\\\HDR_Gallery\\\\dataconnect\": could not find dataconnect.yaml in `c:\\Users\\xbfmp\\OneDrive\\Apps\\HDR_Gallery\\dataconnect`\n"}}
[debug] [2026-07-18T06:59:45.289Z] E0718 08:59:45.289938   22868 watch.go:116] watchAllDir unable to walk dir `c:\Users\xbfmp\OneDrive\Apps\HDR_Gallery\dataconnect`: GetFileAttributesEx c:\Users\xbfmp\OneDrive\Apps\HDR_Gallery\dataconnect: El sistema no puede encontrar el archivo especificado.
 {"metadata":{"emulator":{"name":"dataconnect"},"message":"E0718 08:59:45.289938   22868 watch.go:116] watchAllDir unable to walk dir `c:\\Users\\xbfmp\\OneDrive\\Apps\\HDR_Gallery\\dataconnect`: GetFileAttributesEx c:\\Users\\xbfmp\\OneDrive\\Apps\\HDR_Gallery\\dataconnect: El sistema no puede encontrar el archivo especificado.\n"}}
[debug] [2026-07-18T06:59:45.290Z] E0718 08:59:45.290492   22868 watch.go:40] Failed to load config from "c:\\Users\\xbfmp\\OneDrive\\Apps\\HDR_Gallery\\dataconnect": could not find dataconnect.yaml in `c:\Users\xbfmp\OneDrive\Apps\HDR_Gallery\dataconnect`
 {"metadata":{"emulator":{"name":"dataconnect"},"message":"E0718 08:59:45.290492   22868 watch.go:40] Failed to load config from \"c:\\\\Users\\\\xbfmp\\\\OneDrive\\\\Apps\\\\HDR_Gallery\\\\dataconnect\": could not find dataconnect.yaml in `c:\\Users\\xbfmp\\OneDrive\\Apps\\HDR_Gallery\\dataconnect`\n"}}
[debug] [2026-07-18T06:59:55.289Z] E0718 08:59:55.289740   22868 watch.go:40] Failed to load config from "c:\\Users\\xbfmp\\OneDrive\\Apps\\HDR_Gallery\\dataconnect": could not find dataconnect.yaml in `c:\Users\xbfmp\OneDrive\Apps\HDR_Gallery\dataconnect`
 {"metadata":{"emulator":{"name":"dataconnect"},"message":"E0718 08:59:55.289740   22868 watch.go:40] Failed to load config from \"c:\\\\Users\\\\xbfmp\\\\OneDrive\\\\Apps\\\\HDR_Gallery\\\\dataconnect\": could not find dataconnect.yaml in `c:\\Users\\xbfmp\\OneDrive\\Apps\\HDR_Gallery\\dataconnect`\n"}}
[debug] [2026-07-18T07:00:05.289Z] E0718 09:00:05.289717   22868 watch.go:40] Failed to load config from "c:\\Users\\xbfmp\\OneDrive\\Apps\\HDR_Gallery\\dataconnect": could not find dataconnect.yaml in `c:\Users\xbfmp\OneDrive\Apps\HDR_Gallery\dataconnect`
 {"metadata":{"emulator":{"name":"dataconnect"},"message":"E0718 09:00:05.289717   22868 watch.go:40] Failed to load config from \"c:\\\\Users\\\\xbfmp\\\\OneDrive\\\\Apps\\\\HDR_Gallery\\\\dataconnect\": could not find dataconnect.yaml in `c:\\Users\\xbfmp\\OneDrive\\Apps\\HDR_Gallery\\dataconnect`\n"}}
[debug] [2026-07-18T07:00:15.289Z] E0718 09:00:15.289994   22868 watch.go:40] Failed to load config from "c:\\Users\\xbfmp\\OneDrive\\Apps\\HDR_Gallery\\dataconnect": could not find dataconnect.yaml in `c:\Users\xbfmp\OneDrive\Apps\HDR_Gallery\dataconnect`
 {"metadata":{"emulator":{"name":"dataconnect"},"message":"E0718 09:00:15.289994   22868 watch.go:40] Failed to load config from \"c:\\\\Users\\\\xbfmp\\\\OneDrive\\\\Apps\\\\HDR_Gallery\\\\dataconnect\": could not find dataconnect.yaml in `c:\\Users\\xbfmp\\OneDrive\\Apps\\HDR_Gallery\\dataconnect`\n"}}
[debug] [2026-07-18T07:00:25.289Z] E0718 09:00:25.289941   22868 watch.go:40] Failed to load config from "c:\\Users\\xbfmp\\OneDrive\\Apps\\HDR_Gallery\\dataconnect": could not find dataconnect.yaml in `c:\Users\xbfmp\OneDrive\Apps\HDR_Gallery\dataconnect`
 {"metadata":{"emulator":{"name":"dataconnect"},"message":"E0718 09:00:25.289941   22868 watch.go:40] Failed to load config from \"c:\\\\Users\\\\xbfmp\\\\OneDrive\\\\Apps\\\\HDR_Gallery\\\\dataconnect\": could not find dataconnect.yaml in `c:\\Users\\xbfmp\\OneDrive\\Apps\\HDR_Gallery\\dataconnect`\n"}}
[debug] [2026-07-18T07:00:35.290Z] E0718 09:00:35.290085   22868 watch.go:40] Failed to load config from "c:\\Users\\xbfmp\\OneDrive\\Apps\\HDR_Gallery\\dataconnect": could not find dataconnect.yaml in `c:\Users\xbfmp\OneDrive\Apps\HDR_Gallery\dataconnect`
 {"metadata":{"emulator":{"name":"dataconnect"},"message":"E0718 09:00:35.290085   22868 watch.go:40] Failed to load config from \"c:\\\\Users\\\\xbfmp\\\\OneDrive\\\\Apps\\\\HDR_Gallery\\\\dataconnect\": could not find dataconnect.yaml in `c:\\Users\\xbfmp\\OneDrive\\Apps\\HDR_Gallery\\dataconnect`\n"}}
[debug] [2026-07-18T07:00:45.289Z] E0718 09:00:45.289698   22868 watch.go:116] watchAllDir unable to walk dir `c:\Users\xbfmp\OneDrive\Apps\HDR_Gallery\dataconnect`: GetFileAttributesEx c:\Users\xbfmp\OneDrive\Apps\HDR_Gallery\dataconnect: El sistema no puede encontrar el archivo especificado.
 {"metadata":{"emulator":{"name":"dataconnect"},"message":"E0718 09:00:45.289698   22868 watch.go:116] watchAllDir unable to walk dir `c:\\Users\\xbfmp\\OneDrive\\Apps\\HDR_Gallery\\dataconnect`: GetFileAttributesEx c:\\Users\\xbfmp\\OneDrive\\Apps\\HDR_Gallery\\dataconnect: El sistema no puede encontrar el archivo especificado.\n"}}
[debug] [2026-07-18T07:00:45.290Z] E0718 09:00:45.289698   22868 watch.go:40] Failed to load config from "c:\\Users\\xbfmp\\OneDrive\\Apps\\HDR_Gallery\\dataconnect": could not find dataconnect.yaml in `c:\Users\xbfmp\OneDrive\Apps\HDR_Gallery\dataconnect`
 {"metadata":{"emulator":{"name":"dataconnect"},"message":"E0718 09:00:45.289698   22868 watch.go:40] Failed to load config from \"c:\\\\Users\\\\xbfmp\\\\OneDrive\\\\Apps\\\\HDR_Gallery\\\\dataconnect\": could not find dataconnect.yaml in `c:\\Users\\xbfmp\\OneDrive\\Apps\\HDR_Gallery\\dataconnect`\n"}}
[debug] [2026-07-18T07:00:55.290Z] E0718 09:00:55.289786   22868 watch.go:40] Failed to load config from "c:\\Users\\xbfmp\\OneDrive\\Apps\\HDR_Gallery\\dataconnect": could not find dataconnect.yaml in `c:\Users\xbfmp\OneDrive\Apps\HDR_Gallery\dataconnect`
 {"metadata":{"emulator":{"name":"dataconnect"},"message":"E0718 09:00:55.289786   22868 watch.go:40] Failed to load config from \"c:\\\\Users\\\\xbfmp\\\\OneDrive\\\\Apps\\\\HDR_Gallery\\\\dataconnect\": could not find dataconnect.yaml in `c:\\Users\\xbfmp\\OneDrive\\Apps\\HDR_Gallery\\dataconnect`\n"}}
[debug] [2026-07-18T07:01:05.290Z] E0718 09:01:05.289835   22868 watch.go:40] Failed to load config from "c:\\Users\\xbfmp\\OneDrive\\Apps\\HDR_Gallery\\dataconnect": could not find dataconnect.yaml in `c:\Users\xbfmp\OneDrive\Apps\HDR_Gallery\dataconnect`
 {"metadata":{"emulator":{"name":"dataconnect"},"message":"E0718 09:01:05.289835   22868 watch.go:40] Failed to load config from \"c:\\\\Users\\\\xbfmp\\\\OneDrive\\\\Apps\\\\HDR_Gallery\\\\dataconnect\": could not find dataconnect.yaml in `c:\\Users\\xbfmp\\OneDrive\\Apps\\HDR_Gallery\\dataconnect`\n"}}
[debug] [2026-07-18T07:01:15.290Z] E0718 09:01:15.289786   22868 watch.go:40] Failed to load config from "c:\\Users\\xbfmp\\OneDrive\\Apps\\HDR_Gallery\\dataconnect": could not find dataconnect.yaml in `c:\Users\xbfmp\OneDrive\Apps\HDR_Gallery\dataconnect`
 {"metadata":{"emulator":{"name":"dataconnect"},"message":"E0718 09:01:15.289786   22868 watch.go:40] Failed to load config from \"c:\\\\Users\\\\xbfmp\\\\OneDrive\\\\Apps\\\\HDR_Gallery\\\\dataconnect\": could not find dataconnect.yaml in `c:\\Users\\xbfmp\\OneDrive\\Apps\\HDR_Gallery\\dataconnect`\n"}}
[debug] [2026-07-18T07:01:25.290Z] E0718 09:01:25.289933   22868 watch.go:40] Failed to load config from "c:\\Users\\xbfmp\\OneDrive\\Apps\\HDR_Gallery\\dataconnect": could not find dataconnect.yaml in `c:\Users\xbfmp\OneDrive\Apps\HDR_Gallery\dataconnect`
 {"metadata":{"emulator":{"name":"dataconnect"},"message":"E0718 09:01:25.289933   22868 watch.go:40] Failed to load config from \"c:\\\\Users\\\\xbfmp\\\\OneDrive\\\\Apps\\\\HDR_Gallery\\\\dataconnect\": could not find dataconnect.yaml in `c:\\Users\\xbfmp\\OneDrive\\Apps\\HDR_Gallery\\dataconnect`\n"}}
[debug] [2026-07-18T07:01:35.290Z] E0718 09:01:35.289811   22868 watch.go:40] Failed to load config from "c:\\Users\\xbfmp\\OneDrive\\Apps\\HDR_Gallery\\dataconnect": could not find dataconnect.yaml in `c:\Users\xbfmp\OneDrive\Apps\HDR_Gallery\dataconnect`
 {"metadata":{"emulator":{"name":"dataconnect"},"message":"E0718 09:01:35.289811   22868 watch.go:40] Failed to load config from \"c:\\\\Users\\\\xbfmp\\\\OneDrive\\\\Apps\\\\HDR_Gallery\\\\dataconnect\": could not find dataconnect.yaml in `c:\\Users\\xbfmp\\OneDrive\\Apps\\HDR_Gallery\\dataconnect`\n"}}
[debug] [2026-07-18T07:01:45.290Z] E0718 09:01:45.289930   22868 watch.go:116] watchAllDir unable to walk dir `c:\Users\xbfmp\OneDrive\Apps\HDR_Gallery\dataconnect`: GetFileAttributesEx c:\Users\xbfmp\OneDrive\Apps\HDR_Gallery\dataconnect: El sistema no puede encontrar el archivo especificado.
 {"metadata":{"emulator":{"name":"dataconnect"},"message":"E0718 09:01:45.289930   22868 watch.go:116] watchAllDir unable to walk dir `c:\\Users\\xbfmp\\OneDrive\\Apps\\HDR_Gallery\\dataconnect`: GetFileAttributesEx c:\\Users\\xbfmp\\OneDrive\\Apps\\HDR_Gallery\\dataconnect: El sistema no puede encontrar el archivo especificado.\n"}}
[debug] [2026-07-18T07:01:45.290Z] E0718 09:01:45.289930   22868 watch.go:40] Failed to load config from "c:\\Users\\xbfmp\\OneDrive\\Apps\\HDR_Gallery\\dataconnect": could not find dataconnect.yaml in `c:\Users\xbfmp\OneDrive\Apps\HDR_Gallery\dataconnect`
 {"metadata":{"emulator":{"name":"dataconnect"},"message":"E0718 09:01:45.289930   22868 watch.go:40] Failed to load config from \"c:\\\\Users\\\\xbfmp\\\\OneDrive\\\\Apps\\\\HDR_Gallery\\\\dataconnect\": could not find dataconnect.yaml in `c:\\Users\\xbfmp\\OneDrive\\Apps\\HDR_Gallery\\dataconnect`\n"}}
[debug] [2026-07-18T07:01:55.290Z] E0718 09:01:55.289875   22868 watch.go:40] Failed to load config from "c:\\Users\\xbfmp\\OneDrive\\Apps\\HDR_Gallery\\dataconnect": could not find dataconnect.yaml in `c:\Users\xbfmp\OneDrive\Apps\HDR_Gallery\dataconnect`
 {"metadata":{"emulator":{"name":"dataconnect"},"message":"E0718 09:01:55.289875   22868 watch.go:40] Failed to load config from \"c:\\\\Users\\\\xbfmp\\\\OneDrive\\\\Apps\\\\HDR_Gallery\\\\dataconnect\": could not find dataconnect.yaml in `c:\\Users\\xbfmp\\OneDrive\\Apps\\HDR_Gallery\\dataconnect`\n"}}
[debug] [2026-07-18T07:02:05.290Z] E0718 09:02:05.289909   22868 watch.go:40] Failed to load config from "c:\\Users\\xbfmp\\OneDrive\\Apps\\HDR_Gallery\\dataconnect": could not find dataconnect.yaml in `c:\Users\xbfmp\OneDrive\Apps\HDR_Gallery\dataconnect`
 {"metadata":{"emulator":{"name":"dataconnect"},"message":"E0718 09:02:05.289909   22868 watch.go:40] Failed to load config from \"c:\\\\Users\\\\xbfmp\\\\OneDrive\\\\Apps\\\\HDR_Gallery\\\\dataconnect\": could not find dataconnect.yaml in `c:\\Users\\xbfmp\\OneDrive\\Apps\\HDR_Gallery\\dataconnect`\n"}}
[debug] [2026-07-18T07:02:15.290Z] E0718 09:02:15.289907   22868 watch.go:40] Failed to load config from "c:\\Users\\xbfmp\\OneDrive\\Apps\\HDR_Gallery\\dataconnect": could not find dataconnect.yaml in `c:\Users\xbfmp\OneDrive\Apps\HDR_Gallery\dataconnect`
 {"metadata":{"emulator":{"name":"dataconnect"},"message":"E0718 09:02:15.289907   22868 watch.go:40] Failed to load config from \"c:\\\\Users\\\\xbfmp\\\\OneDrive\\\\Apps\\\\HDR_Gallery\\\\dataconnect\": could not find dataconnect.yaml in `c:\\Users\\xbfmp\\OneDrive\\Apps\\HDR_Gallery\\dataconnect`\n"}}
[debug] [2026-07-18T07:02:25.290Z] E0718 09:02:25.290010   22868 watch.go:40] Failed to load config from "c:\\Users\\xbfmp\\OneDrive\\Apps\\HDR_Gallery\\dataconnect": could not find dataconnect.yaml in `c:\Users\xbfmp\OneDrive\Apps\HDR_Gallery\dataconnect`
 {"metadata":{"emulator":{"name":"dataconnect"},"message":"E0718 09:02:25.290010   22868 watch.go:40] Failed to load config from \"c:\\\\Users\\\\xbfmp\\\\OneDrive\\\\Apps\\\\HDR_Gallery\\\\dataconnect\": could not find dataconnect.yaml in `c:\\Users\\xbfmp\\OneDrive\\Apps\\HDR_Gallery\\dataconnect`\n"}}
[debug] [2026-07-18T07:02:35.290Z] E0718 09:02:35.290024   22868 watch.go:40] Failed to load config from "c:\\Users\\xbfmp\\OneDrive\\Apps\\HDR_Gallery\\dataconnect": could not find dataconnect.yaml in `c:\Users\xbfmp\OneDrive\Apps\HDR_Gallery\dataconnect`
 {"metadata":{"emulator":{"name":"dataconnect"},"message":"E0718 09:02:35.290024   22868 watch.go:40] Failed to load config from \"c:\\\\Users\\\\xbfmp\\\\OneDrive\\\\Apps\\\\HDR_Gallery\\\\dataconnect\": could not find dataconnect.yaml in `c:\\Users\\xbfmp\\OneDrive\\Apps\\HDR_Gallery\\dataconnect`\n"}}
[debug] [2026-07-18T07:02:45.290Z] E0718 09:02:45.289905   22868 watch.go:116] watchAllDir unable to walk dir `c:\Users\xbfmp\OneDrive\Apps\HDR_Gallery\dataconnect`: GetFileAttributesEx c:\Users\xbfmp\OneDrive\Apps\HDR_Gallery\dataconnect: El sistema no puede encontrar el archivo especificado.
 {"metadata":{"emulator":{"name":"dataconnect"},"message":"E0718 09:02:45.289905   22868 watch.go:116] watchAllDir unable to walk dir `c:\\Users\\xbfmp\\OneDrive\\Apps\\HDR_Gallery\\dataconnect`: GetFileAttributesEx c:\\Users\\xbfmp\\OneDrive\\Apps\\HDR_Gallery\\dataconnect: El sistema no puede encontrar el archivo especificado.\n"}}
[debug] [2026-07-18T07:02:45.290Z] E0718 09:02:45.289905   22868 watch.go:40] Failed to load config from "c:\\Users\\xbfmp\\OneDrive\\Apps\\HDR_Gallery\\dataconnect": could not find dataconnect.yaml in `c:\Users\xbfmp\OneDrive\Apps\HDR_Gallery\dataconnect`
 {"metadata":{"emulator":{"name":"dataconnect"},"message":"E0718 09:02:45.289905   22868 watch.go:40] Failed to load config from \"c:\\\\Users\\\\xbfmp\\\\OneDrive\\\\Apps\\\\HDR_Gallery\\\\dataconnect\": could not find dataconnect.yaml in `c:\\Users\\xbfmp\\OneDrive\\Apps\\HDR_Gallery\\dataconnect`\n"}}
[debug] [2026-07-18T07:02:55.289Z] E0718 09:02:55.289806   22868 watch.go:40] Failed to load config from "c:\\Users\\xbfmp\\OneDrive\\Apps\\HDR_Gallery\\dataconnect": could not find dataconnect.yaml in `c:\Users\xbfmp\OneDrive\Apps\HDR_Gallery\dataconnect`
 {"metadata":{"emulator":{"name":"dataconnect"},"message":"E0718 09:02:55.289806   22868 watch.go:40] Failed to load config from \"c:\\\\Users\\\\xbfmp\\\\OneDrive\\\\Apps\\\\HDR_Gallery\\\\dataconnect\": could not find dataconnect.yaml in `c:\\Users\\xbfmp\\OneDrive\\Apps\\HDR_Gallery\\dataconnect`\n"}}
[debug] [2026-07-18T07:03:05.290Z] E0718 09:03:05.289990   22868 watch.go:40] Failed to load config from "c:\\Users\\xbfmp\\OneDrive\\Apps\\HDR_Gallery\\dataconnect": could not find dataconnect.yaml in `c:\Users\xbfmp\OneDrive\Apps\HDR_Gallery\dataconnect`
 {"metadata":{"emulator":{"name":"dataconnect"},"message":"E0718 09:03:05.289990   22868 watch.go:40] Failed to load config from \"c:\\\\Users\\\\xbfmp\\\\OneDrive\\\\Apps\\\\HDR_Gallery\\\\dataconnect\": could not find dataconnect.yaml in `c:\\Users\\xbfmp\\OneDrive\\Apps\\HDR_Gallery\\dataconnect`\n"}}
[debug] [2026-07-18T07:03:15.289Z] E0718 09:03:15.289602   22868 watch.go:40] Failed to load config from "c:\\Users\\xbfmp\\OneDrive\\Apps\\HDR_Gallery\\dataconnect": could not find dataconnect.yaml in `c:\Users\xbfmp\OneDrive\Apps\HDR_Gallery\dataconnect`
 {"metadata":{"emulator":{"name":"dataconnect"},"message":"E0718 09:03:15.289602   22868 watch.go:40] Failed to load config from \"c:\\\\Users\\\\xbfmp\\\\OneDrive\\\\Apps\\\\HDR_Gallery\\\\dataconnect\": could not find dataconnect.yaml in `c:\\Users\\xbfmp\\OneDrive\\Apps\\HDR_Gallery\\dataconnect`\n"}}
[debug] [2026-07-18T07:03:25.289Z] E0718 09:03:25.289765   22868 watch.go:40] Failed to load config from "c:\\Users\\xbfmp\\OneDrive\\Apps\\HDR_Gallery\\dataconnect": could not find dataconnect.yaml in `c:\Users\xbfmp\OneDrive\Apps\HDR_Gallery\dataconnect`
 {"metadata":{"emulator":{"name":"dataconnect"},"message":"E0718 09:03:25.289765   22868 watch.go:40] Failed to load config from \"c:\\\\Users\\\\xbfmp\\\\OneDrive\\\\Apps\\\\HDR_Gallery\\\\dataconnect\": could not find dataconnect.yaml in `c:\\Users\\xbfmp\\OneDrive\\Apps\\HDR_Gallery\\dataconnect`\n"}}
[debug] [2026-07-18T07:03:35.289Z] E0718 09:03:35.289777   22868 watch.go:40] Failed to load config from "c:\\Users\\xbfmp\\OneDrive\\Apps\\HDR_Gallery\\dataconnect": could not find dataconnect.yaml in `c:\Users\xbfmp\OneDrive\Apps\HDR_Gallery\dataconnect`
 {"metadata":{"emulator":{"name":"dataconnect"},"message":"E0718 09:03:35.289777   22868 watch.go:40] Failed to load config from \"c:\\\\Users\\\\xbfmp\\\\OneDrive\\\\Apps\\\\HDR_Gallery\\\\dataconnect\": could not find dataconnect.yaml in `c:\\Users\\xbfmp\\OneDrive\\Apps\\HDR_Gallery\\dataconnect`\n"}}
[debug] [2026-07-18T07:03:45.289Z] E0718 09:03:45.289663   22868 watch.go:116] watchAllDir unable to walk dir `c:\Users\xbfmp\OneDrive\Apps\HDR_Gallery\dataconnect`: GetFileAttributesEx c:\Users\xbfmp\OneDrive\Apps\HDR_Gallery\dataconnect: El sistema no puede encontrar el archivo especificado.
 {"metadata":{"emulator":{"name":"dataconnect"},"message":"E0718 09:03:45.289663   22868 watch.go:116] watchAllDir unable to walk dir `c:\\Users\\xbfmp\\OneDrive\\Apps\\HDR_Gallery\\dataconnect`: GetFileAttributesEx c:\\Users\\xbfmp\\OneDrive\\Apps\\HDR_Gallery\\dataconnect: El sistema no puede encontrar el archivo especificado.\n"}}
[debug] [2026-07-18T07:03:45.290Z] E0718 09:03:45.289663   22868 watch.go:40] Failed to load config from "c:\\Users\\xbfmp\\OneDrive\\Apps\\HDR_Gallery\\dataconnect": could not find dataconnect.yaml in `c:\Users\xbfmp\OneDrive\Apps\HDR_Gallery\dataconnect`
 {"metadata":{"emulator":{"name":"dataconnect"},"message":"E0718 09:03:45.289663   22868 watch.go:40] Failed to load config from \"c:\\\\Users\\\\xbfmp\\\\OneDrive\\\\Apps\\\\HDR_Gallery\\\\dataconnect\": could not find dataconnect.yaml in `c:\\Users\\xbfmp\\OneDrive\\Apps\\HDR_Gallery\\dataconnect`\n"}}
[debug] [2026-07-18T07:03:55.289Z] E0718 09:03:55.289826   22868 watch.go:40] Failed to load config from "c:\\Users\\xbfmp\\OneDrive\\Apps\\HDR_Gallery\\dataconnect": could not find dataconnect.yaml in `c:\Users\xbfmp\OneDrive\Apps\HDR_Gallery\dataconnect`
 {"metadata":{"emulator":{"name":"dataconnect"},"message":"E0718 09:03:55.289826   22868 watch.go:40] Failed to load config from \"c:\\\\Users\\\\xbfmp\\\\OneDrive\\\\Apps\\\\HDR_Gallery\\\\dataconnect\": could not find dataconnect.yaml in `c:\\Users\\xbfmp\\OneDrive\\Apps\\HDR_Gallery\\dataconnect`\n"}}
[debug] [2026-07-18T07:04:05.290Z] E0718 09:04:05.290010   22868 watch.go:40] Failed to load config from "c:\\Users\\xbfmp\\OneDrive\\Apps\\HDR_Gallery\\dataconnect": could not find dataconnect.yaml in `c:\Users\xbfmp\OneDrive\Apps\HDR_Gallery\dataconnect`
 {"metadata":{"emulator":{"name":"dataconnect"},"message":"E0718 09:04:05.290010   22868 watch.go:40] Failed to load config from \"c:\\\\Users\\\\xbfmp\\\\OneDrive\\\\Apps\\\\HDR_Gallery\\\\dataconnect\": could not find dataconnect.yaml in `c:\\Users\\xbfmp\\OneDrive\\Apps\\HDR_Gallery\\dataconnect`\n"}}
[debug] [2026-07-18T07:04:15.289Z] E0718 09:04:15.289944   22868 watch.go:40] Failed to load config from "c:\\Users\\xbfmp\\OneDrive\\Apps\\HDR_Gallery\\dataconnect": could not find dataconnect.yaml in `c:\Users\xbfmp\OneDrive\Apps\HDR_Gallery\dataconnect`
 {"metadata":{"emulator":{"name":"dataconnect"},"message":"E0718 09:04:15.289944   22868 watch.go:40] Failed to load config from \"c:\\\\Users\\\\xbfmp\\\\OneDrive\\\\Apps\\\\HDR_Gallery\\\\dataconnect\": could not find dataconnect.yaml in `c:\\Users\\xbfmp\\OneDrive\\Apps\\HDR_Gallery\\dataconnect`\n"}}
[debug] [2026-07-18T07:04:25.289Z] E0718 09:04:25.290034   22868 watch.go:40] Failed to load config from "c:\\Users\\xbfmp\\OneDrive\\Apps\\HDR_Gallery\\dataconnect": could not find dataconnect.yaml in `c:\Users\xbfmp\OneDrive\Apps\HDR_Gallery\dataconnect`
 {"metadata":{"emulator":{"name":"dataconnect"},"message":"E0718 09:04:25.290034   22868 watch.go:40] Failed to load config from \"c:\\\\Users\\\\xbfmp\\\\OneDrive\\\\Apps\\\\HDR_Gallery\\\\dataconnect\": could not find dataconnect.yaml in `c:\\Users\\xbfmp\\OneDrive\\Apps\\HDR_Gallery\\dataconnect`\n"}}
[debug] [2026-07-18T07:04:35.289Z] E0718 09:04:35.289924   22868 watch.go:40] Failed to load config from "c:\\Users\\xbfmp\\OneDrive\\Apps\\HDR_Gallery\\dataconnect": could not find dataconnect.yaml in `c:\Users\xbfmp\OneDrive\Apps\HDR_Gallery\dataconnect`
 {"metadata":{"emulator":{"name":"dataconnect"},"message":"E0718 09:04:35.289924   22868 watch.go:40] Failed to load config from \"c:\\\\Users\\\\xbfmp\\\\OneDrive\\\\Apps\\\\HDR_Gallery\\\\dataconnect\": could not find dataconnect.yaml in `c:\\Users\\xbfmp\\OneDrive\\Apps\\HDR_Gallery\\dataconnect`\n"}}
[debug] [2026-07-18T07:04:45.289Z] E0718 09:04:45.289648   22868 watch.go:116] watchAllDir unable to walk dir `c:\Users\xbfmp\OneDrive\Apps\HDR_Gallery\dataconnect`: GetFileAttributesEx c:\Users\xbfmp\OneDrive\Apps\HDR_Gallery\dataconnect: El sistema no puede encontrar el archivo especificado.
 {"metadata":{"emulator":{"name":"dataconnect"},"message":"E0718 09:04:45.289648   22868 watch.go:116] watchAllDir unable to walk dir `c:\\Users\\xbfmp\\OneDrive\\Apps\\HDR_Gallery\\dataconnect`: GetFileAttributesEx c:\\Users\\xbfmp\\OneDrive\\Apps\\HDR_Gallery\\dataconnect: El sistema no puede encontrar el archivo especificado.\n"}}
[debug] [2026-07-18T07:04:45.289Z] E0718 09:04:45.289648   22868 watch.go:40] Failed to load config from "c:\\Users\\xbfmp\\OneDrive\\Apps\\HDR_Gallery\\dataconnect": could not find dataconnect.yaml in `c:\Users\xbfmp\OneDrive\Apps\HDR_Gallery\dataconnect`
 {"metadata":{"emulator":{"name":"dataconnect"},"message":"E0718 09:04:45.289648   22868 watch.go:40] Failed to load config from \"c:\\\\Users\\\\xbfmp\\\\OneDrive\\\\Apps\\\\HDR_Gallery\\\\dataconnect\": could not find dataconnect.yaml in `c:\\Users\\xbfmp\\OneDrive\\Apps\\HDR_Gallery\\dataconnect`\n"}}
[debug] [2026-07-18T07:04:55.289Z] E0718 09:04:55.289872   22868 watch.go:40] Failed to load config from "c:\\Users\\xbfmp\\OneDrive\\Apps\\HDR_Gallery\\dataconnect": could not find dataconnect.yaml in `c:\Users\xbfmp\OneDrive\Apps\HDR_Gallery\dataconnect`
 {"metadata":{"emulator":{"name":"dataconnect"},"message":"E0718 09:04:55.289872   22868 watch.go:40] Failed to load config from \"c:\\\\Users\\\\xbfmp\\\\OneDrive\\\\Apps\\\\HDR_Gallery\\\\dataconnect\": could not find dataconnect.yaml in `c:\\Users\\xbfmp\\OneDrive\\Apps\\HDR_Gallery\\dataconnect`\n"}}
[debug] [2026-07-18T07:05:05.289Z] E0718 09:05:05.289711   22868 watch.go:40] Failed to load config from "c:\\Users\\xbfmp\\OneDrive\\Apps\\HDR_Gallery\\dataconnect": could not find dataconnect.yaml in `c:\Users\xbfmp\OneDrive\Apps\HDR_Gallery\dataconnect`
 {"metadata":{"emulator":{"name":"dataconnect"},"message":"E0718 09:05:05.289711   22868 watch.go:40] Failed to load config from \"c:\\\\Users\\\\xbfmp\\\\OneDrive\\\\Apps\\\\HDR_Gallery\\\\dataconnect\": could not find dataconnect.yaml in `c:\\Users\\xbfmp\\OneDrive\\Apps\\HDR_Gallery\\dataconnect`\n"}}
[debug] [2026-07-18T07:05:15.289Z] E0718 09:05:15.289722   22868 watch.go:40] Failed to load config from "c:\\Users\\xbfmp\\OneDrive\\Apps\\HDR_Gallery\\dataconnect": could not find dataconnect.yaml in `c:\Users\xbfmp\OneDrive\Apps\HDR_Gallery\dataconnect`
 {"metadata":{"emulator":{"name":"dataconnect"},"message":"E0718 09:05:15.289722   22868 watch.go:40] Failed to load config from \"c:\\\\Users\\\\xbfmp\\\\OneDrive\\\\Apps\\\\HDR_Gallery\\\\dataconnect\": could not find dataconnect.yaml in `c:\\Users\\xbfmp\\OneDrive\\Apps\\HDR_Gallery\\dataconnect`\n"}}
[debug] [2026-07-18T07:05:25.289Z] E0718 09:05:25.289619   22868 watch.go:40] Failed to load config from "c:\\Users\\xbfmp\\OneDrive\\Apps\\HDR_Gallery\\dataconnect": could not find dataconnect.yaml in `c:\Users\xbfmp\OneDrive\Apps\HDR_Gallery\dataconnect`
 {"metadata":{"emulator":{"name":"dataconnect"},"message":"E0718 09:05:25.289619   22868 watch.go:40] Failed to load config from \"c:\\\\Users\\\\xbfmp\\\\OneDrive\\\\Apps\\\\HDR_Gallery\\\\dataconnect\": could not find dataconnect.yaml in `c:\\Users\\xbfmp\\OneDrive\\Apps\\HDR_Gallery\\dataconnect`\n"}}
[debug] [2026-07-18T07:05:35.289Z] E0718 09:05:35.289665   22868 watch.go:40] Failed to load config from "c:\\Users\\xbfmp\\OneDrive\\Apps\\HDR_Gallery\\dataconnect": could not find dataconnect.yaml in `c:\Users\xbfmp\OneDrive\Apps\HDR_Gallery\dataconnect`
 {"metadata":{"emulator":{"name":"dataconnect"},"message":"E0718 09:05:35.289665   22868 watch.go:40] Failed to load config from \"c:\\\\Users\\\\xbfmp\\\\OneDrive\\\\Apps\\\\HDR_Gallery\\\\dataconnect\": could not find dataconnect.yaml in `c:\\Users\\xbfmp\\OneDrive\\Apps\\HDR_Gallery\\dataconnect`\n"}}
[debug] [2026-07-18T07:05:45.289Z] E0718 09:05:45.289619   22868 watch.go:116] watchAllDir unable to walk dir `c:\Users\xbfmp\OneDrive\Apps\HDR_Gallery\dataconnect`: GetFileAttributesEx c:\Users\xbfmp\OneDrive\Apps\HDR_Gallery\dataconnect: El sistema no puede encontrar el archivo especificado.
 {"metadata":{"emulator":{"name":"dataconnect"},"message":"E0718 09:05:45.289619   22868 watch.go:116] watchAllDir unable to walk dir `c:\\Users\\xbfmp\\OneDrive\\Apps\\HDR_Gallery\\dataconnect`: GetFileAttributesEx c:\\Users\\xbfmp\\OneDrive\\Apps\\HDR_Gallery\\dataconnect: El sistema no puede encontrar el archivo especificado.\n"}}
[debug] [2026-07-18T07:05:45.289Z] E0718 09:05:45.289619   22868 watch.go:40] Failed to load config from "c:\\Users\\xbfmp\\OneDrive\\Apps\\HDR_Gallery\\dataconnect": could not find dataconnect.yaml in `c:\Users\xbfmp\OneDrive\Apps\HDR_Gallery\dataconnect`
 {"metadata":{"emulator":{"name":"dataconnect"},"message":"E0718 09:05:45.289619   22868 watch.go:40] Failed to load config from \"c:\\\\Users\\\\xbfmp\\\\OneDrive\\\\Apps\\\\HDR_Gallery\\\\dataconnect\": could not find dataconnect.yaml in `c:\\Users\\xbfmp\\OneDrive\\Apps\\HDR_Gallery\\dataconnect`\n"}}
[debug] [2026-07-18T07:05:55.289Z] E0718 09:05:55.289788   22868 watch.go:40] Failed to load config from "c:\\Users\\xbfmp\\OneDrive\\Apps\\HDR_Gallery\\dataconnect": could not find dataconnect.yaml in `c:\Users\xbfmp\OneDrive\Apps\HDR_Gallery\dataconnect`
 {"metadata":{"emulator":{"name":"dataconnect"},"message":"E0718 09:05:55.289788   22868 watch.go:40] Failed to load config from \"c:\\\\Users\\\\xbfmp\\\\OneDrive\\\\Apps\\\\HDR_Gallery\\\\dataconnect\": could not find dataconnect.yaml in `c:\\Users\\xbfmp\\OneDrive\\Apps\\HDR_Gallery\\dataconnect`\n"}}
[debug] [2026-07-18T07:06:05.290Z] E0718 09:06:05.290086   22868 watch.go:40] Failed to load config from "c:\\Users\\xbfmp\\OneDrive\\Apps\\HDR_Gallery\\dataconnect": could not find dataconnect.yaml in `c:\Users\xbfmp\OneDrive\Apps\HDR_Gallery\dataconnect`
 {"metadata":{"emulator":{"name":"dataconnect"},"message":"E0718 09:06:05.290086   22868 watch.go:40] Failed to load config from \"c:\\\\Users\\\\xbfmp\\\\OneDrive\\\\Apps\\\\HDR_Gallery\\\\dataconnect\": could not find dataconnect.yaml in `c:\\Users\\xbfmp\\OneDrive\\Apps\\HDR_Gallery\\dataconnect`\n"}}
[debug] [2026-07-18T07:06:15.289Z] E0718 09:06:15.289903   22868 watch.go:40] Failed to load config from "c:\\Users\\xbfmp\\OneDrive\\Apps\\HDR_Gallery\\dataconnect": could not find dataconnect.yaml in `c:\Users\xbfmp\OneDrive\Apps\HDR_Gallery\dataconnect`
 {"metadata":{"emulator":{"name":"dataconnect"},"message":"E0718 09:06:15.289903   22868 watch.go:40] Failed to load config from \"c:\\\\Users\\\\xbfmp\\\\OneDrive\\\\Apps\\\\HDR_Gallery\\\\dataconnect\": could not find dataconnect.yaml in `c:\\Users\\xbfmp\\OneDrive\\Apps\\HDR_Gallery\\dataconnect`\n"}}
[debug] [2026-07-18T07:06:25.289Z] E0718 09:06:25.290044   22868 watch.go:40] Failed to load config from "c:\\Users\\xbfmp\\OneDrive\\Apps\\HDR_Gallery\\dataconnect": could not find dataconnect.yaml in `c:\Users\xbfmp\OneDrive\Apps\HDR_Gallery\dataconnect`
 {"metadata":{"emulator":{"name":"dataconnect"},"message":"E0718 09:06:25.290044   22868 watch.go:40] Failed to load config from \"c:\\\\Users\\\\xbfmp\\\\OneDrive\\\\Apps\\\\HDR_Gallery\\\\dataconnect\": could not find dataconnect.yaml in `c:\\Users\\xbfmp\\OneDrive\\Apps\\HDR_Gallery\\dataconnect`\n"}}
[debug] [2026-07-18T07:06:35.290Z] E0718 09:06:35.289983   22868 watch.go:40] Failed to load config from "c:\\Users\\xbfmp\\OneDrive\\Apps\\HDR_Gallery\\dataconnect": could not find dataconnect.yaml in `c:\Users\xbfmp\OneDrive\Apps\HDR_Gallery\dataconnect`
 {"metadata":{"emulator":{"name":"dataconnect"},"message":"E0718 09:06:35.289983   22868 watch.go:40] Failed to load config from \"c:\\\\Users\\\\xbfmp\\\\OneDrive\\\\Apps\\\\HDR_Gallery\\\\dataconnect\": could not find dataconnect.yaml in `c:\\Users\\xbfmp\\OneDrive\\Apps\\HDR_Gallery\\dataconnect`\n"}}
[debug] [2026-07-18T07:06:45.289Z] E0718 09:06:45.289793   22868 watch.go:116] watchAllDir unable to walk dir `c:\Users\xbfmp\OneDrive\Apps\HDR_Gallery\dataconnect`: GetFileAttributesEx c:\Users\xbfmp\OneDrive\Apps\HDR_Gallery\dataconnect: El sistema no puede encontrar el archivo especificado.
 {"metadata":{"emulator":{"name":"dataconnect"},"message":"E0718 09:06:45.289793   22868 watch.go:116] watchAllDir unable to walk dir `c:\\Users\\xbfmp\\OneDrive\\Apps\\HDR_Gallery\\dataconnect`: GetFileAttributesEx c:\\Users\\xbfmp\\OneDrive\\Apps\\HDR_Gallery\\dataconnect: El sistema no puede encontrar el archivo especificado.\n"}}
[debug] [2026-07-18T07:06:45.290Z] E0718 09:06:45.289793   22868 watch.go:40] Failed to load config from "c:\\Users\\xbfmp\\OneDrive\\Apps\\HDR_Gallery\\dataconnect": could not find dataconnect.yaml in `c:\Users\xbfmp\OneDrive\Apps\HDR_Gallery\dataconnect`
 {"metadata":{"emulator":{"name":"dataconnect"},"message":"E0718 09:06:45.289793   22868 watch.go:40] Failed to load config from \"c:\\\\Users\\\\xbfmp\\\\OneDrive\\\\Apps\\\\HDR_Gallery\\\\dataconnect\": could not find dataconnect.yaml in `c:\\Users\\xbfmp\\OneDrive\\Apps\\HDR_Gallery\\dataconnect`\n"}}
[debug] [2026-07-18T07:06:55.290Z] E0718 09:06:55.290157   22868 watch.go:40] Failed to load config from "c:\\Users\\xbfmp\\OneDrive\\Apps\\HDR_Gallery\\dataconnect": could not find dataconnect.yaml in `c:\Users\xbfmp\OneDrive\Apps\HDR_Gallery\dataconnect`
 {"metadata":{"emulator":{"name":"dataconnect"},"message":"E0718 09:06:55.290157   22868 watch.go:40] Failed to load config from \"c:\\\\Users\\\\xbfmp\\\\OneDrive\\\\Apps\\\\HDR_Gallery\\\\dataconnect\": could not find dataconnect.yaml in `c:\\Users\\xbfmp\\OneDrive\\Apps\\HDR_Gallery\\dataconnect`\n"}}
[debug] [2026-07-18T07:07:05.289Z] E0718 09:07:05.290028   22868 watch.go:40] Failed to load config from "c:\\Users\\xbfmp\\OneDrive\\Apps\\HDR_Gallery\\dataconnect": could not find dataconnect.yaml in `c:\Users\xbfmp\OneDrive\Apps\HDR_Gallery\dataconnect`
 {"metadata":{"emulator":{"name":"dataconnect"},"message":"E0718 09:07:05.290028   22868 watch.go:40] Failed to load config from \"c:\\\\Users\\\\xbfmp\\\\OneDrive\\\\Apps\\\\HDR_Gallery\\\\dataconnect\": could not find dataconnect.yaml in `c:\\Users\\xbfmp\\OneDrive\\Apps\\HDR_Gallery\\dataconnect`\n"}}
[debug] [2026-07-18T07:07:15.289Z] E0718 09:07:15.289608   22868 watch.go:40] Failed to load config from "c:\\Users\\xbfmp\\OneDrive\\Apps\\HDR_Gallery\\dataconnect": could not find dataconnect.yaml in `c:\Users\xbfmp\OneDrive\Apps\HDR_Gallery\dataconnect`
 {"metadata":{"emulator":{"name":"dataconnect"},"message":"E0718 09:07:15.289608   22868 watch.go:40] Failed to load config from \"c:\\\\Users\\\\xbfmp\\\\OneDrive\\\\Apps\\\\HDR_Gallery\\\\dataconnect\": could not find dataconnect.yaml in `c:\\Users\\xbfmp\\OneDrive\\Apps\\HDR_Gallery\\dataconnect`\n"}}
[debug] [2026-07-18T07:07:25.289Z] E0718 09:07:25.289955   22868 watch.go:40] Failed to load config from "c:\\Users\\xbfmp\\OneDrive\\Apps\\HDR_Gallery\\dataconnect": could not find dataconnect.yaml in `c:\Users\xbfmp\OneDrive\Apps\HDR_Gallery\dataconnect`
 {"metadata":{"emulator":{"name":"dataconnect"},"message":"E0718 09:07:25.289955   22868 watch.go:40] Failed to load config from \"c:\\\\Users\\\\xbfmp\\\\OneDrive\\\\Apps\\\\HDR_Gallery\\\\dataconnect\": could not find dataconnect.yaml in `c:\\Users\\xbfmp\\OneDrive\\Apps\\HDR_Gallery\\dataconnect`\n"}}
[debug] [2026-07-18T07:07:35.289Z] E0718 09:07:35.289591   22868 watch.go:40] Failed to load config from "c:\\Users\\xbfmp\\OneDrive\\Apps\\HDR_Gallery\\dataconnect": could not find dataconnect.yaml in `c:\Users\xbfmp\OneDrive\Apps\HDR_Gallery\dataconnect`
 {"metadata":{"emulator":{"name":"dataconnect"},"message":"E0718 09:07:35.289591   22868 watch.go:40] Failed to load config from \"c:\\\\Users\\\\xbfmp\\\\OneDrive\\\\Apps\\\\HDR_Gallery\\\\dataconnect\": could not find dataconnect.yaml in `c:\\Users\\xbfmp\\OneDrive\\Apps\\HDR_Gallery\\dataconnect`\n"}}
[debug] [2026-07-18T07:07:45.289Z] E0718 09:07:45.289649   22868 watch.go:116] watchAllDir unable to walk dir `c:\Users\xbfmp\OneDrive\Apps\HDR_Gallery\dataconnect`: GetFileAttributesEx c:\Users\xbfmp\OneDrive\Apps\HDR_Gallery\dataconnect: El sistema no puede encontrar el archivo especificado.
 {"metadata":{"emulator":{"name":"dataconnect"},"message":"E0718 09:07:45.289649   22868 watch.go:116] watchAllDir unable to walk dir `c:\\Users\\xbfmp\\OneDrive\\Apps\\HDR_Gallery\\dataconnect`: GetFileAttributesEx c:\\Users\\xbfmp\\OneDrive\\Apps\\HDR_Gallery\\dataconnect: El sistema no puede encontrar el archivo especificado.\n"}}
[debug] [2026-07-18T07:07:45.290Z] E0718 09:07:45.289649   22868 watch.go:40] Failed to load config from "c:\\Users\\xbfmp\\OneDrive\\Apps\\HDR_Gallery\\dataconnect": could not find dataconnect.yaml in `c:\Users\xbfmp\OneDrive\Apps\HDR_Gallery\dataconnect`
 {"metadata":{"emulator":{"name":"dataconnect"},"message":"E0718 09:07:45.289649   22868 watch.go:40] Failed to load config from \"c:\\\\Users\\\\xbfmp\\\\OneDrive\\\\Apps\\\\HDR_Gallery\\\\dataconnect\": could not find dataconnect.yaml in `c:\\Users\\xbfmp\\OneDrive\\Apps\\HDR_Gallery\\dataconnect`\n"}}
[debug] [2026-07-18T07:07:55.290Z] E0718 09:07:55.289777   22868 watch.go:40] Failed to load config from "c:\\Users\\xbfmp\\OneDrive\\Apps\\HDR_Gallery\\dataconnect": could not find dataconnect.yaml in `c:\Users\xbfmp\OneDrive\Apps\HDR_Gallery\dataconnect`
 {"metadata":{"emulator":{"name":"dataconnect"},"message":"E0718 09:07:55.289777   22868 watch.go:40] Failed to load config from \"c:\\\\Users\\\\xbfmp\\\\OneDrive\\\\Apps\\\\HDR_Gallery\\\\dataconnect\": could not find dataconnect.yaml in `c:\\Users\\xbfmp\\OneDrive\\Apps\\HDR_Gallery\\dataconnect`\n"}}
[debug] [2026-07-18T07:08:05.290Z] E0718 09:08:05.289745   22868 watch.go:40] Failed to load config from "c:\\Users\\xbfmp\\OneDrive\\Apps\\HDR_Gallery\\dataconnect": could not find dataconnect.yaml in `c:\Users\xbfmp\OneDrive\Apps\HDR_Gallery\dataconnect`
 {"metadata":{"emulator":{"name":"dataconnect"},"message":"E0718 09:08:05.289745   22868 watch.go:40] Failed to load config from \"c:\\\\Users\\\\xbfmp\\\\OneDrive\\\\Apps\\\\HDR_Gallery\\\\dataconnect\": could not find dataconnect.yaml in `c:\\Users\\xbfmp\\OneDrive\\Apps\\HDR_Gallery\\dataconnect`\n"}}
[debug] [2026-07-18T07:08:15.289Z] E0718 09:08:15.289597   22868 watch.go:40] Failed to load config from "c:\\Users\\xbfmp\\OneDrive\\Apps\\HDR_Gallery\\dataconnect": could not find dataconnect.yaml in `c:\Users\xbfmp\OneDrive\Apps\HDR_Gallery\dataconnect`
 {"metadata":{"emulator":{"name":"dataconnect"},"message":"E0718 09:08:15.289597   22868 watch.go:40] Failed to load config from \"c:\\\\Users\\\\xbfmp\\\\OneDrive\\\\Apps\\\\HDR_Gallery\\\\dataconnect\": could not find dataconnect.yaml in `c:\\Users\\xbfmp\\OneDrive\\Apps\\HDR_Gallery\\dataconnect`\n"}}
[debug] [2026-07-18T07:08:25.290Z] E0718 09:08:25.289727   22868 watch.go:40] Failed to load config from "c:\\Users\\xbfmp\\OneDrive\\Apps\\HDR_Gallery\\dataconnect": could not find dataconnect.yaml in `c:\Users\xbfmp\OneDrive\Apps\HDR_Gallery\dataconnect`
 {"metadata":{"emulator":{"name":"dataconnect"},"message":"E0718 09:08:25.289727   22868 watch.go:40] Failed to load config from \"c:\\\\Users\\\\xbfmp\\\\OneDrive\\\\Apps\\\\HDR_Gallery\\\\dataconnect\": could not find dataconnect.yaml in `c:\\Users\\xbfmp\\OneDrive\\Apps\\HDR_Gallery\\dataconnect`\n"}}
[debug] [2026-07-18T07:08:35.290Z] E0718 09:08:35.290027   22868 watch.go:40] Failed to load config from "c:\\Users\\xbfmp\\OneDrive\\Apps\\HDR_Gallery\\dataconnect": could not find dataconnect.yaml in `c:\Users\xbfmp\OneDrive\Apps\HDR_Gallery\dataconnect`
 {"metadata":{"emulator":{"name":"dataconnect"},"message":"E0718 09:08:35.290027   22868 watch.go:40] Failed to load config from \"c:\\\\Users\\\\xbfmp\\\\OneDrive\\\\Apps\\\\HDR_Gallery\\\\dataconnect\": could not find dataconnect.yaml in `c:\\Users\\xbfmp\\OneDrive\\Apps\\HDR_Gallery\\dataconnect`\n"}}
[debug] [2026-07-18T07:08:45.289Z] E0718 09:08:45.289736   22868 watch.go:116] watchAllDir unable to walk dir `c:\Users\xbfmp\OneDrive\Apps\HDR_Gallery\dataconnect`: GetFileAttributesEx c:\Users\xbfmp\OneDrive\Apps\HDR_Gallery\dataconnect: El sistema no puede encontrar el archivo especificado.
 {"metadata":{"emulator":{"name":"dataconnect"},"message":"E0718 09:08:45.289736   22868 watch.go:116] watchAllDir unable to walk dir `c:\\Users\\xbfmp\\OneDrive\\Apps\\HDR_Gallery\\dataconnect`: GetFileAttributesEx c:\\Users\\xbfmp\\OneDrive\\Apps\\HDR_Gallery\\dataconnect: El sistema no puede encontrar el archivo especificado.\n"}}
[debug] [2026-07-18T07:08:45.290Z] E0718 09:08:45.289736   22868 watch.go:40] Failed to load config from "c:\\Users\\xbfmp\\OneDrive\\Apps\\HDR_Gallery\\dataconnect": could not find dataconnect.yaml in `c:\Users\xbfmp\OneDrive\Apps\HDR_Gallery\dataconnect`
 {"metadata":{"emulator":{"name":"dataconnect"},"message":"E0718 09:08:45.289736   22868 watch.go:40] Failed to load config from \"c:\\\\Users\\\\xbfmp\\\\OneDrive\\\\Apps\\\\HDR_Gallery\\\\dataconnect\": could not find dataconnect.yaml in `c:\\Users\\xbfmp\\OneDrive\\Apps\\HDR_Gallery\\dataconnect`\n"}}
[debug] [2026-07-18T07:08:55.290Z] E0718 09:08:55.289955   22868 watch.go:40] Failed to load config from "c:\\Users\\xbfmp\\OneDrive\\Apps\\HDR_Gallery\\dataconnect": could not find dataconnect.yaml in `c:\Users\xbfmp\OneDrive\Apps\HDR_Gallery\dataconnect`
 {"metadata":{"emulator":{"name":"dataconnect"},"message":"E0718 09:08:55.289955   22868 watch.go:40] Failed to load config from \"c:\\\\Users\\\\xbfmp\\\\OneDrive\\\\Apps\\\\HDR_Gallery\\\\dataconnect\": could not find dataconnect.yaml in `c:\\Users\\xbfmp\\OneDrive\\Apps\\HDR_Gallery\\dataconnect`\n"}}
[debug] [2026-07-18T07:09:05.290Z] E0718 09:09:05.289811   22868 watch.go:40] Failed to load config from "c:\\Users\\xbfmp\\OneDrive\\Apps\\HDR_Gallery\\dataconnect": could not find dataconnect.yaml in `c:\Users\xbfmp\OneDrive\Apps\HDR_Gallery\dataconnect`
 {"metadata":{"emulator":{"name":"dataconnect"},"message":"E0718 09:09:05.289811   22868 watch.go:40] Failed to load config from \"c:\\\\Users\\\\xbfmp\\\\OneDrive\\\\Apps\\\\HDR_Gallery\\\\dataconnect\": could not find dataconnect.yaml in `c:\\Users\\xbfmp\\OneDrive\\Apps\\HDR_Gallery\\dataconnect`\n"}}
[debug] [2026-07-18T07:09:15.290Z] E0718 09:09:15.289894   22868 watch.go:40] Failed to load config from "c:\\Users\\xbfmp\\OneDrive\\Apps\\HDR_Gallery\\dataconnect": could not find dataconnect.yaml in `c:\Users\xbfmp\OneDrive\Apps\HDR_Gallery\dataconnect`
 {"metadata":{"emulator":{"name":"dataconnect"},"message":"E0718 09:09:15.289894   22868 watch.go:40] Failed to load config from \"c:\\\\Users\\\\xbfmp\\\\OneDrive\\\\Apps\\\\HDR_Gallery\\\\dataconnect\": could not find dataconnect.yaml in `c:\\Users\\xbfmp\\OneDrive\\Apps\\HDR_Gallery\\dataconnect`\n"}}
[debug] [2026-07-18T07:09:25.289Z] E0718 09:09:25.289595   22868 watch.go:40] Failed to load config from "c:\\Users\\xbfmp\\OneDrive\\Apps\\HDR_Gallery\\dataconnect": could not find dataconnect.yaml in `c:\Users\xbfmp\OneDrive\Apps\HDR_Gallery\dataconnect`
 {"metadata":{"emulator":{"name":"dataconnect"},"message":"E0718 09:09:25.289595   22868 watch.go:40] Failed to load config from \"c:\\\\Users\\\\xbfmp\\\\OneDrive\\\\Apps\\\\HDR_Gallery\\\\dataconnect\": could not find dataconnect.yaml in `c:\\Users\\xbfmp\\OneDrive\\Apps\\HDR_Gallery\\dataconnect`\n"}}
[debug] [2026-07-18T07:09:35.290Z] E0718 09:09:35.289866   22868 watch.go:40] Failed to load config from "c:\\Users\\xbfmp\\OneDrive\\Apps\\HDR_Gallery\\dataconnect": could not find dataconnect.yaml in `c:\Users\xbfmp\OneDrive\Apps\HDR_Gallery\dataconnect`
 {"metadata":{"emulator":{"name":"dataconnect"},"message":"E0718 09:09:35.289866   22868 watch.go:40] Failed to load config from \"c:\\\\Users\\\\xbfmp\\\\OneDrive\\\\Apps\\\\HDR_Gallery\\\\dataconnect\": could not find dataconnect.yaml in `c:\\Users\\xbfmp\\OneDrive\\Apps\\HDR_Gallery\\dataconnect`\n"}}
[debug] [2026-07-18T07:09:45.289Z] E0718 09:09:45.289652   22868 watch.go:116] watchAllDir unable to walk dir `c:\Users\xbfmp\OneDrive\Apps\HDR_Gallery\dataconnect`: GetFileAttributesEx c:\Users\xbfmp\OneDrive\Apps\HDR_Gallery\dataconnect: El sistema no puede encontrar el archivo especificado.
 {"metadata":{"emulator":{"name":"dataconnect"},"message":"E0718 09:09:45.289652   22868 watch.go:116] watchAllDir unable to walk dir `c:\\Users\\xbfmp\\OneDrive\\Apps\\HDR_Gallery\\dataconnect`: GetFileAttributesEx c:\\Users\\xbfmp\\OneDrive\\Apps\\HDR_Gallery\\dataconnect: El sistema no puede encontrar el archivo especificado.\n"}}
[debug] [2026-07-18T07:09:45.290Z] E0718 09:09:45.289652   22868 watch.go:40] Failed to load config from "c:\\Users\\xbfmp\\OneDrive\\Apps\\HDR_Gallery\\dataconnect": could not find dataconnect.yaml in `c:\Users\xbfmp\OneDrive\Apps\HDR_Gallery\dataconnect`
 {"metadata":{"emulator":{"name":"dataconnect"},"message":"E0718 09:09:45.289652   22868 watch.go:40] Failed to load config from \"c:\\\\Users\\\\xbfmp\\\\OneDrive\\\\Apps\\\\HDR_Gallery\\\\dataconnect\": could not find dataconnect.yaml in `c:\\Users\\xbfmp\\OneDrive\\Apps\\HDR_Gallery\\dataconnect`\n"}}
[debug] [2026-07-18T07:09:55.290Z] E0718 09:09:55.290078   22868 watch.go:40] Failed to load config from "c:\\Users\\xbfmp\\OneDrive\\Apps\\HDR_Gallery\\dataconnect": could not find dataconnect.yaml in `c:\Users\xbfmp\OneDrive\Apps\HDR_Gallery\dataconnect`
 {"metadata":{"emulator":{"name":"dataconnect"},"message":"E0718 09:09:55.290078   22868 watch.go:40] Failed to load config from \"c:\\\\Users\\\\xbfmp\\\\OneDrive\\\\Apps\\\\HDR_Gallery\\\\dataconnect\": could not find dataconnect.yaml in `c:\\Users\\xbfmp\\OneDrive\\Apps\\HDR_Gallery\\dataconnect`\n"}}
[debug] [2026-07-18T07:10:05.290Z] E0718 09:10:05.289849   22868 watch.go:40] Failed to load config from "c:\\Users\\xbfmp\\OneDrive\\Apps\\HDR_Gallery\\dataconnect": could not find dataconnect.yaml in `c:\Users\xbfmp\OneDrive\Apps\HDR_Gallery\dataconnect`
 {"metadata":{"emulator":{"name":"dataconnect"},"message":"E0718 09:10:05.289849   22868 watch.go:40] Failed to load config from \"c:\\\\Users\\\\xbfmp\\\\OneDrive\\\\Apps\\\\HDR_Gallery\\\\dataconnect\": could not find dataconnect.yaml in `c:\\Users\\xbfmp\\OneDrive\\Apps\\HDR_Gallery\\dataconnect`\n"}}
[debug] [2026-07-18T07:10:15.290Z] E0718 09:10:15.290057   22868 watch.go:40] Failed to load config from "c:\\Users\\xbfmp\\OneDrive\\Apps\\HDR_Gallery\\dataconnect": could not find dataconnect.yaml in `c:\Users\xbfmp\OneDrive\Apps\HDR_Gallery\dataconnect`
 {"metadata":{"emulator":{"name":"dataconnect"},"message":"E0718 09:10:15.290057   22868 watch.go:40] Failed to load config from \"c:\\\\Users\\\\xbfmp\\\\OneDrive\\\\Apps\\\\HDR_Gallery\\\\dataconnect\": could not find dataconnect.yaml in `c:\\Users\\xbfmp\\OneDrive\\Apps\\HDR_Gallery\\dataconnect`\n"}}
[debug] [2026-07-18T07:10:25.289Z] E0718 09:10:25.289728   22868 watch.go:40] Failed to load config from "c:\\Users\\xbfmp\\OneDrive\\Apps\\HDR_Gallery\\dataconnect": could not find dataconnect.yaml in `c:\Users\xbfmp\OneDrive\Apps\HDR_Gallery\dataconnect`
 {"metadata":{"emulator":{"name":"dataconnect"},"message":"E0718 09:10:25.289728   22868 watch.go:40] Failed to load config from \"c:\\\\Users\\\\xbfmp\\\\OneDrive\\\\Apps\\\\HDR_Gallery\\\\dataconnect\": could not find dataconnect.yaml in `c:\\Users\\xbfmp\\OneDrive\\Apps\\HDR_Gallery\\dataconnect`\n"}}
[debug] [2026-07-18T07:10:35.290Z] E0718 09:10:35.289873   22868 watch.go:40] Failed to load config from "c:\\Users\\xbfmp\\OneDrive\\Apps\\HDR_Gallery\\dataconnect": could not find dataconnect.yaml in `c:\Users\xbfmp\OneDrive\Apps\HDR_Gallery\dataconnect`
 {"metadata":{"emulator":{"name":"dataconnect"},"message":"E0718 09:10:35.289873   22868 watch.go:40] Failed to load config from \"c:\\\\Users\\\\xbfmp\\\\OneDrive\\\\Apps\\\\HDR_Gallery\\\\dataconnect\": could not find dataconnect.yaml in `c:\\Users\\xbfmp\\OneDrive\\Apps\\HDR_Gallery\\dataconnect`\n"}}
[debug] [2026-07-18T07:10:45.289Z] E0718 09:10:45.289803   22868 watch.go:116] watchAllDir unable to walk dir `c:\Users\xbfmp\OneDrive\Apps\HDR_Gallery\dataconnect`: GetFileAttributesEx c:\Users\xbfmp\OneDrive\Apps\HDR_Gallery\dataconnect: El sistema no puede encontrar el archivo especificado.
 {"metadata":{"emulator":{"name":"dataconnect"},"message":"E0718 09:10:45.289803   22868 watch.go:116] watchAllDir unable to walk dir `c:\\Users\\xbfmp\\OneDrive\\Apps\\HDR_Gallery\\dataconnect`: GetFileAttributesEx c:\\Users\\xbfmp\\OneDrive\\Apps\\HDR_Gallery\\dataconnect: El sistema no puede encontrar el archivo especificado.\n"}}
[debug] [2026-07-18T07:10:45.290Z] E0718 09:10:45.289803   22868 watch.go:40] Failed to load config from "c:\\Users\\xbfmp\\OneDrive\\Apps\\HDR_Gallery\\dataconnect": could not find dataconnect.yaml in `c:\Users\xbfmp\OneDrive\Apps\HDR_Gallery\dataconnect`
 {"metadata":{"emulator":{"name":"dataconnect"},"message":"E0718 09:10:45.289803   22868 watch.go:40] Failed to load config from \"c:\\\\Users\\\\xbfmp\\\\OneDrive\\\\Apps\\\\HDR_Gallery\\\\dataconnect\": could not find dataconnect.yaml in `c:\\Users\\xbfmp\\OneDrive\\Apps\\HDR_Gallery\\dataconnect`\n"}}
[debug] [2026-07-18T07:10:55.290Z] E0718 09:10:55.290162   22868 watch.go:40] Failed to load config from "c:\\Users\\xbfmp\\OneDrive\\Apps\\HDR_Gallery\\dataconnect": could not find dataconnect.yaml in `c:\Users\xbfmp\OneDrive\Apps\HDR_Gallery\dataconnect`
 {"metadata":{"emulator":{"name":"dataconnect"},"message":"E0718 09:10:55.290162   22868 watch.go:40] Failed to load config from \"c:\\\\Users\\\\xbfmp\\\\OneDrive\\\\Apps\\\\HDR_Gallery\\\\dataconnect\": could not find dataconnect.yaml in `c:\\Users\\xbfmp\\OneDrive\\Apps\\HDR_Gallery\\dataconnect`\n"}}
[debug] [2026-07-18T07:11:05.289Z] E0718 09:11:05.289625   22868 watch.go:40] Failed to load config from "c:\\Users\\xbfmp\\OneDrive\\Apps\\HDR_Gallery\\dataconnect": could not find dataconnect.yaml in `c:\Users\xbfmp\OneDrive\Apps\HDR_Gallery\dataconnect`
 {"metadata":{"emulator":{"name":"dataconnect"},"message":"E0718 09:11:05.289625   22868 watch.go:40] Failed to load config from \"c:\\\\Users\\\\xbfmp\\\\OneDrive\\\\Apps\\\\HDR_Gallery\\\\dataconnect\": could not find dataconnect.yaml in `c:\\Users\\xbfmp\\OneDrive\\Apps\\HDR_Gallery\\dataconnect`\n"}}
[debug] [2026-07-18T07:11:15.290Z] E0718 09:11:15.289953   22868 watch.go:40] Failed to load config from "c:\\Users\\xbfmp\\OneDrive\\Apps\\HDR_Gallery\\dataconnect": could not find dataconnect.yaml in `c:\Users\xbfmp\OneDrive\Apps\HDR_Gallery\dataconnect`
 {"metadata":{"emulator":{"name":"dataconnect"},"message":"E0718 09:11:15.289953   22868 watch.go:40] Failed to load config from \"c:\\\\Users\\\\xbfmp\\\\OneDrive\\\\Apps\\\\HDR_Gallery\\\\dataconnect\": could not find dataconnect.yaml in `c:\\Users\\xbfmp\\OneDrive\\Apps\\HDR_Gallery\\dataconnect`\n"}}
[debug] [2026-07-18T07:11:25.289Z] E0718 09:11:25.289600   22868 watch.go:40] Failed to load config from "c:\\Users\\xbfmp\\OneDrive\\Apps\\HDR_Gallery\\dataconnect": could not find dataconnect.yaml in `c:\Users\xbfmp\OneDrive\Apps\HDR_Gallery\dataconnect`
 {"metadata":{"emulator":{"name":"dataconnect"},"message":"E0718 09:11:25.289600   22868 watch.go:40] Failed to load config from \"c:\\\\Users\\\\xbfmp\\\\OneDrive\\\\Apps\\\\HDR_Gallery\\\\dataconnect\": could not find dataconnect.yaml in `c:\\Users\\xbfmp\\OneDrive\\Apps\\HDR_Gallery\\dataconnect`\n"}}
[debug] [2026-07-18T07:11:35.290Z] E0718 09:11:35.289865   22868 watch.go:40] Failed to load config from "c:\\Users\\xbfmp\\OneDrive\\Apps\\HDR_Gallery\\dataconnect": could not find dataconnect.yaml in `c:\Users\xbfmp\OneDrive\Apps\HDR_Gallery\dataconnect`
 {"metadata":{"emulator":{"name":"dataconnect"},"message":"E0718 09:11:35.289865   22868 watch.go:40] Failed to load config from \"c:\\\\Users\\\\xbfmp\\\\OneDrive\\\\Apps\\\\HDR_Gallery\\\\dataconnect\": could not find dataconnect.yaml in `c:\\Users\\xbfmp\\OneDrive\\Apps\\HDR_Gallery\\dataconnect`\n"}}
[debug] [2026-07-18T07:11:45.289Z] E0718 09:11:45.289589   22868 watch.go:116] watchAllDir unable to walk dir `c:\Users\xbfmp\OneDrive\Apps\HDR_Gallery\dataconnect`: GetFileAttributesEx c:\Users\xbfmp\OneDrive\Apps\HDR_Gallery\dataconnect: El sistema no puede encontrar el archivo especificado.
 {"metadata":{"emulator":{"name":"dataconnect"},"message":"E0718 09:11:45.289589   22868 watch.go:116] watchAllDir unable to walk dir `c:\\Users\\xbfmp\\OneDrive\\Apps\\HDR_Gallery\\dataconnect`: GetFileAttributesEx c:\\Users\\xbfmp\\OneDrive\\Apps\\HDR_Gallery\\dataconnect: El sistema no puede encontrar el archivo especificado.\n"}}
[debug] [2026-07-18T07:11:45.290Z] E0718 09:11:45.289589   22868 watch.go:40] Failed to load config from "c:\\Users\\xbfmp\\OneDrive\\Apps\\HDR_Gallery\\dataconnect": could not find dataconnect.yaml in `c:\Users\xbfmp\OneDrive\Apps\HDR_Gallery\dataconnect`
 {"metadata":{"emulator":{"name":"dataconnect"},"message":"E0718 09:11:45.289589   22868 watch.go:40] Failed to load config from \"c:\\\\Users\\\\xbfmp\\\\OneDrive\\\\Apps\\\\HDR_Gallery\\\\dataconnect\": could not find dataconnect.yaml in `c:\\Users\\xbfmp\\OneDrive\\Apps\\HDR_Gallery\\dataconnect`\n"}}
[debug] [2026-07-18T07:11:55.290Z] E0718 09:11:55.289941   22868 watch.go:40] Failed to load config from "c:\\Users\\xbfmp\\OneDrive\\Apps\\HDR_Gallery\\dataconnect": could not find dataconnect.yaml in `c:\Users\xbfmp\OneDrive\Apps\HDR_Gallery\dataconnect`
 {"metadata":{"emulator":{"name":"dataconnect"},"message":"E0718 09:11:55.289941   22868 watch.go:40] Failed to load config from \"c:\\\\Users\\\\xbfmp\\\\OneDrive\\\\Apps\\\\HDR_Gallery\\\\dataconnect\": could not find dataconnect.yaml in `c:\\Users\\xbfmp\\OneDrive\\Apps\\HDR_Gallery\\dataconnect`\n"}}
[debug] [2026-07-18T07:12:05.290Z] E0718 09:12:05.289989   22868 watch.go:40] Failed to load config from "c:\\Users\\xbfmp\\OneDrive\\Apps\\HDR_Gallery\\dataconnect": could not find dataconnect.yaml in `c:\Users\xbfmp\OneDrive\Apps\HDR_Gallery\dataconnect`
 {"metadata":{"emulator":{"name":"dataconnect"},"message":"E0718 09:12:05.289989   22868 watch.go:40] Failed to load config from \"c:\\\\Users\\\\xbfmp\\\\OneDrive\\\\Apps\\\\HDR_Gallery\\\\dataconnect\": could not find dataconnect.yaml in `c:\\Users\\xbfmp\\OneDrive\\Apps\\HDR_Gallery\\dataconnect`\n"}}
[debug] [2026-07-18T07:12:15.290Z] E0718 09:12:15.289850   22868 watch.go:40] Failed to load config from "c:\\Users\\xbfmp\\OneDrive\\Apps\\HDR_Gallery\\dataconnect": could not find dataconnect.yaml in `c:\Users\xbfmp\OneDrive\Apps\HDR_Gallery\dataconnect`
 {"metadata":{"emulator":{"name":"dataconnect"},"message":"E0718 09:12:15.289850   22868 watch.go:40] Failed to load config from \"c:\\\\Users\\\\xbfmp\\\\OneDrive\\\\Apps\\\\HDR_Gallery\\\\dataconnect\": could not find dataconnect.yaml in `c:\\Users\\xbfmp\\OneDrive\\Apps\\HDR_Gallery\\dataconnect`\n"}}
[debug] [2026-07-18T07:12:25.290Z] E0718 09:12:25.289825   22868 watch.go:40] Failed to load config from "c:\\Users\\xbfmp\\OneDrive\\Apps\\HDR_Gallery\\dataconnect": could not find dataconnect.yaml in `c:\Users\xbfmp\OneDrive\Apps\HDR_Gallery\dataconnect`
 {"metadata":{"emulator":{"name":"dataconnect"},"message":"E0718 09:12:25.289825   22868 watch.go:40] Failed to load config from \"c:\\\\Users\\\\xbfmp\\\\OneDrive\\\\Apps\\\\HDR_Gallery\\\\dataconnect\": could not find dataconnect.yaml in `c:\\Users\\xbfmp\\OneDrive\\Apps\\HDR_Gallery\\dataconnect`\n"}}
[debug] [2026-07-18T07:12:35.290Z] E0718 09:12:35.289791   22868 watch.go:40] Failed to load config from "c:\\Users\\xbfmp\\OneDrive\\Apps\\HDR_Gallery\\dataconnect": could not find dataconnect.yaml in `c:\Users\xbfmp\OneDrive\Apps\HDR_Gallery\dataconnect`
 {"metadata":{"emulator":{"name":"dataconnect"},"message":"E0718 09:12:35.289791   22868 watch.go:40] Failed to load config from \"c:\\\\Users\\\\xbfmp\\\\OneDrive\\\\Apps\\\\HDR_Gallery\\\\dataconnect\": could not find dataconnect.yaml in `c:\\Users\\xbfmp\\OneDrive\\Apps\\HDR_Gallery\\dataconnect`\n"}}
[debug] [2026-07-18T07:12:45.290Z] E0718 09:12:45.289998   22868 watch.go:116] watchAllDir unable to walk dir `c:\Users\xbfmp\OneDrive\Apps\HDR_Gallery\dataconnect`: GetFileAttributesEx c:\Users\xbfmp\OneDrive\Apps\HDR_Gallery\dataconnect: El sistema no puede encontrar el archivo especificado.
 {"metadata":{"emulator":{"name":"dataconnect"},"message":"E0718 09:12:45.289998   22868 watch.go:116] watchAllDir unable to walk dir `c:\\Users\\xbfmp\\OneDrive\\Apps\\HDR_Gallery\\dataconnect`: GetFileAttributesEx c:\\Users\\xbfmp\\OneDrive\\Apps\\HDR_Gallery\\dataconnect: El sistema no puede encontrar el archivo especificado.\n"}}
[debug] [2026-07-18T07:12:45.290Z] E0718 09:12:45.289998   22868 watch.go:40] Failed to load config from "c:\\Users\\xbfmp\\OneDrive\\Apps\\HDR_Gallery\\dataconnect": could not find dataconnect.yaml in `c:\Users\xbfmp\OneDrive\Apps\HDR_Gallery\dataconnect`
 {"metadata":{"emulator":{"name":"dataconnect"},"message":"E0718 09:12:45.289998   22868 watch.go:40] Failed to load config from \"c:\\\\Users\\\\xbfmp\\\\OneDrive\\\\Apps\\\\HDR_Gallery\\\\dataconnect\": could not find dataconnect.yaml in `c:\\Users\\xbfmp\\OneDrive\\Apps\\HDR_Gallery\\dataconnect`\n"}}
[debug] [2026-07-18T07:12:55.290Z] E0718 09:12:55.290038   22868 watch.go:40] Failed to load config from "c:\\Users\\xbfmp\\OneDrive\\Apps\\HDR_Gallery\\dataconnect": could not find dataconnect.yaml in `c:\Users\xbfmp\OneDrive\Apps\HDR_Gallery\dataconnect`
 {"metadata":{"emulator":{"name":"dataconnect"},"message":"E0718 09:12:55.290038   22868 watch.go:40] Failed to load config from \"c:\\\\Users\\\\xbfmp\\\\OneDrive\\\\Apps\\\\HDR_Gallery\\\\dataconnect\": could not find dataconnect.yaml in `c:\\Users\\xbfmp\\OneDrive\\Apps\\HDR_Gallery\\dataconnect`\n"}}
[debug] [2026-07-18T07:13:05.290Z] E0718 09:13:05.289974   22868 watch.go:40] Failed to load config from "c:\\Users\\xbfmp\\OneDrive\\Apps\\HDR_Gallery\\dataconnect": could not find dataconnect.yaml in `c:\Users\xbfmp\OneDrive\Apps\HDR_Gallery\dataconnect`
 {"metadata":{"emulator":{"name":"dataconnect"},"message":"E0718 09:13:05.289974   22868 watch.go:40] Failed to load config from \"c:\\\\Users\\\\xbfmp\\\\OneDrive\\\\Apps\\\\HDR_Gallery\\\\dataconnect\": could not find dataconnect.yaml in `c:\\Users\\xbfmp\\OneDrive\\Apps\\HDR_Gallery\\dataconnect`\n"}}
[debug] [2026-07-18T07:13:15.290Z] E0718 09:13:15.289727   22868 watch.go:40] Failed to load config from "c:\\Users\\xbfmp\\OneDrive\\Apps\\HDR_Gallery\\dataconnect": could not find dataconnect.yaml in `c:\Users\xbfmp\OneDrive\Apps\HDR_Gallery\dataconnect`
 {"metadata":{"emulator":{"name":"dataconnect"},"message":"E0718 09:13:15.289727   22868 watch.go:40] Failed to load config from \"c:\\\\Users\\\\xbfmp\\\\OneDrive\\\\Apps\\\\HDR_Gallery\\\\dataconnect\": could not find dataconnect.yaml in `c:\\Users\\xbfmp\\OneDrive\\Apps\\HDR_Gallery\\dataconnect`\n"}}
[debug] [2026-07-18T07:13:25.290Z] E0718 09:13:25.289712   22868 watch.go:40] Failed to load config from "c:\\Users\\xbfmp\\OneDrive\\Apps\\HDR_Gallery\\dataconnect": could not find dataconnect.yaml in `c:\Users\xbfmp\OneDrive\Apps\HDR_Gallery\dataconnect`
 {"metadata":{"emulator":{"name":"dataconnect"},"message":"E0718 09:13:25.289712   22868 watch.go:40] Failed to load config from \"c:\\\\Users\\\\xbfmp\\\\OneDrive\\\\Apps\\\\HDR_Gallery\\\\dataconnect\": could not find dataconnect.yaml in `c:\\Users\\xbfmp\\OneDrive\\Apps\\HDR_Gallery\\dataconnect`\n"}}
[debug] [2026-07-18T07:13:35.290Z] E0718 09:13:35.289998   22868 watch.go:40] Failed to load config from "c:\\Users\\xbfmp\\OneDrive\\Apps\\HDR_Gallery\\dataconnect": could not find dataconnect.yaml in `c:\Users\xbfmp\OneDrive\Apps\HDR_Gallery\dataconnect`
 {"metadata":{"emulator":{"name":"dataconnect"},"message":"E0718 09:13:35.289998   22868 watch.go:40] Failed to load config from \"c:\\\\Users\\\\xbfmp\\\\OneDrive\\\\Apps\\\\HDR_Gallery\\\\dataconnect\": could not find dataconnect.yaml in `c:\\Users\\xbfmp\\OneDrive\\Apps\\HDR_Gallery\\dataconnect`\n"}}
[debug] [2026-07-18T07:13:45.290Z] E0718 09:13:45.290037   22868 watch.go:116] watchAllDir unable to walk dir `c:\Users\xbfmp\OneDrive\Apps\HDR_Gallery\dataconnect`: GetFileAttributesEx c:\Users\xbfmp\OneDrive\Apps\HDR_Gallery\dataconnect: El sistema no puede encontrar el archivo especificado.
 {"metadata":{"emulator":{"name":"dataconnect"},"message":"E0718 09:13:45.290037   22868 watch.go:116] watchAllDir unable to walk dir `c:\\Users\\xbfmp\\OneDrive\\Apps\\HDR_Gallery\\dataconnect`: GetFileAttributesEx c:\\Users\\xbfmp\\OneDrive\\Apps\\HDR_Gallery\\dataconnect: El sistema no puede encontrar el archivo especificado.\n"}}
[debug] [2026-07-18T07:13:45.290Z] E0718 09:13:45.290037   22868 watch.go:40] Failed to load config from "c:\\Users\\xbfmp\\OneDrive\\Apps\\HDR_Gallery\\dataconnect": could not find dataconnect.yaml in `c:\Users\xbfmp\OneDrive\Apps\HDR_Gallery\dataconnect`
 {"metadata":{"emulator":{"name":"dataconnect"},"message":"E0718 09:13:45.290037   22868 watch.go:40] Failed to load config from \"c:\\\\Users\\\\xbfmp\\\\OneDrive\\\\Apps\\\\HDR_Gallery\\\\dataconnect\": could not find dataconnect.yaml in `c:\\Users\\xbfmp\\OneDrive\\Apps\\HDR_Gallery\\dataconnect`\n"}}
[debug] [2026-07-18T07:13:55.290Z] E0718 09:13:55.290311   22868 watch.go:40] Failed to load config from "c:\\Users\\xbfmp\\OneDrive\\Apps\\HDR_Gallery\\dataconnect": could not find dataconnect.yaml in `c:\Users\xbfmp\OneDrive\Apps\HDR_Gallery\dataconnect`
 {"metadata":{"emulator":{"name":"dataconnect"},"message":"E0718 09:13:55.290311   22868 watch.go:40] Failed to load config from \"c:\\\\Users\\\\xbfmp\\\\OneDrive\\\\Apps\\\\HDR_Gallery\\\\dataconnect\": could not find dataconnect.yaml in `c:\\Users\\xbfmp\\OneDrive\\Apps\\HDR_Gallery\\dataconnect`\n"}}
[debug] [2026-07-18T07:14:05.289Z] E0718 09:14:05.289604   22868 watch.go:40] Failed to load config from "c:\\Users\\xbfmp\\OneDrive\\Apps\\HDR_Gallery\\dataconnect": could not find dataconnect.yaml in `c:\Users\xbfmp\OneDrive\Apps\HDR_Gallery\dataconnect`
 {"metadata":{"emulator":{"name":"dataconnect"},"message":"E0718 09:14:05.289604   22868 watch.go:40] Failed to load config from \"c:\\\\Users\\\\xbfmp\\\\OneDrive\\\\Apps\\\\HDR_Gallery\\\\dataconnect\": could not find dataconnect.yaml in `c:\\Users\\xbfmp\\OneDrive\\Apps\\HDR_Gallery\\dataconnect`\n"}}
[debug] [2026-07-18T07:14:15.290Z] E0718 09:14:15.289719   22868 watch.go:40] Failed to load config from "c:\\Users\\xbfmp\\OneDrive\\Apps\\HDR_Gallery\\dataconnect": could not find dataconnect.yaml in `c:\Users\xbfmp\OneDrive\Apps\HDR_Gallery\dataconnect`
 {"metadata":{"emulator":{"name":"dataconnect"},"message":"E0718 09:14:15.289719   22868 watch.go:40] Failed to load config from \"c:\\\\Users\\\\xbfmp\\\\OneDrive\\\\Apps\\\\HDR_Gallery\\\\dataconnect\": could not find dataconnect.yaml in `c:\\Users\\xbfmp\\OneDrive\\Apps\\HDR_Gallery\\dataconnect`\n"}}
[debug] [2026-07-18T07:14:25.290Z] E0718 09:14:25.289817   22868 watch.go:40] Failed to load config from "c:\\Users\\xbfmp\\OneDrive\\Apps\\HDR_Gallery\\dataconnect": could not find dataconnect.yaml in `c:\Users\xbfmp\OneDrive\Apps\HDR_Gallery\dataconnect`
 {"metadata":{"emulator":{"name":"dataconnect"},"message":"E0718 09:14:25.289817   22868 watch.go:40] Failed to load config from \"c:\\\\Users\\\\xbfmp\\\\OneDrive\\\\Apps\\\\HDR_Gallery\\\\dataconnect\": could not find dataconnect.yaml in `c:\\Users\\xbfmp\\OneDrive\\Apps\\HDR_Gallery\\dataconnect`\n"}}
[debug] [2026-07-18T07:14:35.290Z] E0718 09:14:35.289758   22868 watch.go:40] Failed to load config from "c:\\Users\\xbfmp\\OneDrive\\Apps\\HDR_Gallery\\dataconnect": could not find dataconnect.yaml in `c:\Users\xbfmp\OneDrive\Apps\HDR_Gallery\dataconnect`
 {"metadata":{"emulator":{"name":"dataconnect"},"message":"E0718 09:14:35.289758   22868 watch.go:40] Failed to load config from \"c:\\\\Users\\\\xbfmp\\\\OneDrive\\\\Apps\\\\HDR_Gallery\\\\dataconnect\": could not find dataconnect.yaml in `c:\\Users\\xbfmp\\OneDrive\\Apps\\HDR_Gallery\\dataconnect`\n"}}
[debug] [2026-07-18T07:14:45.290Z] E0718 09:14:45.289992   22868 watch.go:116] watchAllDir unable to walk dir `c:\Users\xbfmp\OneDrive\Apps\HDR_Gallery\dataconnect`: GetFileAttributesEx c:\Users\xbfmp\OneDrive\Apps\HDR_Gallery\dataconnect: El sistema no puede encontrar el archivo especificado.
 {"metadata":{"emulator":{"name":"dataconnect"},"message":"E0718 09:14:45.289992   22868 watch.go:116] watchAllDir unable to walk dir `c:\\Users\\xbfmp\\OneDrive\\Apps\\HDR_Gallery\\dataconnect`: GetFileAttributesEx c:\\Users\\xbfmp\\OneDrive\\Apps\\HDR_Gallery\\dataconnect: El sistema no puede encontrar el archivo especificado.\n"}}
[debug] [2026-07-18T07:14:45.290Z] E0718 09:14:45.289992   22868 watch.go:40] Failed to load config from "c:\\Users\\xbfmp\\OneDrive\\Apps\\HDR_Gallery\\dataconnect": could not find dataconnect.yaml in `c:\Users\xbfmp\OneDrive\Apps\HDR_Gallery\dataconnect`
 {"metadata":{"emulator":{"name":"dataconnect"},"message":"E0718 09:14:45.289992   22868 watch.go:40] Failed to load config from \"c:\\\\Users\\\\xbfmp\\\\OneDrive\\\\Apps\\\\HDR_Gallery\\\\dataconnect\": could not find dataconnect.yaml in `c:\\Users\\xbfmp\\OneDrive\\Apps\\HDR_Gallery\\dataconnect`\n"}}
[debug] [2026-07-18T07:14:55.289Z] E0718 09:14:55.289757   22868 watch.go:40] Failed to load config from "c:\\Users\\xbfmp\\OneDrive\\Apps\\HDR_Gallery\\dataconnect": could not find dataconnect.yaml in `c:\Users\xbfmp\OneDrive\Apps\HDR_Gallery\dataconnect`
 {"metadata":{"emulator":{"name":"dataconnect"},"message":"E0718 09:14:55.289757   22868 watch.go:40] Failed to load config from \"c:\\\\Users\\\\xbfmp\\\\OneDrive\\\\Apps\\\\HDR_Gallery\\\\dataconnect\": could not find dataconnect.yaml in `c:\\Users\\xbfmp\\OneDrive\\Apps\\HDR_Gallery\\dataconnect`\n"}}
[debug] [2026-07-18T07:15:05.290Z] E0718 09:15:05.290004   22868 watch.go:40] Failed to load config from "c:\\Users\\xbfmp\\OneDrive\\Apps\\HDR_Gallery\\dataconnect": could not find dataconnect.yaml in `c:\Users\xbfmp\OneDrive\Apps\HDR_Gallery\dataconnect`
 {"metadata":{"emulator":{"name":"dataconnect"},"message":"E0718 09:15:05.290004   22868 watch.go:40] Failed to load config from \"c:\\\\Users\\\\xbfmp\\\\OneDrive\\\\Apps\\\\HDR_Gallery\\\\dataconnect\": could not find dataconnect.yaml in `c:\\Users\\xbfmp\\OneDrive\\Apps\\HDR_Gallery\\dataconnect`\n"}}
[debug] [2026-07-18T07:15:15.289Z] E0718 09:15:15.289731   22868 watch.go:40] Failed to load config from "c:\\Users\\xbfmp\\OneDrive\\Apps\\HDR_Gallery\\dataconnect": could not find dataconnect.yaml in `c:\Users\xbfmp\OneDrive\Apps\HDR_Gallery\dataconnect`
 {"metadata":{"emulator":{"name":"dataconnect"},"message":"E0718 09:15:15.289731   22868 watch.go:40] Failed to load config from \"c:\\\\Users\\\\xbfmp\\\\OneDrive\\\\Apps\\\\HDR_Gallery\\\\dataconnect\": could not find dataconnect.yaml in `c:\\Users\\xbfmp\\OneDrive\\Apps\\HDR_Gallery\\dataconnect`\n"}}
[debug] [2026-07-18T07:15:25.289Z] E0718 09:15:25.289775   22868 watch.go:40] Failed to load config from "c:\\Users\\xbfmp\\OneDrive\\Apps\\HDR_Gallery\\dataconnect": could not find dataconnect.yaml in `c:\Users\xbfmp\OneDrive\Apps\HDR_Gallery\dataconnect`
 {"metadata":{"emulator":{"name":"dataconnect"},"message":"E0718 09:15:25.289775   22868 watch.go:40] Failed to load config from \"c:\\\\Users\\\\xbfmp\\\\OneDrive\\\\Apps\\\\HDR_Gallery\\\\dataconnect\": could not find dataconnect.yaml in `c:\\Users\\xbfmp\\OneDrive\\Apps\\HDR_Gallery\\dataconnect`\n"}}
[debug] [2026-07-18T07:15:35.289Z] E0718 09:15:35.289854   22868 watch.go:40] Failed to load config from "c:\\Users\\xbfmp\\OneDrive\\Apps\\HDR_Gallery\\dataconnect": could not find dataconnect.yaml in `c:\Users\xbfmp\OneDrive\Apps\HDR_Gallery\dataconnect`
 {"metadata":{"emulator":{"name":"dataconnect"},"message":"E0718 09:15:35.289854   22868 watch.go:40] Failed to load config from \"c:\\\\Users\\\\xbfmp\\\\OneDrive\\\\Apps\\\\HDR_Gallery\\\\dataconnect\": could not find dataconnect.yaml in `c:\\Users\\xbfmp\\OneDrive\\Apps\\HDR_Gallery\\dataconnect`\n"}}
[debug] [2026-07-18T07:15:45.289Z] E0718 09:15:45.289799   22868 watch.go:116] watchAllDir unable to walk dir `c:\Users\xbfmp\OneDrive\Apps\HDR_Gallery\dataconnect`: GetFileAttributesEx c:\Users\xbfmp\OneDrive\Apps\HDR_Gallery\dataconnect: El sistema no puede encontrar el archivo especificado.
 {"metadata":{"emulator":{"name":"dataconnect"},"message":"E0718 09:15:45.289799   22868 watch.go:116] watchAllDir unable to walk dir `c:\\Users\\xbfmp\\OneDrive\\Apps\\HDR_Gallery\\dataconnect`: GetFileAttributesEx c:\\Users\\xbfmp\\OneDrive\\Apps\\HDR_Gallery\\dataconnect: El sistema no puede encontrar el archivo especificado.\n"}}
[debug] [2026-07-18T07:15:45.290Z] E0718 09:15:45.289799   22868 watch.go:40] Failed to load config from "c:\\Users\\xbfmp\\OneDrive\\Apps\\HDR_Gallery\\dataconnect": could not find dataconnect.yaml in `c:\Users\xbfmp\OneDrive\Apps\HDR_Gallery\dataconnect`
 {"metadata":{"emulator":{"name":"dataconnect"},"message":"E0718 09:15:45.289799   22868 watch.go:40] Failed to load config from \"c:\\\\Users\\\\xbfmp\\\\OneDrive\\\\Apps\\\\HDR_Gallery\\\\dataconnect\": could not find dataconnect.yaml in `c:\\Users\\xbfmp\\OneDrive\\Apps\\HDR_Gallery\\dataconnect`\n"}}
[debug] [2026-07-18T07:15:55.289Z] E0718 09:15:55.289904   22868 watch.go:40] Failed to load config from "c:\\Users\\xbfmp\\OneDrive\\Apps\\HDR_Gallery\\dataconnect": could not find dataconnect.yaml in `c:\Users\xbfmp\OneDrive\Apps\HDR_Gallery\dataconnect`
 {"metadata":{"emulator":{"name":"dataconnect"},"message":"E0718 09:15:55.289904   22868 watch.go:40] Failed to load config from \"c:\\\\Users\\\\xbfmp\\\\OneDrive\\\\Apps\\\\HDR_Gallery\\\\dataconnect\": could not find dataconnect.yaml in `c:\\Users\\xbfmp\\OneDrive\\Apps\\HDR_Gallery\\dataconnect`\n"}}
[debug] [2026-07-18T07:16:05.289Z] E0718 09:16:05.289644   22868 watch.go:40] Failed to load config from "c:\\Users\\xbfmp\\OneDrive\\Apps\\HDR_Gallery\\dataconnect": could not find dataconnect.yaml in `c:\Users\xbfmp\OneDrive\Apps\HDR_Gallery\dataconnect`
 {"metadata":{"emulator":{"name":"dataconnect"},"message":"E0718 09:16:05.289644   22868 watch.go:40] Failed to load config from \"c:\\\\Users\\\\xbfmp\\\\OneDrive\\\\Apps\\\\HDR_Gallery\\\\dataconnect\": could not find dataconnect.yaml in `c:\\Users\\xbfmp\\OneDrive\\Apps\\HDR_Gallery\\dataconnect`\n"}}
[debug] [2026-07-18T07:16:15.289Z] E0718 09:16:15.289847   22868 watch.go:40] Failed to load config from "c:\\Users\\xbfmp\\OneDrive\\Apps\\HDR_Gallery\\dataconnect": could not find dataconnect.yaml in `c:\Users\xbfmp\OneDrive\Apps\HDR_Gallery\dataconnect`
 {"metadata":{"emulator":{"name":"dataconnect"},"message":"E0718 09:16:15.289847   22868 watch.go:40] Failed to load config from \"c:\\\\Users\\\\xbfmp\\\\OneDrive\\\\Apps\\\\HDR_Gallery\\\\dataconnect\": could not find dataconnect.yaml in `c:\\Users\\xbfmp\\OneDrive\\Apps\\HDR_Gallery\\dataconnect`\n"}}
[debug] [2026-07-18T07:16:25.289Z] E0718 09:16:25.289711   22868 watch.go:40] Failed to load config from "c:\\Users\\xbfmp\\OneDrive\\Apps\\HDR_Gallery\\dataconnect": could not find dataconnect.yaml in `c:\Users\xbfmp\OneDrive\Apps\HDR_Gallery\dataconnect`
 {"metadata":{"emulator":{"name":"dataconnect"},"message":"E0718 09:16:25.289711   22868 watch.go:40] Failed to load config from \"c:\\\\Users\\\\xbfmp\\\\OneDrive\\\\Apps\\\\HDR_Gallery\\\\dataconnect\": could not find dataconnect.yaml in `c:\\Users\\xbfmp\\OneDrive\\Apps\\HDR_Gallery\\dataconnect`\n"}}
[debug] [2026-07-18T07:16:35.290Z] E0718 09:16:35.290054   22868 watch.go:40] Failed to load config from "c:\\Users\\xbfmp\\OneDrive\\Apps\\HDR_Gallery\\dataconnect": could not find dataconnect.yaml in `c:\Users\xbfmp\OneDrive\Apps\HDR_Gallery\dataconnect`
 {"metadata":{"emulator":{"name":"dataconnect"},"message":"E0718 09:16:35.290054   22868 watch.go:40] Failed to load config from \"c:\\\\Users\\\\xbfmp\\\\OneDrive\\\\Apps\\\\HDR_Gallery\\\\dataconnect\": could not find dataconnect.yaml in `c:\\Users\\xbfmp\\OneDrive\\Apps\\HDR_Gallery\\dataconnect`\n"}}
[debug] [2026-07-18T07:16:45.289Z] E0718 09:16:45.290013   22868 watch.go:116] watchAllDir unable to walk dir `c:\Users\xbfmp\OneDrive\Apps\HDR_Gallery\dataconnect`: GetFileAttributesEx c:\Users\xbfmp\OneDrive\Apps\HDR_Gallery\dataconnect: El sistema no puede encontrar el archivo especificado.
 {"metadata":{"emulator":{"name":"dataconnect"},"message":"E0718 09:16:45.290013   22868 watch.go:116] watchAllDir unable to walk dir `c:\\Users\\xbfmp\\OneDrive\\Apps\\HDR_Gallery\\dataconnect`: GetFileAttributesEx c:\\Users\\xbfmp\\OneDrive\\Apps\\HDR_Gallery\\dataconnect: El sistema no puede encontrar el archivo especificado.\n"}}
[debug] [2026-07-18T07:16:45.290Z] E0718 09:16:45.290013   22868 watch.go:40] Failed to load config from "c:\\Users\\xbfmp\\OneDrive\\Apps\\HDR_Gallery\\dataconnect": could not find dataconnect.yaml in `c:\Users\xbfmp\OneDrive\Apps\HDR_Gallery\dataconnect`
 {"metadata":{"emulator":{"name":"dataconnect"},"message":"E0718 09:16:45.290013   22868 watch.go:40] Failed to load config from \"c:\\\\Users\\\\xbfmp\\\\OneDrive\\\\Apps\\\\HDR_Gallery\\\\dataconnect\": could not find dataconnect.yaml in `c:\\Users\\xbfmp\\OneDrive\\Apps\\HDR_Gallery\\dataconnect`\n"}}
[debug] [2026-07-18T07:16:55.289Z] E0718 09:16:55.289655   22868 watch.go:40] Failed to load config from "c:\\Users\\xbfmp\\OneDrive\\Apps\\HDR_Gallery\\dataconnect": could not find dataconnect.yaml in `c:\Users\xbfmp\OneDrive\Apps\HDR_Gallery\dataconnect`
 {"metadata":{"emulator":{"name":"dataconnect"},"message":"E0718 09:16:55.289655   22868 watch.go:40] Failed to load config from \"c:\\\\Users\\\\xbfmp\\\\OneDrive\\\\Apps\\\\HDR_Gallery\\\\dataconnect\": could not find dataconnect.yaml in `c:\\Users\\xbfmp\\OneDrive\\Apps\\HDR_Gallery\\dataconnect`\n"}}
[debug] [2026-07-18T07:17:05.290Z] E0718 09:17:05.289846   22868 watch.go:40] Failed to load config from "c:\\Users\\xbfmp\\OneDrive\\Apps\\HDR_Gallery\\dataconnect": could not find dataconnect.yaml in `c:\Users\xbfmp\OneDrive\Apps\HDR_Gallery\dataconnect`
 {"metadata":{"emulator":{"name":"dataconnect"},"message":"E0718 09:17:05.289846   22868 watch.go:40] Failed to load config from \"c:\\\\Users\\\\xbfmp\\\\OneDrive\\\\Apps\\\\HDR_Gallery\\\\dataconnect\": could not find dataconnect.yaml in `c:\\Users\\xbfmp\\OneDrive\\Apps\\HDR_Gallery\\dataconnect`\n"}}
[debug] [2026-07-18T07:17:15.290Z] E0718 09:17:15.289792   22868 watch.go:40] Failed to load config from "c:\\Users\\xbfmp\\OneDrive\\Apps\\HDR_Gallery\\dataconnect": could not find dataconnect.yaml in `c:\Users\xbfmp\OneDrive\Apps\HDR_Gallery\dataconnect`
 {"metadata":{"emulator":{"name":"dataconnect"},"message":"E0718 09:17:15.289792   22868 watch.go:40] Failed to load config from \"c:\\\\Users\\\\xbfmp\\\\OneDrive\\\\Apps\\\\HDR_Gallery\\\\dataconnect\": could not find dataconnect.yaml in `c:\\Users\\xbfmp\\OneDrive\\Apps\\HDR_Gallery\\dataconnect`\n"}}
[debug] [2026-07-18T07:17:25.290Z] E0718 09:17:25.289846   22868 watch.go:40] Failed to load config from "c:\\Users\\xbfmp\\OneDrive\\Apps\\HDR_Gallery\\dataconnect": could not find dataconnect.yaml in `c:\Users\xbfmp\OneDrive\Apps\HDR_Gallery\dataconnect`
 {"metadata":{"emulator":{"name":"dataconnect"},"message":"E0718 09:17:25.289846   22868 watch.go:40] Failed to load config from \"c:\\\\Users\\\\xbfmp\\\\OneDrive\\\\Apps\\\\HDR_Gallery\\\\dataconnect\": could not find dataconnect.yaml in `c:\\Users\\xbfmp\\OneDrive\\Apps\\HDR_Gallery\\dataconnect`\n"}}
[debug] [2026-07-18T07:17:35.290Z] E0718 09:17:35.289718   22868 watch.go:40] Failed to load config from "c:\\Users\\xbfmp\\OneDrive\\Apps\\HDR_Gallery\\dataconnect": could not find dataconnect.yaml in `c:\Users\xbfmp\OneDrive\Apps\HDR_Gallery\dataconnect`
 {"metadata":{"emulator":{"name":"dataconnect"},"message":"E0718 09:17:35.289718   22868 watch.go:40] Failed to load config from \"c:\\\\Users\\\\xbfmp\\\\OneDrive\\\\Apps\\\\HDR_Gallery\\\\dataconnect\": could not find dataconnect.yaml in `c:\\Users\\xbfmp\\OneDrive\\Apps\\HDR_Gallery\\dataconnect`\n"}}
[debug] [2026-07-18T07:17:45.290Z] E0718 09:17:45.289931   22868 watch.go:116] watchAllDir unable to walk dir `c:\Users\xbfmp\OneDrive\Apps\HDR_Gallery\dataconnect`: GetFileAttributesEx c:\Users\xbfmp\OneDrive\Apps\HDR_Gallery\dataconnect: El sistema no puede encontrar el archivo especificado.
 {"metadata":{"emulator":{"name":"dataconnect"},"message":"E0718 09:17:45.289931   22868 watch.go:116] watchAllDir unable to walk dir `c:\\Users\\xbfmp\\OneDrive\\Apps\\HDR_Gallery\\dataconnect`: GetFileAttributesEx c:\\Users\\xbfmp\\OneDrive\\Apps\\HDR_Gallery\\dataconnect: El sistema no puede encontrar el archivo especificado.\n"}}
[debug] [2026-07-18T07:17:45.290Z] E0718 09:17:45.289931   22868 watch.go:40] Failed to load config from "c:\\Users\\xbfmp\\OneDrive\\Apps\\HDR_Gallery\\dataconnect": could not find dataconnect.yaml in `c:\Users\xbfmp\OneDrive\Apps\HDR_Gallery\dataconnect`
 {"metadata":{"emulator":{"name":"dataconnect"},"message":"E0718 09:17:45.289931   22868 watch.go:40] Failed to load config from \"c:\\\\Users\\\\xbfmp\\\\OneDrive\\\\Apps\\\\HDR_Gallery\\\\dataconnect\": could not find dataconnect.yaml in `c:\\Users\\xbfmp\\OneDrive\\Apps\\HDR_Gallery\\dataconnect`\n"}}
[debug] [2026-07-18T07:17:55.290Z] E0718 09:17:55.289960   22868 watch.go:40] Failed to load config from "c:\\Users\\xbfmp\\OneDrive\\Apps\\HDR_Gallery\\dataconnect": could not find dataconnect.yaml in `c:\Users\xbfmp\OneDrive\Apps\HDR_Gallery\dataconnect`
 {"metadata":{"emulator":{"name":"dataconnect"},"message":"E0718 09:17:55.289960   22868 watch.go:40] Failed to load config from \"c:\\\\Users\\\\xbfmp\\\\OneDrive\\\\Apps\\\\HDR_Gallery\\\\dataconnect\": could not find dataconnect.yaml in `c:\\Users\\xbfmp\\OneDrive\\Apps\\HDR_Gallery\\dataconnect`\n"}}
[debug] [2026-07-18T07:18:05.289Z] E0718 09:18:05.289661   22868 watch.go:40] Failed to load config from "c:\\Users\\xbfmp\\OneDrive\\Apps\\HDR_Gallery\\dataconnect": could not find dataconnect.yaml in `c:\Users\xbfmp\OneDrive\Apps\HDR_Gallery\dataconnect`
 {"metadata":{"emulator":{"name":"dataconnect"},"message":"E0718 09:18:05.289661   22868 watch.go:40] Failed to load config from \"c:\\\\Users\\\\xbfmp\\\\OneDrive\\\\Apps\\\\HDR_Gallery\\\\dataconnect\": could not find dataconnect.yaml in `c:\\Users\\xbfmp\\OneDrive\\Apps\\HDR_Gallery\\dataconnect`\n"}}
[debug] [2026-07-18T07:18:15.289Z] E0718 09:18:15.289936   22868 watch.go:40] Failed to load config from "c:\\Users\\xbfmp\\OneDrive\\Apps\\HDR_Gallery\\dataconnect": could not find dataconnect.yaml in `c:\Users\xbfmp\OneDrive\Apps\HDR_Gallery\dataconnect`
 {"metadata":{"emulator":{"name":"dataconnect"},"message":"E0718 09:18:15.289936   22868 watch.go:40] Failed to load config from \"c:\\\\Users\\\\xbfmp\\\\OneDrive\\\\Apps\\\\HDR_Gallery\\\\dataconnect\": could not find dataconnect.yaml in `c:\\Users\\xbfmp\\OneDrive\\Apps\\HDR_Gallery\\dataconnect`\n"}}
[debug] [2026-07-18T07:18:25.289Z] E0718 09:18:25.289717   22868 watch.go:40] Failed to load config from "c:\\Users\\xbfmp\\OneDrive\\Apps\\HDR_Gallery\\dataconnect": could not find dataconnect.yaml in `c:\Users\xbfmp\OneDrive\Apps\HDR_Gallery\dataconnect`
 {"metadata":{"emulator":{"name":"dataconnect"},"message":"E0718 09:18:25.289717   22868 watch.go:40] Failed to load config from \"c:\\\\Users\\\\xbfmp\\\\OneDrive\\\\Apps\\\\HDR_Gallery\\\\dataconnect\": could not find dataconnect.yaml in `c:\\Users\\xbfmp\\OneDrive\\Apps\\HDR_Gallery\\dataconnect`\n"}}
[debug] [2026-07-18T07:18:35.289Z] E0718 09:18:35.289904   22868 watch.go:40] Failed to load config from "c:\\Users\\xbfmp\\OneDrive\\Apps\\HDR_Gallery\\dataconnect": could not find dataconnect.yaml in `c:\Users\xbfmp\OneDrive\Apps\HDR_Gallery\dataconnect`
 {"metadata":{"emulator":{"name":"dataconnect"},"message":"E0718 09:18:35.289904   22868 watch.go:40] Failed to load config from \"c:\\\\Users\\\\xbfmp\\\\OneDrive\\\\Apps\\\\HDR_Gallery\\\\dataconnect\": could not find dataconnect.yaml in `c:\\Users\\xbfmp\\OneDrive\\Apps\\HDR_Gallery\\dataconnect`\n"}}
[debug] [2026-07-18T07:18:45.289Z] E0718 09:18:45.289630   22868 watch.go:116] watchAllDir unable to walk dir `c:\Users\xbfmp\OneDrive\Apps\HDR_Gallery\dataconnect`: GetFileAttributesEx c:\Users\xbfmp\OneDrive\Apps\HDR_Gallery\dataconnect: El sistema no puede encontrar el archivo especificado.
 {"metadata":{"emulator":{"name":"dataconnect"},"message":"E0718 09:18:45.289630   22868 watch.go:116] watchAllDir unable to walk dir `c:\\Users\\xbfmp\\OneDrive\\Apps\\HDR_Gallery\\dataconnect`: GetFileAttributesEx c:\\Users\\xbfmp\\OneDrive\\Apps\\HDR_Gallery\\dataconnect: El sistema no puede encontrar el archivo especificado.\n"}}
[debug] [2026-07-18T07:18:45.289Z] E0718 09:18:45.289630   22868 watch.go:40] Failed to load config from "c:\\Users\\xbfmp\\OneDrive\\Apps\\HDR_Gallery\\dataconnect": could not find dataconnect.yaml in `c:\Users\xbfmp\OneDrive\Apps\HDR_Gallery\dataconnect`
 {"metadata":{"emulator":{"name":"dataconnect"},"message":"E0718 09:18:45.289630   22868 watch.go:40] Failed to load config from \"c:\\\\Users\\\\xbfmp\\\\OneDrive\\\\Apps\\\\HDR_Gallery\\\\dataconnect\": could not find dataconnect.yaml in `c:\\Users\\xbfmp\\OneDrive\\Apps\\HDR_Gallery\\dataconnect`\n"}}
[debug] [2026-07-18T07:18:55.289Z] E0718 09:18:55.289956   22868 watch.go:40] Failed to load config from "c:\\Users\\xbfmp\\OneDrive\\Apps\\HDR_Gallery\\dataconnect": could not find dataconnect.yaml in `c:\Users\xbfmp\OneDrive\Apps\HDR_Gallery\dataconnect`
 {"metadata":{"emulator":{"name":"dataconnect"},"message":"E0718 09:18:55.289956   22868 watch.go:40] Failed to load config from \"c:\\\\Users\\\\xbfmp\\\\OneDrive\\\\Apps\\\\HDR_Gallery\\\\dataconnect\": could not find dataconnect.yaml in `c:\\Users\\xbfmp\\OneDrive\\Apps\\HDR_Gallery\\dataconnect`\n"}}
[debug] [2026-07-18T07:19:05.289Z] E0718 09:19:05.289686   22868 watch.go:40] Failed to load config from "c:\\Users\\xbfmp\\OneDrive\\Apps\\HDR_Gallery\\dataconnect": could not find dataconnect.yaml in `c:\Users\xbfmp\OneDrive\Apps\HDR_Gallery\dataconnect`
 {"metadata":{"emulator":{"name":"dataconnect"},"message":"E0718 09:19:05.289686   22868 watch.go:40] Failed to load config from \"c:\\\\Users\\\\xbfmp\\\\OneDrive\\\\Apps\\\\HDR_Gallery\\\\dataconnect\": could not find dataconnect.yaml in `c:\\Users\\xbfmp\\OneDrive\\Apps\\HDR_Gallery\\dataconnect`\n"}}
[debug] [2026-07-18T07:19:15.289Z] E0718 09:19:15.289818   22868 watch.go:40] Failed to load config from "c:\\Users\\xbfmp\\OneDrive\\Apps\\HDR_Gallery\\dataconnect": could not find dataconnect.yaml in `c:\Users\xbfmp\OneDrive\Apps\HDR_Gallery\dataconnect`
 {"metadata":{"emulator":{"name":"dataconnect"},"message":"E0718 09:19:15.289818   22868 watch.go:40] Failed to load config from \"c:\\\\Users\\\\xbfmp\\\\OneDrive\\\\Apps\\\\HDR_Gallery\\\\dataconnect\": could not find dataconnect.yaml in `c:\\Users\\xbfmp\\OneDrive\\Apps\\HDR_Gallery\\dataconnect`\n"}}
[debug] [2026-07-18T07:19:25.289Z] E0718 09:19:25.289959   22868 watch.go:40] Failed to load config from "c:\\Users\\xbfmp\\OneDrive\\Apps\\HDR_Gallery\\dataconnect": could not find dataconnect.yaml in `c:\Users\xbfmp\OneDrive\Apps\HDR_Gallery\dataconnect`
 {"metadata":{"emulator":{"name":"dataconnect"},"message":"E0718 09:19:25.289959   22868 watch.go:40] Failed to load config from \"c:\\\\Users\\\\xbfmp\\\\OneDrive\\\\Apps\\\\HDR_Gallery\\\\dataconnect\": could not find dataconnect.yaml in `c:\\Users\\xbfmp\\OneDrive\\Apps\\HDR_Gallery\\dataconnect`\n"}}
[debug] [2026-07-18T07:19:35.289Z] E0718 09:19:35.289899   22868 watch.go:40] Failed to load config from "c:\\Users\\xbfmp\\OneDrive\\Apps\\HDR_Gallery\\dataconnect": could not find dataconnect.yaml in `c:\Users\xbfmp\OneDrive\Apps\HDR_Gallery\dataconnect`
 {"metadata":{"emulator":{"name":"dataconnect"},"message":"E0718 09:19:35.289899   22868 watch.go:40] Failed to load config from \"c:\\\\Users\\\\xbfmp\\\\OneDrive\\\\Apps\\\\HDR_Gallery\\\\dataconnect\": could not find dataconnect.yaml in `c:\\Users\\xbfmp\\OneDrive\\Apps\\HDR_Gallery\\dataconnect`\n"}}
[debug] [2026-07-18T07:19:45.289Z] E0718 09:19:45.289857   22868 watch.go:116] watchAllDir unable to walk dir `c:\Users\xbfmp\OneDrive\Apps\HDR_Gallery\dataconnect`: GetFileAttributesEx c:\Users\xbfmp\OneDrive\Apps\HDR_Gallery\dataconnect: El sistema no puede encontrar el archivo especificado.
 {"metadata":{"emulator":{"name":"dataconnect"},"message":"E0718 09:19:45.289857   22868 watch.go:116] watchAllDir unable to walk dir `c:\\Users\\xbfmp\\OneDrive\\Apps\\HDR_Gallery\\dataconnect`: GetFileAttributesEx c:\\Users\\xbfmp\\OneDrive\\Apps\\HDR_Gallery\\dataconnect: El sistema no puede encontrar el archivo especificado.\n"}}
[debug] [2026-07-18T07:19:45.290Z] E0718 09:19:45.289857   22868 watch.go:40] Failed to load config from "c:\\Users\\xbfmp\\OneDrive\\Apps\\HDR_Gallery\\dataconnect": could not find dataconnect.yaml in `c:\Users\xbfmp\OneDrive\Apps\HDR_Gallery\dataconnect`
 {"metadata":{"emulator":{"name":"dataconnect"},"message":"E0718 09:19:45.289857   22868 watch.go:40] Failed to load config from \"c:\\\\Users\\\\xbfmp\\\\OneDrive\\\\Apps\\\\HDR_Gallery\\\\dataconnect\": could not find dataconnect.yaml in `c:\\Users\\xbfmp\\OneDrive\\Apps\\HDR_Gallery\\dataconnect`\n"}}
[debug] [2026-07-18T07:19:55.289Z] E0718 09:19:55.289800   22868 watch.go:40] Failed to load config from "c:\\Users\\xbfmp\\OneDrive\\Apps\\HDR_Gallery\\dataconnect": could not find dataconnect.yaml in `c:\Users\xbfmp\OneDrive\Apps\HDR_Gallery\dataconnect`
 {"metadata":{"emulator":{"name":"dataconnect"},"message":"E0718 09:19:55.289800   22868 watch.go:40] Failed to load config from \"c:\\\\Users\\\\xbfmp\\\\OneDrive\\\\Apps\\\\HDR_Gallery\\\\dataconnect\": could not find dataconnect.yaml in `c:\\Users\\xbfmp\\OneDrive\\Apps\\HDR_Gallery\\dataconnect`\n"}}
[debug] [2026-07-18T07:20:05.290Z] E0718 09:20:05.290108   22868 watch.go:40] Failed to load config from "c:\\Users\\xbfmp\\OneDrive\\Apps\\HDR_Gallery\\dataconnect": could not find dataconnect.yaml in `c:\Users\xbfmp\OneDrive\Apps\HDR_Gallery\dataconnect`
 {"metadata":{"emulator":{"name":"dataconnect"},"message":"E0718 09:20:05.290108   22868 watch.go:40] Failed to load config from \"c:\\\\Users\\\\xbfmp\\\\OneDrive\\\\Apps\\\\HDR_Gallery\\\\dataconnect\": could not find dataconnect.yaml in `c:\\Users\\xbfmp\\OneDrive\\Apps\\HDR_Gallery\\dataconnect`\n"}}
[debug] [2026-07-18T07:20:15.290Z] E0718 09:20:15.290026   22868 watch.go:40] Failed to load config from "c:\\Users\\xbfmp\\OneDrive\\Apps\\HDR_Gallery\\dataconnect": could not find dataconnect.yaml in `c:\Users\xbfmp\OneDrive\Apps\HDR_Gallery\dataconnect`
 {"metadata":{"emulator":{"name":"dataconnect"},"message":"E0718 09:20:15.290026   22868 watch.go:40] Failed to load config from \"c:\\\\Users\\\\xbfmp\\\\OneDrive\\\\Apps\\\\HDR_Gallery\\\\dataconnect\": could not find dataconnect.yaml in `c:\\Users\\xbfmp\\OneDrive\\Apps\\HDR_Gallery\\dataconnect`\n"}}
[debug] [2026-07-18T07:20:25.289Z] E0718 09:20:25.289771   22868 watch.go:40] Failed to load config from "c:\\Users\\xbfmp\\OneDrive\\Apps\\HDR_Gallery\\dataconnect": could not find dataconnect.yaml in `c:\Users\xbfmp\OneDrive\Apps\HDR_Gallery\dataconnect`
 {"metadata":{"emulator":{"name":"dataconnect"},"message":"E0718 09:20:25.289771   22868 watch.go:40] Failed to load config from \"c:\\\\Users\\\\xbfmp\\\\OneDrive\\\\Apps\\\\HDR_Gallery\\\\dataconnect\": could not find dataconnect.yaml in `c:\\Users\\xbfmp\\OneDrive\\Apps\\HDR_Gallery\\dataconnect`\n"}}
[info] [Firebase Plugin] Stopping SQL Connect toolkit
[debug] [2026-07-18T21:07:11.464Z] [Firebase Plugin] Activating Firebase extension.
[debug] [2026-07-18T21:07:16.422Z] [Firebase Plugin] requireAuthWrapper
[debug] [2026-07-18T21:07:16.424Z] > command requires scopes: ["email","openid","https://www.googleapis.com/auth/cloudplatformprojects.readonly","https://www.googleapis.com/auth/firebase","https://www.googleapis.com/auth/cloud-platform"]
[debug] [2026-07-18T21:07:16.464Z] [Firebase Plugin] VSCode notification server listening on port 40001
[error] [Firebase Plugin] requireAuth error: Could not load the default credentials. Browse to https://cloud.google.com/docs/authentication/getting-started for more information.
[info] [Firebase Plugin] Starting SQL Connect toolkit (version 3.4.16) on port 50001
[debug] [2026-07-18T21:07:17.203Z] 'fdc build' failed with error: Unable to build your SQL Connect schema and connectors (exit code 1): E0718 23:07:17.119372   14824 cmd.go:43] Error loading data connect config: could not find dataconnect.yaml in `c:\Users\xbfmp\OneDrive\Apps\HDR_Gallery\dataconnect`
 {"metadata":{"emulator":{"name":"dataconnect"},"message":"'fdc build' failed with error: Unable to build your SQL Connect schema and connectors (exit code 1): E0718 23:07:17.119372   14824 cmd.go:43] Error loading data connect config: could not find dataconnect.yaml in `c:\\Users\\xbfmp\\OneDrive\\Apps\\HDR_Gallery\\dataconnect`\n"}}
[debug] [2026-07-18T21:07:17.204Z] Ignoring unsupported arg: auto_download {"metadata":{"emulator":{"name":"dataconnect"},"message":"Ignoring unsupported arg: auto_download"}}
[debug] [2026-07-18T21:07:17.204Z] Ignoring unsupported arg: port {"metadata":{"emulator":{"name":"dataconnect"},"message":"Ignoring unsupported arg: port"}}
[debug] [2026-07-18T21:07:17.204Z] Starting SQL Connect Emulator with command {"binary":"C:\\Users\\xbfmp\\.cache\\firebase\\emulators\\dataconnect-emulator-3.4.16.exe","args":["--logtostderr","-v=2","dev","--listen=localhost:50001","--config_dir=c:\\Users\\xbfmp\\OneDrive\\Apps\\HDR_Gallery\\dataconnect","--enable_output_schema_extensions=true","--enable_output_generated_sdk=true"],"optionalArgs":["listen","config_dir","enable_output_schema_extensions","enable_output_generated_sdk"],"joinArgs":true,"shell":false,"port":9399} {"metadata":{"emulator":{"name":"dataconnect"},"message":"Starting SQL Connect Emulator with command {\"binary\":\"C:\\\\Users\\\\xbfmp\\\\.cache\\\\firebase\\\\emulators\\\\dataconnect-emulator-3.4.16.exe\",\"args\":[\"--logtostderr\",\"-v=2\",\"dev\",\"--listen=localhost:50001\",\"--config_dir=c:\\\\Users\\\\xbfmp\\\\OneDrive\\\\Apps\\\\HDR_Gallery\\\\dataconnect\",\"--enable_output_schema_extensions=true\",\"--enable_output_generated_sdk=true\"],\"optionalArgs\":[\"listen\",\"config_dir\",\"enable_output_schema_extensions\",\"enable_output_generated_sdk\"],\"joinArgs\":true,\"shell\":false,\"port\":9399}"}}
[info] i  dataconnect: SQL Connect Emulator logging to dataconnect-debug.log {"metadata":{"emulator":{"name":"dataconnect"},"message":"SQL Connect Emulator logging to \u001b[1mdataconnect-debug.log\u001b[22m"}}
[debug] [2026-07-18T21:07:17.270Z] E0718 23:07:17.233883   11964 dev.go:80] Failed to load initial config from "c:\\Users\\xbfmp\\OneDrive\\Apps\\HDR_Gallery\\dataconnect": could not find dataconnect.yaml in `c:\Users\xbfmp\OneDrive\Apps\HDR_Gallery\dataconnect`
 {"metadata":{"emulator":{"name":"dataconnect"},"message":"E0718 23:07:17.233883   11964 dev.go:80] Failed to load initial config from \"c:\\\\Users\\\\xbfmp\\\\OneDrive\\\\Apps\\\\HDR_Gallery\\\\dataconnect\": could not find dataconnect.yaml in `c:\\Users\\xbfmp\\OneDrive\\Apps\\HDR_Gallery\\dataconnect`\n"}}
[debug] [2026-07-18T21:07:17.271Z] E0718 23:07:17.270449   11964 watch.go:116] watchAllDir unable to walk dir `c:\Users\xbfmp\OneDrive\Apps\HDR_Gallery\dataconnect`: GetFileAttributesEx c:\Users\xbfmp\OneDrive\Apps\HDR_Gallery\dataconnect: El sistema no puede encontrar el archivo especificado.
 {"metadata":{"emulator":{"name":"dataconnect"},"message":"E0718 23:07:17.270449   11964 watch.go:116] watchAllDir unable to walk dir `c:\\Users\\xbfmp\\OneDrive\\Apps\\HDR_Gallery\\dataconnect`: GetFileAttributesEx c:\\Users\\xbfmp\\OneDrive\\Apps\\HDR_Gallery\\dataconnect: El sistema no puede encontrar el archivo especificado.\n"}}
[debug] [2026-07-18T21:07:17.280Z] I0718 23:07:17.280855   11964 dev.go:101] Listening on address (HTTP + gRPC): 127.0.0.1:50001
 {"metadata":{"emulator":{"name":"dataconnect"},"message":"I0718 23:07:17.280855   11964 dev.go:101] Listening on address (HTTP + gRPC): 127.0.0.1:50001\n"}}
[error] [Firebase Plugin] error:  {}
[debug] [2026-07-18T21:07:27.271Z] E0718 23:07:27.271397   11964 watch.go:40] Failed to load config from "c:\\Users\\xbfmp\\OneDrive\\Apps\\HDR_Gallery\\dataconnect": could not find dataconnect.yaml in `c:\Users\xbfmp\OneDrive\Apps\HDR_Gallery\dataconnect`
 {"metadata":{"emulator":{"name":"dataconnect"},"message":"E0718 23:07:27.271397   11964 watch.go:40] Failed to load config from \"c:\\\\Users\\\\xbfmp\\\\OneDrive\\\\Apps\\\\HDR_Gallery\\\\dataconnect\": could not find dataconnect.yaml in `c:\\Users\\xbfmp\\OneDrive\\Apps\\HDR_Gallery\\dataconnect`\n"}}
[debug] [2026-07-18T21:07:37.270Z] E0718 23:07:37.271000   11964 watch.go:40] Failed to load config from "c:\\Users\\xbfmp\\OneDrive\\Apps\\HDR_Gallery\\dataconnect": could not find dataconnect.yaml in `c:\Users\xbfmp\OneDrive\Apps\HDR_Gallery\dataconnect`
 {"metadata":{"emulator":{"name":"dataconnect"},"message":"E0718 23:07:37.271000   11964 watch.go:40] Failed to load config from \"c:\\\\Users\\\\xbfmp\\\\OneDrive\\\\Apps\\\\HDR_Gallery\\\\dataconnect\": could not find dataconnect.yaml in `c:\\Users\\xbfmp\\OneDrive\\Apps\\HDR_Gallery\\dataconnect`\n"}}
[debug] [2026-07-18T21:07:47.271Z] E0718 23:07:47.271280   11964 watch.go:40] Failed to load config from "c:\\Users\\xbfmp\\OneDrive\\Apps\\HDR_Gallery\\dataconnect": could not find dataconnect.yaml in `c:\Users\xbfmp\OneDrive\Apps\HDR_Gallery\dataconnect`
 {"metadata":{"emulator":{"name":"dataconnect"},"message":"E0718 23:07:47.271280   11964 watch.go:40] Failed to load config from \"c:\\\\Users\\\\xbfmp\\\\OneDrive\\\\Apps\\\\HDR_Gallery\\\\dataconnect\": could not find dataconnect.yaml in `c:\\Users\\xbfmp\\OneDrive\\Apps\\HDR_Gallery\\dataconnect`\n"}}
[debug] [2026-07-18T21:07:57.271Z] E0718 23:07:57.271454   11964 watch.go:40] Failed to load config from "c:\\Users\\xbfmp\\OneDrive\\Apps\\HDR_Gallery\\dataconnect": could not find dataconnect.yaml in `c:\Users\xbfmp\OneDrive\Apps\HDR_Gallery\dataconnect`
 {"metadata":{"emulator":{"name":"dataconnect"},"message":"E0718 23:07:57.271454   11964 watch.go:40] Failed to load config from \"c:\\\\Users\\\\xbfmp\\\\OneDrive\\\\Apps\\\\HDR_Gallery\\\\dataconnect\": could not find dataconnect.yaml in `c:\\Users\\xbfmp\\OneDrive\\Apps\\HDR_Gallery\\dataconnect`\n"}}
[debug] [2026-07-18T21:08:07.271Z] E0718 23:08:07.271209   11964 watch.go:40] Failed to load config from "c:\\Users\\xbfmp\\OneDrive\\Apps\\HDR_Gallery\\dataconnect": could not find dataconnect.yaml in `c:\Users\xbfmp\OneDrive\Apps\HDR_Gallery\dataconnect`
 {"metadata":{"emulator":{"name":"dataconnect"},"message":"E0718 23:08:07.271209   11964 watch.go:40] Failed to load config from \"c:\\\\Users\\\\xbfmp\\\\OneDrive\\\\Apps\\\\HDR_Gallery\\\\dataconnect\": could not find dataconnect.yaml in `c:\\Users\\xbfmp\\OneDrive\\Apps\\HDR_Gallery\\dataconnect`\n"}}
[debug] [2026-07-18T21:08:17.271Z] E0718 23:08:17.271481   11964 watch.go:116] watchAllDir unable to walk dir `c:\Users\xbfmp\OneDrive\Apps\HDR_Gallery\dataconnect`: GetFileAttributesEx c:\Users\xbfmp\OneDrive\Apps\HDR_Gallery\dataconnect: El sistema no puede encontrar el archivo especificado.
 {"metadata":{"emulator":{"name":"dataconnect"},"message":"E0718 23:08:17.271481   11964 watch.go:116] watchAllDir unable to walk dir `c:\\Users\\xbfmp\\OneDrive\\Apps\\HDR_Gallery\\dataconnect`: GetFileAttributesEx c:\\Users\\xbfmp\\OneDrive\\Apps\\HDR_Gallery\\dataconnect: El sistema no puede encontrar el archivo especificado.\n"}}
[debug] [2026-07-18T21:08:17.271Z] E0718 23:08:17.271481   11964 watch.go:40] Failed to load config from "c:\\Users\\xbfmp\\OneDrive\\Apps\\HDR_Gallery\\dataconnect": could not find dataconnect.yaml in `c:\Users\xbfmp\OneDrive\Apps\HDR_Gallery\dataconnect`
 {"metadata":{"emulator":{"name":"dataconnect"},"message":"E0718 23:08:17.271481   11964 watch.go:40] Failed to load config from \"c:\\\\Users\\\\xbfmp\\\\OneDrive\\\\Apps\\\\HDR_Gallery\\\\dataconnect\": could not find dataconnect.yaml in `c:\\Users\\xbfmp\\OneDrive\\Apps\\HDR_Gallery\\dataconnect`\n"}}
[debug] [2026-07-18T21:08:27.271Z] E0718 23:08:27.271220   11964 watch.go:40] Failed to load config from "c:\\Users\\xbfmp\\OneDrive\\Apps\\HDR_Gallery\\dataconnect": could not find dataconnect.yaml in `c:\Users\xbfmp\OneDrive\Apps\HDR_Gallery\dataconnect`
 {"metadata":{"emulator":{"name":"dataconnect"},"message":"E0718 23:08:27.271220   11964 watch.go:40] Failed to load config from \"c:\\\\Users\\\\xbfmp\\\\OneDrive\\\\Apps\\\\HDR_Gallery\\\\dataconnect\": could not find dataconnect.yaml in `c:\\Users\\xbfmp\\OneDrive\\Apps\\HDR_Gallery\\dataconnect`\n"}}
[debug] [2026-07-18T21:08:37.271Z] E0718 23:08:37.271217   11964 watch.go:40] Failed to load config from "c:\\Users\\xbfmp\\OneDrive\\Apps\\HDR_Gallery\\dataconnect": could not find dataconnect.yaml in `c:\Users\xbfmp\OneDrive\Apps\HDR_Gallery\dataconnect`
 {"metadata":{"emulator":{"name":"dataconnect"},"message":"E0718 23:08:37.271217   11964 watch.go:40] Failed to load config from \"c:\\\\Users\\\\xbfmp\\\\OneDrive\\\\Apps\\\\HDR_Gallery\\\\dataconnect\": could not find dataconnect.yaml in `c:\\Users\\xbfmp\\OneDrive\\Apps\\HDR_Gallery\\dataconnect`\n"}}
[debug] [2026-07-18T21:08:47.271Z] E0718 23:08:47.271250   11964 watch.go:40] Failed to load config from "c:\\Users\\xbfmp\\OneDrive\\Apps\\HDR_Gallery\\dataconnect": could not find dataconnect.yaml in `c:\Users\xbfmp\OneDrive\Apps\HDR_Gallery\dataconnect`
 {"metadata":{"emulator":{"name":"dataconnect"},"message":"E0718 23:08:47.271250   11964 watch.go:40] Failed to load config from \"c:\\\\Users\\\\xbfmp\\\\OneDrive\\\\Apps\\\\HDR_Gallery\\\\dataconnect\": could not find dataconnect.yaml in `c:\\Users\\xbfmp\\OneDrive\\Apps\\HDR_Gallery\\dataconnect`\n"}}
[debug] [2026-07-18T21:08:57.271Z] E0718 23:08:57.271169   11964 watch.go:40] Failed to load config from "c:\\Users\\xbfmp\\OneDrive\\Apps\\HDR_Gallery\\dataconnect": could not find dataconnect.yaml in `c:\Users\xbfmp\OneDrive\Apps\HDR_Gallery\dataconnect`
 {"metadata":{"emulator":{"name":"dataconnect"},"message":"E0718 23:08:57.271169   11964 watch.go:40] Failed to load config from \"c:\\\\Users\\\\xbfmp\\\\OneDrive\\\\Apps\\\\HDR_Gallery\\\\dataconnect\": could not find dataconnect.yaml in `c:\\Users\\xbfmp\\OneDrive\\Apps\\HDR_Gallery\\dataconnect`\n"}}
[debug] [2026-07-18T21:09:07.271Z] E0718 23:09:07.271319   11964 watch.go:40] Failed to load config from "c:\\Users\\xbfmp\\OneDrive\\Apps\\HDR_Gallery\\dataconnect": could not find dataconnect.yaml in `c:\Users\xbfmp\OneDrive\Apps\HDR_Gallery\dataconnect`
 {"metadata":{"emulator":{"name":"dataconnect"},"message":"E0718 23:09:07.271319   11964 watch.go:40] Failed to load config from \"c:\\\\Users\\\\xbfmp\\\\OneDrive\\\\Apps\\\\HDR_Gallery\\\\dataconnect\": could not find dataconnect.yaml in `c:\\Users\\xbfmp\\OneDrive\\Apps\\HDR_Gallery\\dataconnect`\n"}}
[debug] [2026-07-18T21:09:17.271Z] E0718 23:09:17.271131   11964 watch.go:116] watchAllDir unable to walk dir `c:\Users\xbfmp\OneDrive\Apps\HDR_Gallery\dataconnect`: GetFileAttributesEx c:\Users\xbfmp\OneDrive\Apps\HDR_Gallery\dataconnect: El sistema no puede encontrar el archivo especificado.
 {"metadata":{"emulator":{"name":"dataconnect"},"message":"E0718 23:09:17.271131   11964 watch.go:116] watchAllDir unable to walk dir `c:\\Users\\xbfmp\\OneDrive\\Apps\\HDR_Gallery\\dataconnect`: GetFileAttributesEx c:\\Users\\xbfmp\\OneDrive\\Apps\\HDR_Gallery\\dataconnect: El sistema no puede encontrar el archivo especificado.\n"}}
[debug] [2026-07-18T21:09:17.271Z] E0718 23:09:17.271131   11964 watch.go:40] Failed to load config from "c:\\Users\\xbfmp\\OneDrive\\Apps\\HDR_Gallery\\dataconnect": could not find dataconnect.yaml in `c:\Users\xbfmp\OneDrive\Apps\HDR_Gallery\dataconnect`
 {"metadata":{"emulator":{"name":"dataconnect"},"message":"E0718 23:09:17.271131   11964 watch.go:40] Failed to load config from \"c:\\\\Users\\\\xbfmp\\\\OneDrive\\\\Apps\\\\HDR_Gallery\\\\dataconnect\": could not find dataconnect.yaml in `c:\\Users\\xbfmp\\OneDrive\\Apps\\HDR_Gallery\\dataconnect`\n"}}
[debug] [2026-07-18T21:09:27.272Z] E0718 23:09:27.271819   11964 watch.go:40] Failed to load config from "c:\\Users\\xbfmp\\OneDrive\\Apps\\HDR_Gallery\\dataconnect": could not find dataconnect.yaml in `c:\Users\xbfmp\OneDrive\Apps\HDR_Gallery\dataconnect`
 {"metadata":{"emulator":{"name":"dataconnect"},"message":"E0718 23:09:27.271819   11964 watch.go:40] Failed to load config from \"c:\\\\Users\\\\xbfmp\\\\OneDrive\\\\Apps\\\\HDR_Gallery\\\\dataconnect\": could not find dataconnect.yaml in `c:\\Users\\xbfmp\\OneDrive\\Apps\\HDR_Gallery\\dataconnect`\n"}}
[debug] [2026-07-18T21:09:37.271Z] E0718 23:09:37.271361   11964 watch.go:40] Failed to load config from "c:\\Users\\xbfmp\\OneDrive\\Apps\\HDR_Gallery\\dataconnect": could not find dataconnect.yaml in `c:\Users\xbfmp\OneDrive\Apps\HDR_Gallery\dataconnect`
 {"metadata":{"emulator":{"name":"dataconnect"},"message":"E0718 23:09:37.271361   11964 watch.go:40] Failed to load config from \"c:\\\\Users\\\\xbfmp\\\\OneDrive\\\\Apps\\\\HDR_Gallery\\\\dataconnect\": could not find dataconnect.yaml in `c:\\Users\\xbfmp\\OneDrive\\Apps\\HDR_Gallery\\dataconnect`\n"}}
[debug] [2026-07-18T21:09:47.271Z] E0718 23:09:47.271489   11964 watch.go:40] Failed to load config from "c:\\Users\\xbfmp\\OneDrive\\Apps\\HDR_Gallery\\dataconnect": could not find dataconnect.yaml in `c:\Users\xbfmp\OneDrive\Apps\HDR_Gallery\dataconnect`
 {"metadata":{"emulator":{"name":"dataconnect"},"message":"E0718 23:09:47.271489   11964 watch.go:40] Failed to load config from \"c:\\\\Users\\\\xbfmp\\\\OneDrive\\\\Apps\\\\HDR_Gallery\\\\dataconnect\": could not find dataconnect.yaml in `c:\\Users\\xbfmp\\OneDrive\\Apps\\HDR_Gallery\\dataconnect`\n"}}
[debug] [2026-07-18T21:09:57.271Z] E0718 23:09:57.271474   11964 watch.go:40] Failed to load config from "c:\\Users\\xbfmp\\OneDrive\\Apps\\HDR_Gallery\\dataconnect": could not find dataconnect.yaml in `c:\Users\xbfmp\OneDrive\Apps\HDR_Gallery\dataconnect`
 {"metadata":{"emulator":{"name":"dataconnect"},"message":"E0718 23:09:57.271474   11964 watch.go:40] Failed to load config from \"c:\\\\Users\\\\xbfmp\\\\OneDrive\\\\Apps\\\\HDR_Gallery\\\\dataconnect\": could not find dataconnect.yaml in `c:\\Users\\xbfmp\\OneDrive\\Apps\\HDR_Gallery\\dataconnect`\n"}}
[debug] [2026-07-18T21:10:07.271Z] E0718 23:10:07.271205   11964 watch.go:40] Failed to load config from "c:\\Users\\xbfmp\\OneDrive\\Apps\\HDR_Gallery\\dataconnect": could not find dataconnect.yaml in `c:\Users\xbfmp\OneDrive\Apps\HDR_Gallery\dataconnect`
 {"metadata":{"emulator":{"name":"dataconnect"},"message":"E0718 23:10:07.271205   11964 watch.go:40] Failed to load config from \"c:\\\\Users\\\\xbfmp\\\\OneDrive\\\\Apps\\\\HDR_Gallery\\\\dataconnect\": could not find dataconnect.yaml in `c:\\Users\\xbfmp\\OneDrive\\Apps\\HDR_Gallery\\dataconnect`\n"}}
[debug] [2026-07-18T21:10:17.271Z] E0718 23:10:17.271311   11964 watch.go:116] watchAllDir unable to walk dir `c:\Users\xbfmp\OneDrive\Apps\HDR_Gallery\dataconnect`: GetFileAttributesEx c:\Users\xbfmp\OneDrive\Apps\HDR_Gallery\dataconnect: El sistema no puede encontrar el archivo especificado.
 {"metadata":{"emulator":{"name":"dataconnect"},"message":"E0718 23:10:17.271311   11964 watch.go:116] watchAllDir unable to walk dir `c:\\Users\\xbfmp\\OneDrive\\Apps\\HDR_Gallery\\dataconnect`: GetFileAttributesEx c:\\Users\\xbfmp\\OneDrive\\Apps\\HDR_Gallery\\dataconnect: El sistema no puede encontrar el archivo especificado.\n"}}
[debug] [2026-07-18T21:10:17.271Z] E0718 23:10:17.271311   11964 watch.go:40] Failed to load config from "c:\\Users\\xbfmp\\OneDrive\\Apps\\HDR_Gallery\\dataconnect": could not find dataconnect.yaml in `c:\Users\xbfmp\OneDrive\Apps\HDR_Gallery\dataconnect`
 {"metadata":{"emulator":{"name":"dataconnect"},"message":"E0718 23:10:17.271311   11964 watch.go:40] Failed to load config from \"c:\\\\Users\\\\xbfmp\\\\OneDrive\\\\Apps\\\\HDR_Gallery\\\\dataconnect\": could not find dataconnect.yaml in `c:\\Users\\xbfmp\\OneDrive\\Apps\\HDR_Gallery\\dataconnect`\n"}}
[debug] [2026-07-18T21:10:27.271Z] E0718 23:10:27.271032   11964 watch.go:40] Failed to load config from "c:\\Users\\xbfmp\\OneDrive\\Apps\\HDR_Gallery\\dataconnect": could not find dataconnect.yaml in `c:\Users\xbfmp\OneDrive\Apps\HDR_Gallery\dataconnect`
 {"metadata":{"emulator":{"name":"dataconnect"},"message":"E0718 23:10:27.271032   11964 watch.go:40] Failed to load config from \"c:\\\\Users\\\\xbfmp\\\\OneDrive\\\\Apps\\\\HDR_Gallery\\\\dataconnect\": could not find dataconnect.yaml in `c:\\Users\\xbfmp\\OneDrive\\Apps\\HDR_Gallery\\dataconnect`\n"}}
[debug] [2026-07-18T21:10:37.271Z] E0718 23:10:37.271045   11964 watch.go:40] Failed to load config from "c:\\Users\\xbfmp\\OneDrive\\Apps\\HDR_Gallery\\dataconnect": could not find dataconnect.yaml in `c:\Users\xbfmp\OneDrive\Apps\HDR_Gallery\dataconnect`
 {"metadata":{"emulator":{"name":"dataconnect"},"message":"E0718 23:10:37.271045   11964 watch.go:40] Failed to load config from \"c:\\\\Users\\\\xbfmp\\\\OneDrive\\\\Apps\\\\HDR_Gallery\\\\dataconnect\": could not find dataconnect.yaml in `c:\\Users\\xbfmp\\OneDrive\\Apps\\HDR_Gallery\\dataconnect`\n"}}
[debug] [2026-07-18T21:10:47.271Z] E0718 23:10:47.271084   11964 watch.go:40] Failed to load config from "c:\\Users\\xbfmp\\OneDrive\\Apps\\HDR_Gallery\\dataconnect": could not find dataconnect.yaml in `c:\Users\xbfmp\OneDrive\Apps\HDR_Gallery\dataconnect`
 {"metadata":{"emulator":{"name":"dataconnect"},"message":"E0718 23:10:47.271084   11964 watch.go:40] Failed to load config from \"c:\\\\Users\\\\xbfmp\\\\OneDrive\\\\Apps\\\\HDR_Gallery\\\\dataconnect\": could not find dataconnect.yaml in `c:\\Users\\xbfmp\\OneDrive\\Apps\\HDR_Gallery\\dataconnect`\n"}}
[debug] [2026-07-18T21:10:57.271Z] E0718 23:10:57.271085   11964 watch.go:40] Failed to load config from "c:\\Users\\xbfmp\\OneDrive\\Apps\\HDR_Gallery\\dataconnect": could not find dataconnect.yaml in `c:\Users\xbfmp\OneDrive\Apps\HDR_Gallery\dataconnect`
 {"metadata":{"emulator":{"name":"dataconnect"},"message":"E0718 23:10:57.271085   11964 watch.go:40] Failed to load config from \"c:\\\\Users\\\\xbfmp\\\\OneDrive\\\\Apps\\\\HDR_Gallery\\\\dataconnect\": could not find dataconnect.yaml in `c:\\Users\\xbfmp\\OneDrive\\Apps\\HDR_Gallery\\dataconnect`\n"}}
[debug] [2026-07-18T21:11:07.271Z] E0718 23:11:07.271352   11964 watch.go:40] Failed to load config from "c:\\Users\\xbfmp\\OneDrive\\Apps\\HDR_Gallery\\dataconnect": could not find dataconnect.yaml in `c:\Users\xbfmp\OneDrive\Apps\HDR_Gallery\dataconnect`
 {"metadata":{"emulator":{"name":"dataconnect"},"message":"E0718 23:11:07.271352   11964 watch.go:40] Failed to load config from \"c:\\\\Users\\\\xbfmp\\\\OneDrive\\\\Apps\\\\HDR_Gallery\\\\dataconnect\": could not find dataconnect.yaml in `c:\\Users\\xbfmp\\OneDrive\\Apps\\HDR_Gallery\\dataconnect`\n"}}
[debug] [2026-07-18T21:11:17.271Z] E0718 23:11:17.271352   11964 watch.go:116] watchAllDir unable to walk dir `c:\Users\xbfmp\OneDrive\Apps\HDR_Gallery\dataconnect`: GetFileAttributesEx c:\Users\xbfmp\OneDrive\Apps\HDR_Gallery\dataconnect: El sistema no puede encontrar el archivo especificado.
 {"metadata":{"emulator":{"name":"dataconnect"},"message":"E0718 23:11:17.271352   11964 watch.go:116] watchAllDir unable to walk dir `c:\\Users\\xbfmp\\OneDrive\\Apps\\HDR_Gallery\\dataconnect`: GetFileAttributesEx c:\\Users\\xbfmp\\OneDrive\\Apps\\HDR_Gallery\\dataconnect: El sistema no puede encontrar el archivo especificado.\n"}}
[debug] [2026-07-18T21:11:17.271Z] E0718 23:11:17.271352   11964 watch.go:40] Failed to load config from "c:\\Users\\xbfmp\\OneDrive\\Apps\\HDR_Gallery\\dataconnect": could not find dataconnect.yaml in `c:\Users\xbfmp\OneDrive\Apps\HDR_Gallery\dataconnect`
 {"metadata":{"emulator":{"name":"dataconnect"},"message":"E0718 23:11:17.271352   11964 watch.go:40] Failed to load config from \"c:\\\\Users\\\\xbfmp\\\\OneDrive\\\\Apps\\\\HDR_Gallery\\\\dataconnect\": could not find dataconnect.yaml in `c:\\Users\\xbfmp\\OneDrive\\Apps\\HDR_Gallery\\dataconnect`\n"}}
[debug] [2026-07-18T21:11:27.271Z] E0718 23:11:27.271214   11964 watch.go:40] Failed to load config from "c:\\Users\\xbfmp\\OneDrive\\Apps\\HDR_Gallery\\dataconnect": could not find dataconnect.yaml in `c:\Users\xbfmp\OneDrive\Apps\HDR_Gallery\dataconnect`
 {"metadata":{"emulator":{"name":"dataconnect"},"message":"E0718 23:11:27.271214   11964 watch.go:40] Failed to load config from \"c:\\\\Users\\\\xbfmp\\\\OneDrive\\\\Apps\\\\HDR_Gallery\\\\dataconnect\": could not find dataconnect.yaml in `c:\\Users\\xbfmp\\OneDrive\\Apps\\HDR_Gallery\\dataconnect`\n"}}
[debug] [2026-07-18T21:11:37.271Z] E0718 23:11:37.271089   11964 watch.go:40] Failed to load config from "c:\\Users\\xbfmp\\OneDrive\\Apps\\HDR_Gallery\\dataconnect": could not find dataconnect.yaml in `c:\Users\xbfmp\OneDrive\Apps\HDR_Gallery\dataconnect`
 {"metadata":{"emulator":{"name":"dataconnect"},"message":"E0718 23:11:37.271089   11964 watch.go:40] Failed to load config from \"c:\\\\Users\\\\xbfmp\\\\OneDrive\\\\Apps\\\\HDR_Gallery\\\\dataconnect\": could not find dataconnect.yaml in `c:\\Users\\xbfmp\\OneDrive\\Apps\\HDR_Gallery\\dataconnect`\n"}}
[debug] [2026-07-18T21:11:47.271Z] E0718 23:11:47.271033   11964 watch.go:40] Failed to load config from "c:\\Users\\xbfmp\\OneDrive\\Apps\\HDR_Gallery\\dataconnect": could not find dataconnect.yaml in `c:\Users\xbfmp\OneDrive\Apps\HDR_Gallery\dataconnect`
 {"metadata":{"emulator":{"name":"dataconnect"},"message":"E0718 23:11:47.271033   11964 watch.go:40] Failed to load config from \"c:\\\\Users\\\\xbfmp\\\\OneDrive\\\\Apps\\\\HDR_Gallery\\\\dataconnect\": could not find dataconnect.yaml in `c:\\Users\\xbfmp\\OneDrive\\Apps\\HDR_Gallery\\dataconnect`\n"}}
[debug] [2026-07-18T21:11:57.271Z] E0718 23:11:57.271436   11964 watch.go:40] Failed to load config from "c:\\Users\\xbfmp\\OneDrive\\Apps\\HDR_Gallery\\dataconnect": could not find dataconnect.yaml in `c:\Users\xbfmp\OneDrive\Apps\HDR_Gallery\dataconnect`
 {"metadata":{"emulator":{"name":"dataconnect"},"message":"E0718 23:11:57.271436   11964 watch.go:40] Failed to load config from \"c:\\\\Users\\\\xbfmp\\\\OneDrive\\\\Apps\\\\HDR_Gallery\\\\dataconnect\": could not find dataconnect.yaml in `c:\\Users\\xbfmp\\OneDrive\\Apps\\HDR_Gallery\\dataconnect`\n"}}
[debug] [2026-07-18T21:12:07.271Z] E0718 23:12:07.271374   11964 watch.go:40] Failed to load config from "c:\\Users\\xbfmp\\OneDrive\\Apps\\HDR_Gallery\\dataconnect": could not find dataconnect.yaml in `c:\Users\xbfmp\OneDrive\Apps\HDR_Gallery\dataconnect`
 {"metadata":{"emulator":{"name":"dataconnect"},"message":"E0718 23:12:07.271374   11964 watch.go:40] Failed to load config from \"c:\\\\Users\\\\xbfmp\\\\OneDrive\\\\Apps\\\\HDR_Gallery\\\\dataconnect\": could not find dataconnect.yaml in `c:\\Users\\xbfmp\\OneDrive\\Apps\\HDR_Gallery\\dataconnect`\n"}}
[debug] [2026-07-18T21:12:17.270Z] E0718 23:12:17.271077   11964 watch.go:116] watchAllDir unable to walk dir `c:\Users\xbfmp\OneDrive\Apps\HDR_Gallery\dataconnect`: GetFileAttributesEx c:\Users\xbfmp\OneDrive\Apps\HDR_Gallery\dataconnect: El sistema no puede encontrar el archivo especificado.
 {"metadata":{"emulator":{"name":"dataconnect"},"message":"E0718 23:12:17.271077   11964 watch.go:116] watchAllDir unable to walk dir `c:\\Users\\xbfmp\\OneDrive\\Apps\\HDR_Gallery\\dataconnect`: GetFileAttributesEx c:\\Users\\xbfmp\\OneDrive\\Apps\\HDR_Gallery\\dataconnect: El sistema no puede encontrar el archivo especificado.\n"}}
[debug] [2026-07-18T21:12:17.271Z] E0718 23:12:17.271077   11964 watch.go:40] Failed to load config from "c:\\Users\\xbfmp\\OneDrive\\Apps\\HDR_Gallery\\dataconnect": could not find dataconnect.yaml in `c:\Users\xbfmp\OneDrive\Apps\HDR_Gallery\dataconnect`
 {"metadata":{"emulator":{"name":"dataconnect"},"message":"E0718 23:12:17.271077   11964 watch.go:40] Failed to load config from \"c:\\\\Users\\\\xbfmp\\\\OneDrive\\\\Apps\\\\HDR_Gallery\\\\dataconnect\": could not find dataconnect.yaml in `c:\\Users\\xbfmp\\OneDrive\\Apps\\HDR_Gallery\\dataconnect`\n"}}
[debug] [2026-07-18T21:12:27.271Z] E0718 23:12:27.272087   11964 watch.go:40] Failed to load config from "c:\\Users\\xbfmp\\OneDrive\\Apps\\HDR_Gallery\\dataconnect": could not find dataconnect.yaml in `c:\Users\xbfmp\OneDrive\Apps\HDR_Gallery\dataconnect`
 {"metadata":{"emulator":{"name":"dataconnect"},"message":"E0718 23:12:27.272087   11964 watch.go:40] Failed to load config from \"c:\\\\Users\\\\xbfmp\\\\OneDrive\\\\Apps\\\\HDR_Gallery\\\\dataconnect\": could not find dataconnect.yaml in `c:\\Users\\xbfmp\\OneDrive\\Apps\\HDR_Gallery\\dataconnect`\n"}}
[debug] [2026-07-18T21:12:37.270Z] E0718 23:12:37.271043   11964 watch.go:40] Failed to load config from "c:\\Users\\xbfmp\\OneDrive\\Apps\\HDR_Gallery\\dataconnect": could not find dataconnect.yaml in `c:\Users\xbfmp\OneDrive\Apps\HDR_Gallery\dataconnect`
 {"metadata":{"emulator":{"name":"dataconnect"},"message":"E0718 23:12:37.271043   11964 watch.go:40] Failed to load config from \"c:\\\\Users\\\\xbfmp\\\\OneDrive\\\\Apps\\\\HDR_Gallery\\\\dataconnect\": could not find dataconnect.yaml in `c:\\Users\\xbfmp\\OneDrive\\Apps\\HDR_Gallery\\dataconnect`\n"}}
[debug] [2026-07-18T21:12:47.270Z] E0718 23:12:47.271361   11964 watch.go:40] Failed to load config from "c:\\Users\\xbfmp\\OneDrive\\Apps\\HDR_Gallery\\dataconnect": could not find dataconnect.yaml in `c:\Users\xbfmp\OneDrive\Apps\HDR_Gallery\dataconnect`
 {"metadata":{"emulator":{"name":"dataconnect"},"message":"E0718 23:12:47.271361   11964 watch.go:40] Failed to load config from \"c:\\\\Users\\\\xbfmp\\\\OneDrive\\\\Apps\\\\HDR_Gallery\\\\dataconnect\": could not find dataconnect.yaml in `c:\\Users\\xbfmp\\OneDrive\\Apps\\HDR_Gallery\\dataconnect`\n"}}
[debug] [2026-07-18T21:12:57.270Z] E0718 23:12:57.271177   11964 watch.go:40] Failed to load config from "c:\\Users\\xbfmp\\OneDrive\\Apps\\HDR_Gallery\\dataconnect": could not find dataconnect.yaml in `c:\Users\xbfmp\OneDrive\Apps\HDR_Gallery\dataconnect`
 {"metadata":{"emulator":{"name":"dataconnect"},"message":"E0718 23:12:57.271177   11964 watch.go:40] Failed to load config from \"c:\\\\Users\\\\xbfmp\\\\OneDrive\\\\Apps\\\\HDR_Gallery\\\\dataconnect\": could not find dataconnect.yaml in `c:\\Users\\xbfmp\\OneDrive\\Apps\\HDR_Gallery\\dataconnect`\n"}}
[debug] [2026-07-18T21:13:07.271Z] E0718 23:13:07.271485   11964 watch.go:40] Failed to load config from "c:\\Users\\xbfmp\\OneDrive\\Apps\\HDR_Gallery\\dataconnect": could not find dataconnect.yaml in `c:\Users\xbfmp\OneDrive\Apps\HDR_Gallery\dataconnect`
 {"metadata":{"emulator":{"name":"dataconnect"},"message":"E0718 23:13:07.271485   11964 watch.go:40] Failed to load config from \"c:\\\\Users\\\\xbfmp\\\\OneDrive\\\\Apps\\\\HDR_Gallery\\\\dataconnect\": could not find dataconnect.yaml in `c:\\Users\\xbfmp\\OneDrive\\Apps\\HDR_Gallery\\dataconnect`\n"}}
[debug] [2026-07-18T21:13:17.270Z] E0718 23:13:17.271215   11964 watch.go:116] watchAllDir unable to walk dir `c:\Users\xbfmp\OneDrive\Apps\HDR_Gallery\dataconnect`: GetFileAttributesEx c:\Users\xbfmp\OneDrive\Apps\HDR_Gallery\dataconnect: El sistema no puede encontrar el archivo especificado.
 {"metadata":{"emulator":{"name":"dataconnect"},"message":"E0718 23:13:17.271215   11964 watch.go:116] watchAllDir unable to walk dir `c:\\Users\\xbfmp\\OneDrive\\Apps\\HDR_Gallery\\dataconnect`: GetFileAttributesEx c:\\Users\\xbfmp\\OneDrive\\Apps\\HDR_Gallery\\dataconnect: El sistema no puede encontrar el archivo especificado.\n"}}
[debug] [2026-07-18T21:13:17.271Z] E0718 23:13:17.271215   11964 watch.go:40] Failed to load config from "c:\\Users\\xbfmp\\OneDrive\\Apps\\HDR_Gallery\\dataconnect": could not find dataconnect.yaml in `c:\Users\xbfmp\OneDrive\Apps\HDR_Gallery\dataconnect`
 {"metadata":{"emulator":{"name":"dataconnect"},"message":"E0718 23:13:17.271215   11964 watch.go:40] Failed to load config from \"c:\\\\Users\\\\xbfmp\\\\OneDrive\\\\Apps\\\\HDR_Gallery\\\\dataconnect\": could not find dataconnect.yaml in `c:\\Users\\xbfmp\\OneDrive\\Apps\\HDR_Gallery\\dataconnect`\n"}}
[debug] [2026-07-18T21:13:27.270Z] E0718 23:13:27.271102   11964 watch.go:40] Failed to load config from "c:\\Users\\xbfmp\\OneDrive\\Apps\\HDR_Gallery\\dataconnect": could not find dataconnect.yaml in `c:\Users\xbfmp\OneDrive\Apps\HDR_Gallery\dataconnect`
 {"metadata":{"emulator":{"name":"dataconnect"},"message":"E0718 23:13:27.271102   11964 watch.go:40] Failed to load config from \"c:\\\\Users\\\\xbfmp\\\\OneDrive\\\\Apps\\\\HDR_Gallery\\\\dataconnect\": could not find dataconnect.yaml in `c:\\Users\\xbfmp\\OneDrive\\Apps\\HDR_Gallery\\dataconnect`\n"}}
[debug] [2026-07-18T21:13:37.270Z] E0718 23:13:37.271109   11964 watch.go:40] Failed to load config from "c:\\Users\\xbfmp\\OneDrive\\Apps\\HDR_Gallery\\dataconnect": could not find dataconnect.yaml in `c:\Users\xbfmp\OneDrive\Apps\HDR_Gallery\dataconnect`
 {"metadata":{"emulator":{"name":"dataconnect"},"message":"E0718 23:13:37.271109   11964 watch.go:40] Failed to load config from \"c:\\\\Users\\\\xbfmp\\\\OneDrive\\\\Apps\\\\HDR_Gallery\\\\dataconnect\": could not find dataconnect.yaml in `c:\\Users\\xbfmp\\OneDrive\\Apps\\HDR_Gallery\\dataconnect`\n"}}
[debug] [2026-07-18T21:13:47.270Z] E0718 23:13:47.271041   11964 watch.go:40] Failed to load config from "c:\\Users\\xbfmp\\OneDrive\\Apps\\HDR_Gallery\\dataconnect": could not find dataconnect.yaml in `c:\Users\xbfmp\OneDrive\Apps\HDR_Gallery\dataconnect`
 {"metadata":{"emulator":{"name":"dataconnect"},"message":"E0718 23:13:47.271041   11964 watch.go:40] Failed to load config from \"c:\\\\Users\\\\xbfmp\\\\OneDrive\\\\Apps\\\\HDR_Gallery\\\\dataconnect\": could not find dataconnect.yaml in `c:\\Users\\xbfmp\\OneDrive\\Apps\\HDR_Gallery\\dataconnect`\n"}}
[debug] [2026-07-18T21:13:57.271Z] E0718 23:13:57.271410   11964 watch.go:40] Failed to load config from "c:\\Users\\xbfmp\\OneDrive\\Apps\\HDR_Gallery\\dataconnect": could not find dataconnect.yaml in `c:\Users\xbfmp\OneDrive\Apps\HDR_Gallery\dataconnect`
 {"metadata":{"emulator":{"name":"dataconnect"},"message":"E0718 23:13:57.271410   11964 watch.go:40] Failed to load config from \"c:\\\\Users\\\\xbfmp\\\\OneDrive\\\\Apps\\\\HDR_Gallery\\\\dataconnect\": could not find dataconnect.yaml in `c:\\Users\\xbfmp\\OneDrive\\Apps\\HDR_Gallery\\dataconnect`\n"}}
[debug] [2026-07-18T21:14:07.270Z] E0718 23:14:07.271066   11964 watch.go:40] Failed to load config from "c:\\Users\\xbfmp\\OneDrive\\Apps\\HDR_Gallery\\dataconnect": could not find dataconnect.yaml in `c:\Users\xbfmp\OneDrive\Apps\HDR_Gallery\dataconnect`
 {"metadata":{"emulator":{"name":"dataconnect"},"message":"E0718 23:14:07.271066   11964 watch.go:40] Failed to load config from \"c:\\\\Users\\\\xbfmp\\\\OneDrive\\\\Apps\\\\HDR_Gallery\\\\dataconnect\": could not find dataconnect.yaml in `c:\\Users\\xbfmp\\OneDrive\\Apps\\HDR_Gallery\\dataconnect`\n"}}
[debug] [2026-07-18T21:14:17.270Z] E0718 23:14:17.271310   11964 watch.go:116] watchAllDir unable to walk dir `c:\Users\xbfmp\OneDrive\Apps\HDR_Gallery\dataconnect`: GetFileAttributesEx c:\Users\xbfmp\OneDrive\Apps\HDR_Gallery\dataconnect: El sistema no puede encontrar el archivo especificado.
 {"metadata":{"emulator":{"name":"dataconnect"},"message":"E0718 23:14:17.271310   11964 watch.go:116] watchAllDir unable to walk dir `c:\\Users\\xbfmp\\OneDrive\\Apps\\HDR_Gallery\\dataconnect`: GetFileAttributesEx c:\\Users\\xbfmp\\OneDrive\\Apps\\HDR_Gallery\\dataconnect: El sistema no puede encontrar el archivo especificado.\n"}}
[debug] [2026-07-18T21:14:17.271Z] E0718 23:14:17.271310   11964 watch.go:40] Failed to load config from "c:\\Users\\xbfmp\\OneDrive\\Apps\\HDR_Gallery\\dataconnect": could not find dataconnect.yaml in `c:\Users\xbfmp\OneDrive\Apps\HDR_Gallery\dataconnect`
 {"metadata":{"emulator":{"name":"dataconnect"},"message":"E0718 23:14:17.271310   11964 watch.go:40] Failed to load config from \"c:\\\\Users\\\\xbfmp\\\\OneDrive\\\\Apps\\\\HDR_Gallery\\\\dataconnect\": could not find dataconnect.yaml in `c:\\Users\\xbfmp\\OneDrive\\Apps\\HDR_Gallery\\dataconnect`\n"}}
[debug] [2026-07-18T21:14:27.270Z] E0718 23:14:27.271201   11964 watch.go:40] Failed to load config from "c:\\Users\\xbfmp\\OneDrive\\Apps\\HDR_Gallery\\dataconnect": could not find dataconnect.yaml in `c:\Users\xbfmp\OneDrive\Apps\HDR_Gallery\dataconnect`
 {"metadata":{"emulator":{"name":"dataconnect"},"message":"E0718 23:14:27.271201   11964 watch.go:40] Failed to load config from \"c:\\\\Users\\\\xbfmp\\\\OneDrive\\\\Apps\\\\HDR_Gallery\\\\dataconnect\": could not find dataconnect.yaml in `c:\\Users\\xbfmp\\OneDrive\\Apps\\HDR_Gallery\\dataconnect`\n"}}
[debug] [2026-07-18T21:14:37.270Z] E0718 23:14:37.271070   11964 watch.go:40] Failed to load config from "c:\\Users\\xbfmp\\OneDrive\\Apps\\HDR_Gallery\\dataconnect": could not find dataconnect.yaml in `c:\Users\xbfmp\OneDrive\Apps\HDR_Gallery\dataconnect`
 {"metadata":{"emulator":{"name":"dataconnect"},"message":"E0718 23:14:37.271070   11964 watch.go:40] Failed to load config from \"c:\\\\Users\\\\xbfmp\\\\OneDrive\\\\Apps\\\\HDR_Gallery\\\\dataconnect\": could not find dataconnect.yaml in `c:\\Users\\xbfmp\\OneDrive\\Apps\\HDR_Gallery\\dataconnect`\n"}}
[debug] [2026-07-18T21:14:47.270Z] E0718 23:14:47.271169   11964 watch.go:40] Failed to load config from "c:\\Users\\xbfmp\\OneDrive\\Apps\\HDR_Gallery\\dataconnect": could not find dataconnect.yaml in `c:\Users\xbfmp\OneDrive\Apps\HDR_Gallery\dataconnect`
 {"metadata":{"emulator":{"name":"dataconnect"},"message":"E0718 23:14:47.271169   11964 watch.go:40] Failed to load config from \"c:\\\\Users\\\\xbfmp\\\\OneDrive\\\\Apps\\\\HDR_Gallery\\\\dataconnect\": could not find dataconnect.yaml in `c:\\Users\\xbfmp\\OneDrive\\Apps\\HDR_Gallery\\dataconnect`\n"}}
[debug] [2026-07-18T21:14:57.270Z] E0718 23:14:57.271071   11964 watch.go:40] Failed to load config from "c:\\Users\\xbfmp\\OneDrive\\Apps\\HDR_Gallery\\dataconnect": could not find dataconnect.yaml in `c:\Users\xbfmp\OneDrive\Apps\HDR_Gallery\dataconnect`
 {"metadata":{"emulator":{"name":"dataconnect"},"message":"E0718 23:14:57.271071   11964 watch.go:40] Failed to load config from \"c:\\\\Users\\\\xbfmp\\\\OneDrive\\\\Apps\\\\HDR_Gallery\\\\dataconnect\": could not find dataconnect.yaml in `c:\\Users\\xbfmp\\OneDrive\\Apps\\HDR_Gallery\\dataconnect`\n"}}
[debug] [2026-07-18T21:15:07.271Z] E0718 23:15:07.271480   11964 watch.go:40] Failed to load config from "c:\\Users\\xbfmp\\OneDrive\\Apps\\HDR_Gallery\\dataconnect": could not find dataconnect.yaml in `c:\Users\xbfmp\OneDrive\Apps\HDR_Gallery\dataconnect`
 {"metadata":{"emulator":{"name":"dataconnect"},"message":"E0718 23:15:07.271480   11964 watch.go:40] Failed to load config from \"c:\\\\Users\\\\xbfmp\\\\OneDrive\\\\Apps\\\\HDR_Gallery\\\\dataconnect\": could not find dataconnect.yaml in `c:\\Users\\xbfmp\\OneDrive\\Apps\\HDR_Gallery\\dataconnect`\n"}}
[debug] [2026-07-18T21:15:17.270Z] E0718 23:15:17.271173   11964 watch.go:116] watchAllDir unable to walk dir `c:\Users\xbfmp\OneDrive\Apps\HDR_Gallery\dataconnect`: GetFileAttributesEx c:\Users\xbfmp\OneDrive\Apps\HDR_Gallery\dataconnect: El sistema no puede encontrar el archivo especificado.
 {"metadata":{"emulator":{"name":"dataconnect"},"message":"E0718 23:15:17.271173   11964 watch.go:116] watchAllDir unable to walk dir `c:\\Users\\xbfmp\\OneDrive\\Apps\\HDR_Gallery\\dataconnect`: GetFileAttributesEx c:\\Users\\xbfmp\\OneDrive\\Apps\\HDR_Gallery\\dataconnect: El sistema no puede encontrar el archivo especificado.\n"}}
[debug] [2026-07-18T21:15:17.271Z] E0718 23:15:17.271173   11964 watch.go:40] Failed to load config from "c:\\Users\\xbfmp\\OneDrive\\Apps\\HDR_Gallery\\dataconnect": could not find dataconnect.yaml in `c:\Users\xbfmp\OneDrive\Apps\HDR_Gallery\dataconnect`
 {"metadata":{"emulator":{"name":"dataconnect"},"message":"E0718 23:15:17.271173   11964 watch.go:40] Failed to load config from \"c:\\\\Users\\\\xbfmp\\\\OneDrive\\\\Apps\\\\HDR_Gallery\\\\dataconnect\": could not find dataconnect.yaml in `c:\\Users\\xbfmp\\OneDrive\\Apps\\HDR_Gallery\\dataconnect`\n"}}
[debug] [2026-07-18T21:15:27.271Z] E0718 23:15:27.271236   11964 watch.go:40] Failed to load config from "c:\\Users\\xbfmp\\OneDrive\\Apps\\HDR_Gallery\\dataconnect": could not find dataconnect.yaml in `c:\Users\xbfmp\OneDrive\Apps\HDR_Gallery\dataconnect`
 {"metadata":{"emulator":{"name":"dataconnect"},"message":"E0718 23:15:27.271236   11964 watch.go:40] Failed to load config from \"c:\\\\Users\\\\xbfmp\\\\OneDrive\\\\Apps\\\\HDR_Gallery\\\\dataconnect\": could not find dataconnect.yaml in `c:\\Users\\xbfmp\\OneDrive\\Apps\\HDR_Gallery\\dataconnect`\n"}}
[debug] [2026-07-18T21:15:37.271Z] E0718 23:15:37.271089   11964 watch.go:40] Failed to load config from "c:\\Users\\xbfmp\\OneDrive\\Apps\\HDR_Gallery\\dataconnect": could not find dataconnect.yaml in `c:\Users\xbfmp\OneDrive\Apps\HDR_Gallery\dataconnect`
 {"metadata":{"emulator":{"name":"dataconnect"},"message":"E0718 23:15:37.271089   11964 watch.go:40] Failed to load config from \"c:\\\\Users\\\\xbfmp\\\\OneDrive\\\\Apps\\\\HDR_Gallery\\\\dataconnect\": could not find dataconnect.yaml in `c:\\Users\\xbfmp\\OneDrive\\Apps\\HDR_Gallery\\dataconnect`\n"}}
[debug] [2026-07-18T21:15:47.271Z] E0718 23:15:47.271024   11964 watch.go:40] Failed to load config from "c:\\Users\\xbfmp\\OneDrive\\Apps\\HDR_Gallery\\dataconnect": could not find dataconnect.yaml in `c:\Users\xbfmp\OneDrive\Apps\HDR_Gallery\dataconnect`
 {"metadata":{"emulator":{"name":"dataconnect"},"message":"E0718 23:15:47.271024   11964 watch.go:40] Failed to load config from \"c:\\\\Users\\\\xbfmp\\\\OneDrive\\\\Apps\\\\HDR_Gallery\\\\dataconnect\": could not find dataconnect.yaml in `c:\\Users\\xbfmp\\OneDrive\\Apps\\HDR_Gallery\\dataconnect`\n"}}
[debug] [2026-07-18T21:15:57.271Z] E0718 23:15:57.271455   11964 watch.go:40] Failed to load config from "c:\\Users\\xbfmp\\OneDrive\\Apps\\HDR_Gallery\\dataconnect": could not find dataconnect.yaml in `c:\Users\xbfmp\OneDrive\Apps\HDR_Gallery\dataconnect`
 {"metadata":{"emulator":{"name":"dataconnect"},"message":"E0718 23:15:57.271455   11964 watch.go:40] Failed to load config from \"c:\\\\Users\\\\xbfmp\\\\OneDrive\\\\Apps\\\\HDR_Gallery\\\\dataconnect\": could not find dataconnect.yaml in `c:\\Users\\xbfmp\\OneDrive\\Apps\\HDR_Gallery\\dataconnect`\n"}}
[debug] [2026-07-18T21:16:07.271Z] E0718 23:16:07.271443   11964 watch.go:40] Failed to load config from "c:\\Users\\xbfmp\\OneDrive\\Apps\\HDR_Gallery\\dataconnect": could not find dataconnect.yaml in `c:\Users\xbfmp\OneDrive\Apps\HDR_Gallery\dataconnect`
 {"metadata":{"emulator":{"name":"dataconnect"},"message":"E0718 23:16:07.271443   11964 watch.go:40] Failed to load config from \"c:\\\\Users\\\\xbfmp\\\\OneDrive\\\\Apps\\\\HDR_Gallery\\\\dataconnect\": could not find dataconnect.yaml in `c:\\Users\\xbfmp\\OneDrive\\Apps\\HDR_Gallery\\dataconnect`\n"}}
[debug] [2026-07-18T21:16:17.271Z] E0718 23:16:17.271272   11964 watch.go:116] watchAllDir unable to walk dir `c:\Users\xbfmp\OneDrive\Apps\HDR_Gallery\dataconnect`: GetFileAttributesEx c:\Users\xbfmp\OneDrive\Apps\HDR_Gallery\dataconnect: El sistema no puede encontrar el archivo especificado.
 {"metadata":{"emulator":{"name":"dataconnect"},"message":"E0718 23:16:17.271272   11964 watch.go:116] watchAllDir unable to walk dir `c:\\Users\\xbfmp\\OneDrive\\Apps\\HDR_Gallery\\dataconnect`: GetFileAttributesEx c:\\Users\\xbfmp\\OneDrive\\Apps\\HDR_Gallery\\dataconnect: El sistema no puede encontrar el archivo especificado.\n"}}
[debug] [2026-07-18T21:16:17.272Z] E0718 23:16:17.271272   11964 watch.go:40] Failed to load config from "c:\\Users\\xbfmp\\OneDrive\\Apps\\HDR_Gallery\\dataconnect": could not find dataconnect.yaml in `c:\Users\xbfmp\OneDrive\Apps\HDR_Gallery\dataconnect`
 {"metadata":{"emulator":{"name":"dataconnect"},"message":"E0718 23:16:17.271272   11964 watch.go:40] Failed to load config from \"c:\\\\Users\\\\xbfmp\\\\OneDrive\\\\Apps\\\\HDR_Gallery\\\\dataconnect\": could not find dataconnect.yaml in `c:\\Users\\xbfmp\\OneDrive\\Apps\\HDR_Gallery\\dataconnect`\n"}}
[debug] [2026-07-18T21:16:27.271Z] E0718 23:16:27.271372   11964 watch.go:40] Failed to load config from "c:\\Users\\xbfmp\\OneDrive\\Apps\\HDR_Gallery\\dataconnect": could not find dataconnect.yaml in `c:\Users\xbfmp\OneDrive\Apps\HDR_Gallery\dataconnect`
 {"metadata":{"emulator":{"name":"dataconnect"},"message":"E0718 23:16:27.271372   11964 watch.go:40] Failed to load config from \"c:\\\\Users\\\\xbfmp\\\\OneDrive\\\\Apps\\\\HDR_Gallery\\\\dataconnect\": could not find dataconnect.yaml in `c:\\Users\\xbfmp\\OneDrive\\Apps\\HDR_Gallery\\dataconnect`\n"}}
[debug] [2026-07-18T21:16:37.271Z] E0718 23:16:37.271363   11964 watch.go:40] Failed to load config from "c:\\Users\\xbfmp\\OneDrive\\Apps\\HDR_Gallery\\dataconnect": could not find dataconnect.yaml in `c:\Users\xbfmp\OneDrive\Apps\HDR_Gallery\dataconnect`
 {"metadata":{"emulator":{"name":"dataconnect"},"message":"E0718 23:16:37.271363   11964 watch.go:40] Failed to load config from \"c:\\\\Users\\\\xbfmp\\\\OneDrive\\\\Apps\\\\HDR_Gallery\\\\dataconnect\": could not find dataconnect.yaml in `c:\\Users\\xbfmp\\OneDrive\\Apps\\HDR_Gallery\\dataconnect`\n"}}
[debug] [2026-07-18T21:16:47.271Z] E0718 23:16:47.271068   11964 watch.go:40] Failed to load config from "c:\\Users\\xbfmp\\OneDrive\\Apps\\HDR_Gallery\\dataconnect": could not find dataconnect.yaml in `c:\Users\xbfmp\OneDrive\Apps\HDR_Gallery\dataconnect`
 {"metadata":{"emulator":{"name":"dataconnect"},"message":"E0718 23:16:47.271068   11964 watch.go:40] Failed to load config from \"c:\\\\Users\\\\xbfmp\\\\OneDrive\\\\Apps\\\\HDR_Gallery\\\\dataconnect\": could not find dataconnect.yaml in `c:\\Users\\xbfmp\\OneDrive\\Apps\\HDR_Gallery\\dataconnect`\n"}}
[debug] [2026-07-18T21:16:57.271Z] E0718 23:16:57.271472   11964 watch.go:40] Failed to load config from "c:\\Users\\xbfmp\\OneDrive\\Apps\\HDR_Gallery\\dataconnect": could not find dataconnect.yaml in `c:\Users\xbfmp\OneDrive\Apps\HDR_Gallery\dataconnect`
 {"metadata":{"emulator":{"name":"dataconnect"},"message":"E0718 23:16:57.271472   11964 watch.go:40] Failed to load config from \"c:\\\\Users\\\\xbfmp\\\\OneDrive\\\\Apps\\\\HDR_Gallery\\\\dataconnect\": could not find dataconnect.yaml in `c:\\Users\\xbfmp\\OneDrive\\Apps\\HDR_Gallery\\dataconnect`\n"}}
[debug] [2026-07-18T21:17:07.271Z] E0718 23:17:07.271008   11964 watch.go:40] Failed to load config from "c:\\Users\\xbfmp\\OneDrive\\Apps\\HDR_Gallery\\dataconnect": could not find dataconnect.yaml in `c:\Users\xbfmp\OneDrive\Apps\HDR_Gallery\dataconnect`
 {"metadata":{"emulator":{"name":"dataconnect"},"message":"E0718 23:17:07.271008   11964 watch.go:40] Failed to load config from \"c:\\\\Users\\\\xbfmp\\\\OneDrive\\\\Apps\\\\HDR_Gallery\\\\dataconnect\": could not find dataconnect.yaml in `c:\\Users\\xbfmp\\OneDrive\\Apps\\HDR_Gallery\\dataconnect`\n"}}
[debug] [2026-07-18T21:17:17.271Z] E0718 23:17:17.271175   11964 watch.go:116] watchAllDir unable to walk dir `c:\Users\xbfmp\OneDrive\Apps\HDR_Gallery\dataconnect`: GetFileAttributesEx c:\Users\xbfmp\OneDrive\Apps\HDR_Gallery\dataconnect: El sistema no puede encontrar el archivo especificado.
 {"metadata":{"emulator":{"name":"dataconnect"},"message":"E0718 23:17:17.271175   11964 watch.go:116] watchAllDir unable to walk dir `c:\\Users\\xbfmp\\OneDrive\\Apps\\HDR_Gallery\\dataconnect`: GetFileAttributesEx c:\\Users\\xbfmp\\OneDrive\\Apps\\HDR_Gallery\\dataconnect: El sistema no puede encontrar el archivo especificado.\n"}}
[debug] [2026-07-18T21:17:17.271Z] E0718 23:17:17.271175   11964 watch.go:40] Failed to load config from "c:\\Users\\xbfmp\\OneDrive\\Apps\\HDR_Gallery\\dataconnect": could not find dataconnect.yaml in `c:\Users\xbfmp\OneDrive\Apps\HDR_Gallery\dataconnect`
 {"metadata":{"emulator":{"name":"dataconnect"},"message":"E0718 23:17:17.271175   11964 watch.go:40] Failed to load config from \"c:\\\\Users\\\\xbfmp\\\\OneDrive\\\\Apps\\\\HDR_Gallery\\\\dataconnect\": could not find dataconnect.yaml in `c:\\Users\\xbfmp\\OneDrive\\Apps\\HDR_Gallery\\dataconnect`\n"}}
[debug] [2026-07-18T21:17:27.271Z] E0718 23:17:27.271249   11964 watch.go:40] Failed to load config from "c:\\Users\\xbfmp\\OneDrive\\Apps\\HDR_Gallery\\dataconnect": could not find dataconnect.yaml in `c:\Users\xbfmp\OneDrive\Apps\HDR_Gallery\dataconnect`
 {"metadata":{"emulator":{"name":"dataconnect"},"message":"E0718 23:17:27.271249   11964 watch.go:40] Failed to load config from \"c:\\\\Users\\\\xbfmp\\\\OneDrive\\\\Apps\\\\HDR_Gallery\\\\dataconnect\": could not find dataconnect.yaml in `c:\\Users\\xbfmp\\OneDrive\\Apps\\HDR_Gallery\\dataconnect`\n"}}
[debug] [2026-07-18T21:17:37.271Z] E0718 23:17:37.271041   11964 watch.go:40] Failed to load config from "c:\\Users\\xbfmp\\OneDrive\\Apps\\HDR_Gallery\\dataconnect": could not find dataconnect.yaml in `c:\Users\xbfmp\OneDrive\Apps\HDR_Gallery\dataconnect`
 {"metadata":{"emulator":{"name":"dataconnect"},"message":"E0718 23:17:37.271041   11964 watch.go:40] Failed to load config from \"c:\\\\Users\\\\xbfmp\\\\OneDrive\\\\Apps\\\\HDR_Gallery\\\\dataconnect\": could not find dataconnect.yaml in `c:\\Users\\xbfmp\\OneDrive\\Apps\\HDR_Gallery\\dataconnect`\n"}}
[debug] [2026-07-18T21:17:47.271Z] E0718 23:17:47.271063   11964 watch.go:40] Failed to load config from "c:\\Users\\xbfmp\\OneDrive\\Apps\\HDR_Gallery\\dataconnect": could not find dataconnect.yaml in `c:\Users\xbfmp\OneDrive\Apps\HDR_Gallery\dataconnect`
 {"metadata":{"emulator":{"name":"dataconnect"},"message":"E0718 23:17:47.271063   11964 watch.go:40] Failed to load config from \"c:\\\\Users\\\\xbfmp\\\\OneDrive\\\\Apps\\\\HDR_Gallery\\\\dataconnect\": could not find dataconnect.yaml in `c:\\Users\\xbfmp\\OneDrive\\Apps\\HDR_Gallery\\dataconnect`\n"}}
[debug] [2026-07-18T21:17:57.271Z] E0718 23:17:57.271163   11964 watch.go:40] Failed to load config from "c:\\Users\\xbfmp\\OneDrive\\Apps\\HDR_Gallery\\dataconnect": could not find dataconnect.yaml in `c:\Users\xbfmp\OneDrive\Apps\HDR_Gallery\dataconnect`
 {"metadata":{"emulator":{"name":"dataconnect"},"message":"E0718 23:17:57.271163   11964 watch.go:40] Failed to load config from \"c:\\\\Users\\\\xbfmp\\\\OneDrive\\\\Apps\\\\HDR_Gallery\\\\dataconnect\": could not find dataconnect.yaml in `c:\\Users\\xbfmp\\OneDrive\\Apps\\HDR_Gallery\\dataconnect`\n"}}
[debug] [2026-07-18T21:18:07.271Z] E0718 23:18:07.271360   11964 watch.go:40] Failed to load config from "c:\\Users\\xbfmp\\OneDrive\\Apps\\HDR_Gallery\\dataconnect": could not find dataconnect.yaml in `c:\Users\xbfmp\OneDrive\Apps\HDR_Gallery\dataconnect`
 {"metadata":{"emulator":{"name":"dataconnect"},"message":"E0718 23:18:07.271360   11964 watch.go:40] Failed to load config from \"c:\\\\Users\\\\xbfmp\\\\OneDrive\\\\Apps\\\\HDR_Gallery\\\\dataconnect\": could not find dataconnect.yaml in `c:\\Users\\xbfmp\\OneDrive\\Apps\\HDR_Gallery\\dataconnect`\n"}}
[debug] [2026-07-18T21:18:17.271Z] E0718 23:18:17.271214   11964 watch.go:116] watchAllDir unable to walk dir `c:\Users\xbfmp\OneDrive\Apps\HDR_Gallery\dataconnect`: GetFileAttributesEx c:\Users\xbfmp\OneDrive\Apps\HDR_Gallery\dataconnect: El sistema no puede encontrar el archivo especificado.
 {"metadata":{"emulator":{"name":"dataconnect"},"message":"E0718 23:18:17.271214   11964 watch.go:116] watchAllDir unable to walk dir `c:\\Users\\xbfmp\\OneDrive\\Apps\\HDR_Gallery\\dataconnect`: GetFileAttributesEx c:\\Users\\xbfmp\\OneDrive\\Apps\\HDR_Gallery\\dataconnect: El sistema no puede encontrar el archivo especificado.\n"}}
[debug] [2026-07-18T21:18:17.271Z] E0718 23:18:17.271214   11964 watch.go:40] Failed to load config from "c:\\Users\\xbfmp\\OneDrive\\Apps\\HDR_Gallery\\dataconnect": could not find dataconnect.yaml in `c:\Users\xbfmp\OneDrive\Apps\HDR_Gallery\dataconnect`
 {"metadata":{"emulator":{"name":"dataconnect"},"message":"E0718 23:18:17.271214   11964 watch.go:40] Failed to load config from \"c:\\\\Users\\\\xbfmp\\\\OneDrive\\\\Apps\\\\HDR_Gallery\\\\dataconnect\": could not find dataconnect.yaml in `c:\\Users\\xbfmp\\OneDrive\\Apps\\HDR_Gallery\\dataconnect`\n"}}
[debug] [2026-07-18T21:18:27.271Z] E0718 23:18:27.271054   11964 watch.go:40] Failed to load config from "c:\\Users\\xbfmp\\OneDrive\\Apps\\HDR_Gallery\\dataconnect": could not find dataconnect.yaml in `c:\Users\xbfmp\OneDrive\Apps\HDR_Gallery\dataconnect`
 {"metadata":{"emulator":{"name":"dataconnect"},"message":"E0718 23:18:27.271054   11964 watch.go:40] Failed to load config from \"c:\\\\Users\\\\xbfmp\\\\OneDrive\\\\Apps\\\\HDR_Gallery\\\\dataconnect\": could not find dataconnect.yaml in `c:\\Users\\xbfmp\\OneDrive\\Apps\\HDR_Gallery\\dataconnect`\n"}}
[info] [Firebase Plugin] Stopping SQL Connect toolkit
[debug] [2026-07-19T01:58:10.521Z] [Firebase Plugin] Activating Firebase extension.
[debug] [2026-07-19T01:58:11.552Z] [Firebase Plugin] requireAuthWrapper
[debug] [2026-07-19T01:58:11.553Z] > command requires scopes: ["email","openid","https://www.googleapis.com/auth/cloudplatformprojects.readonly","https://www.googleapis.com/auth/firebase","https://www.googleapis.com/auth/cloud-platform"]
[debug] [2026-07-19T01:58:11.582Z] [Firebase Plugin] VSCode notification server listening on port 40001
[error] [Firebase Plugin] requireAuth error: Could not load the default credentials. Browse to https://cloud.google.com/docs/authentication/getting-started for more information.
[info] [Firebase Plugin] Starting SQL Connect toolkit (version 3.4.16) on port 50001
[debug] [2026-07-19T01:58:11.867Z] 'fdc build' failed with error: Unable to build your SQL Connect schema and connectors (exit code 1): E0719 03:58:11.835591    9692 cmd.go:43] Error loading data connect config: could not find dataconnect.yaml in `c:\Users\xbfmp\OneDrive\Apps\HDR_Gallery\dataconnect`
 {"metadata":{"emulator":{"name":"dataconnect"},"message":"'fdc build' failed with error: Unable to build your SQL Connect schema and connectors (exit code 1): E0719 03:58:11.835591    9692 cmd.go:43] Error loading data connect config: could not find dataconnect.yaml in `c:\\Users\\xbfmp\\OneDrive\\Apps\\HDR_Gallery\\dataconnect`\n"}}
[debug] [2026-07-19T01:58:11.867Z] Ignoring unsupported arg: auto_download {"metadata":{"emulator":{"name":"dataconnect"},"message":"Ignoring unsupported arg: auto_download"}}
[debug] [2026-07-19T01:58:11.867Z] Ignoring unsupported arg: port {"metadata":{"emulator":{"name":"dataconnect"},"message":"Ignoring unsupported arg: port"}}
[debug] [2026-07-19T01:58:11.868Z] Starting SQL Connect Emulator with command {"binary":"C:\\Users\\xbfmp\\.cache\\firebase\\emulators\\dataconnect-emulator-3.4.16.exe","args":["--logtostderr","-v=2","dev","--listen=localhost:50001","--config_dir=c:\\Users\\xbfmp\\OneDrive\\Apps\\HDR_Gallery\\dataconnect","--enable_output_schema_extensions=true","--enable_output_generated_sdk=true"],"optionalArgs":["listen","config_dir","enable_output_schema_extensions","enable_output_generated_sdk"],"joinArgs":true,"shell":false,"port":9399} {"metadata":{"emulator":{"name":"dataconnect"},"message":"Starting SQL Connect Emulator with command {\"binary\":\"C:\\\\Users\\\\xbfmp\\\\.cache\\\\firebase\\\\emulators\\\\dataconnect-emulator-3.4.16.exe\",\"args\":[\"--logtostderr\",\"-v=2\",\"dev\",\"--listen=localhost:50001\",\"--config_dir=c:\\\\Users\\\\xbfmp\\\\OneDrive\\\\Apps\\\\HDR_Gallery\\\\dataconnect\",\"--enable_output_schema_extensions=true\",\"--enable_output_generated_sdk=true\"],\"optionalArgs\":[\"listen\",\"config_dir\",\"enable_output_schema_extensions\",\"enable_output_generated_sdk\"],\"joinArgs\":true,\"shell\":false,\"port\":9399}"}}
[info] i  dataconnect: SQL Connect Emulator logging to dataconnect-debug.log {"metadata":{"emulator":{"name":"dataconnect"},"message":"SQL Connect Emulator logging to \u001b[1mdataconnect-debug.log\u001b[22m"}}
[debug] [2026-07-19T01:58:12.197Z] E0719 03:58:11.897249   13844 dev.go:80] Failed to load initial config from "c:\\Users\\xbfmp\\OneDrive\\Apps\\HDR_Gallery\\dataconnect": could not find dataconnect.yaml in `c:\Users\xbfmp\OneDrive\Apps\HDR_Gallery\dataconnect`
E0719 03:58:11.936856   13844 watch.go:116] watchAllDir unable to walk dir `c:\Users\xbfmp\OneDrive\Apps\HDR_Gallery\dataconnect`: GetFileAttributesEx c:\Users\xbfmp\OneDrive\Apps\HDR_Gallery\dataconnect: El sistema no puede encontrar el archivo especificado.
I0719 03:58:11.946207   13844 dev.go:101] Listening on address (HTTP + gRPC): 127.0.0.1:50001
 {"metadata":{"emulator":{"name":"dataconnect"},"message":"E0719 03:58:11.897249   13844 dev.go:80] Failed to load initial config from \"c:\\\\Users\\\\xbfmp\\\\OneDrive\\\\Apps\\\\HDR_Gallery\\\\dataconnect\": could not find dataconnect.yaml in `c:\\Users\\xbfmp\\OneDrive\\Apps\\HDR_Gallery\\dataconnect`\nE0719 03:58:11.936856   13844 watch.go:116] watchAllDir unable to walk dir `c:\\Users\\xbfmp\\OneDrive\\Apps\\HDR_Gallery\\dataconnect`: GetFileAttributesEx c:\\Users\\xbfmp\\OneDrive\\Apps\\HDR_Gallery\\dataconnect: El sistema no puede encontrar el archivo especificado.\nI0719 03:58:11.946207   13844 dev.go:101] Listening on address (HTTP + gRPC): 127.0.0.1:50001\n"}}
[error] [Firebase Plugin] error:  {}
[debug] [2026-07-19T01:58:21.937Z] E0719 03:58:21.938315   13844 watch.go:40] Failed to load config from "c:\\Users\\xbfmp\\OneDrive\\Apps\\HDR_Gallery\\dataconnect": could not find dataconnect.yaml in `c:\Users\xbfmp\OneDrive\Apps\HDR_Gallery\dataconnect`
 {"metadata":{"emulator":{"name":"dataconnect"},"message":"E0719 03:58:21.938315   13844 watch.go:40] Failed to load config from \"c:\\\\Users\\\\xbfmp\\\\OneDrive\\\\Apps\\\\HDR_Gallery\\\\dataconnect\": could not find dataconnect.yaml in `c:\\Users\\xbfmp\\OneDrive\\Apps\\HDR_Gallery\\dataconnect`\n"}}
[debug] [2026-07-19T01:58:31.937Z] E0719 03:58:31.938326   13844 watch.go:40] Failed to load config from "c:\\Users\\xbfmp\\OneDrive\\Apps\\HDR_Gallery\\dataconnect": could not find dataconnect.yaml in `c:\Users\xbfmp\OneDrive\Apps\HDR_Gallery\dataconnect`
 {"metadata":{"emulator":{"name":"dataconnect"},"message":"E0719 03:58:31.938326   13844 watch.go:40] Failed to load config from \"c:\\\\Users\\\\xbfmp\\\\OneDrive\\\\Apps\\\\HDR_Gallery\\\\dataconnect\": could not find dataconnect.yaml in `c:\\Users\\xbfmp\\OneDrive\\Apps\\HDR_Gallery\\dataconnect`\n"}}
[debug] [2026-07-19T01:58:41.937Z] E0719 03:58:41.938155   13844 watch.go:40] Failed to load config from "c:\\Users\\xbfmp\\OneDrive\\Apps\\HDR_Gallery\\dataconnect": could not find dataconnect.yaml in `c:\Users\xbfmp\OneDrive\Apps\HDR_Gallery\dataconnect`
 {"metadata":{"emulator":{"name":"dataconnect"},"message":"E0719 03:58:41.938155   13844 watch.go:40] Failed to load config from \"c:\\\\Users\\\\xbfmp\\\\OneDrive\\\\Apps\\\\HDR_Gallery\\\\dataconnect\": could not find dataconnect.yaml in `c:\\Users\\xbfmp\\OneDrive\\Apps\\HDR_Gallery\\dataconnect`\n"}}
[debug] [2026-07-19T01:58:51.937Z] E0719 03:58:51.937996   13844 watch.go:40] Failed to load config from "c:\\Users\\xbfmp\\OneDrive\\Apps\\HDR_Gallery\\dataconnect": could not find dataconnect.yaml in `c:\Users\xbfmp\OneDrive\Apps\HDR_Gallery\dataconnect`
 {"metadata":{"emulator":{"name":"dataconnect"},"message":"E0719 03:58:51.937996   13844 watch.go:40] Failed to load config from \"c:\\\\Users\\\\xbfmp\\\\OneDrive\\\\Apps\\\\HDR_Gallery\\\\dataconnect\": could not find dataconnect.yaml in `c:\\Users\\xbfmp\\OneDrive\\Apps\\HDR_Gallery\\dataconnect`\n"}}
[debug] [2026-07-19T01:59:01.937Z] E0719 03:59:01.938261   13844 watch.go:40] Failed to load config from "c:\\Users\\xbfmp\\OneDrive\\Apps\\HDR_Gallery\\dataconnect": could not find dataconnect.yaml in `c:\Users\xbfmp\OneDrive\Apps\HDR_Gallery\dataconnect`
 {"metadata":{"emulator":{"name":"dataconnect"},"message":"E0719 03:59:01.938261   13844 watch.go:40] Failed to load config from \"c:\\\\Users\\\\xbfmp\\\\OneDrive\\\\Apps\\\\HDR_Gallery\\\\dataconnect\": could not find dataconnect.yaml in `c:\\Users\\xbfmp\\OneDrive\\Apps\\HDR_Gallery\\dataconnect`\n"}}
[debug] [2026-07-19T01:59:11.938Z] E0719 03:59:11.938149   13844 watch.go:116] watchAllDir unable to walk dir `c:\Users\xbfmp\OneDrive\Apps\HDR_Gallery\dataconnect`: GetFileAttributesEx c:\Users\xbfmp\OneDrive\Apps\HDR_Gallery\dataconnect: El sistema no puede encontrar el archivo especificado.
 {"metadata":{"emulator":{"name":"dataconnect"},"message":"E0719 03:59:11.938149   13844 watch.go:116] watchAllDir unable to walk dir `c:\\Users\\xbfmp\\OneDrive\\Apps\\HDR_Gallery\\dataconnect`: GetFileAttributesEx c:\\Users\\xbfmp\\OneDrive\\Apps\\HDR_Gallery\\dataconnect: El sistema no puede encontrar el archivo especificado.\n"}}
[debug] [2026-07-19T01:59:11.938Z] E0719 03:59:11.938149   13844 watch.go:40] Failed to load config from "c:\\Users\\xbfmp\\OneDrive\\Apps\\HDR_Gallery\\dataconnect": could not find dataconnect.yaml in `c:\Users\xbfmp\OneDrive\Apps\HDR_Gallery\dataconnect`
 {"metadata":{"emulator":{"name":"dataconnect"},"message":"E0719 03:59:11.938149   13844 watch.go:40] Failed to load config from \"c:\\\\Users\\\\xbfmp\\\\OneDrive\\\\Apps\\\\HDR_Gallery\\\\dataconnect\": could not find dataconnect.yaml in `c:\\Users\\xbfmp\\OneDrive\\Apps\\HDR_Gallery\\dataconnect`\n"}}
[debug] [2026-07-19T01:59:21.938Z] E0719 03:59:21.938158   13844 watch.go:40] Failed to load config from "c:\\Users\\xbfmp\\OneDrive\\Apps\\HDR_Gallery\\dataconnect": could not find dataconnect.yaml in `c:\Users\xbfmp\OneDrive\Apps\HDR_Gallery\dataconnect`
 {"metadata":{"emulator":{"name":"dataconnect"},"message":"E0719 03:59:21.938158   13844 watch.go:40] Failed to load config from \"c:\\\\Users\\\\xbfmp\\\\OneDrive\\\\Apps\\\\HDR_Gallery\\\\dataconnect\": could not find dataconnect.yaml in `c:\\Users\\xbfmp\\OneDrive\\Apps\\HDR_Gallery\\dataconnect`\n"}}
[debug] [2026-07-19T01:59:31.938Z] E0719 03:59:31.938109   13844 watch.go:40] Failed to load config from "c:\\Users\\xbfmp\\OneDrive\\Apps\\HDR_Gallery\\dataconnect": could not find dataconnect.yaml in `c:\Users\xbfmp\OneDrive\Apps\HDR_Gallery\dataconnect`
 {"metadata":{"emulator":{"name":"dataconnect"},"message":"E0719 03:59:31.938109   13844 watch.go:40] Failed to load config from \"c:\\\\Users\\\\xbfmp\\\\OneDrive\\\\Apps\\\\HDR_Gallery\\\\dataconnect\": could not find dataconnect.yaml in `c:\\Users\\xbfmp\\OneDrive\\Apps\\HDR_Gallery\\dataconnect`\n"}}
[debug] [2026-07-19T01:59:41.938Z] E0719 03:59:41.938180   13844 watch.go:40] Failed to load config from "c:\\Users\\xbfmp\\OneDrive\\Apps\\HDR_Gallery\\dataconnect": could not find dataconnect.yaml in `c:\Users\xbfmp\OneDrive\Apps\HDR_Gallery\dataconnect`
 {"metadata":{"emulator":{"name":"dataconnect"},"message":"E0719 03:59:41.938180   13844 watch.go:40] Failed to load config from \"c:\\\\Users\\\\xbfmp\\\\OneDrive\\\\Apps\\\\HDR_Gallery\\\\dataconnect\": could not find dataconnect.yaml in `c:\\Users\\xbfmp\\OneDrive\\Apps\\HDR_Gallery\\dataconnect`\n"}}
[debug] [2026-07-19T01:59:51.938Z] E0719 03:59:51.938240   13844 watch.go:40] Failed to load config from "c:\\Users\\xbfmp\\OneDrive\\Apps\\HDR_Gallery\\dataconnect": could not find dataconnect.yaml in `c:\Users\xbfmp\OneDrive\Apps\HDR_Gallery\dataconnect`
 {"metadata":{"emulator":{"name":"dataconnect"},"message":"E0719 03:59:51.938240   13844 watch.go:40] Failed to load config from \"c:\\\\Users\\\\xbfmp\\\\OneDrive\\\\Apps\\\\HDR_Gallery\\\\dataconnect\": could not find dataconnect.yaml in `c:\\Users\\xbfmp\\OneDrive\\Apps\\HDR_Gallery\\dataconnect`\n"}}
[debug] [2026-07-19T02:00:01.938Z] E0719 04:00:01.938056   13844 watch.go:40] Failed to load config from "c:\\Users\\xbfmp\\OneDrive\\Apps\\HDR_Gallery\\dataconnect": could not find dataconnect.yaml in `c:\Users\xbfmp\OneDrive\Apps\HDR_Gallery\dataconnect`
 {"metadata":{"emulator":{"name":"dataconnect"},"message":"E0719 04:00:01.938056   13844 watch.go:40] Failed to load config from \"c:\\\\Users\\\\xbfmp\\\\OneDrive\\\\Apps\\\\HDR_Gallery\\\\dataconnect\": could not find dataconnect.yaml in `c:\\Users\\xbfmp\\OneDrive\\Apps\\HDR_Gallery\\dataconnect`\n"}}
[debug] [2026-07-19T02:00:11.938Z] E0719 04:00:11.938061   13844 watch.go:116] watchAllDir unable to walk dir `c:\Users\xbfmp\OneDrive\Apps\HDR_Gallery\dataconnect`: GetFileAttributesEx c:\Users\xbfmp\OneDrive\Apps\HDR_Gallery\dataconnect: El sistema no puede encontrar el archivo especificado.
 {"metadata":{"emulator":{"name":"dataconnect"},"message":"E0719 04:00:11.938061   13844 watch.go:116] watchAllDir unable to walk dir `c:\\Users\\xbfmp\\OneDrive\\Apps\\HDR_Gallery\\dataconnect`: GetFileAttributesEx c:\\Users\\xbfmp\\OneDrive\\Apps\\HDR_Gallery\\dataconnect: El sistema no puede encontrar el archivo especificado.\n"}}
[debug] [2026-07-19T02:00:11.938Z] E0719 04:00:11.938061   13844 watch.go:40] Failed to load config from "c:\\Users\\xbfmp\\OneDrive\\Apps\\HDR_Gallery\\dataconnect": could not find dataconnect.yaml in `c:\Users\xbfmp\OneDrive\Apps\HDR_Gallery\dataconnect`
 {"metadata":{"emulator":{"name":"dataconnect"},"message":"E0719 04:00:11.938061   13844 watch.go:40] Failed to load config from \"c:\\\\Users\\\\xbfmp\\\\OneDrive\\\\Apps\\\\HDR_Gallery\\\\dataconnect\": could not find dataconnect.yaml in `c:\\Users\\xbfmp\\OneDrive\\Apps\\HDR_Gallery\\dataconnect`\n"}}
[debug] [2026-07-19T02:00:21.938Z] E0719 04:00:21.937992   13844 watch.go:40] Failed to load config from "c:\\Users\\xbfmp\\OneDrive\\Apps\\HDR_Gallery\\dataconnect": could not find dataconnect.yaml in `c:\Users\xbfmp\OneDrive\Apps\HDR_Gallery\dataconnect`
 {"metadata":{"emulator":{"name":"dataconnect"},"message":"E0719 04:00:21.937992   13844 watch.go:40] Failed to load config from \"c:\\\\Users\\\\xbfmp\\\\OneDrive\\\\Apps\\\\HDR_Gallery\\\\dataconnect\": could not find dataconnect.yaml in `c:\\Users\\xbfmp\\OneDrive\\Apps\\HDR_Gallery\\dataconnect`\n"}}
[debug] [2026-07-19T02:00:31.938Z] E0719 04:00:31.938361   13844 watch.go:40] Failed to load config from "c:\\Users\\xbfmp\\OneDrive\\Apps\\HDR_Gallery\\dataconnect": could not find dataconnect.yaml in `c:\Users\xbfmp\OneDrive\Apps\HDR_Gallery\dataconnect`
 {"metadata":{"emulator":{"name":"dataconnect"},"message":"E0719 04:00:31.938361   13844 watch.go:40] Failed to load config from \"c:\\\\Users\\\\xbfmp\\\\OneDrive\\\\Apps\\\\HDR_Gallery\\\\dataconnect\": could not find dataconnect.yaml in `c:\\Users\\xbfmp\\OneDrive\\Apps\\HDR_Gallery\\dataconnect`\n"}}
[debug] [2026-07-19T02:00:41.938Z] E0719 04:00:41.937959   13844 watch.go:40] Failed to load config from "c:\\Users\\xbfmp\\OneDrive\\Apps\\HDR_Gallery\\dataconnect": could not find dataconnect.yaml in `c:\Users\xbfmp\OneDrive\Apps\HDR_Gallery\dataconnect`
 {"metadata":{"emulator":{"name":"dataconnect"},"message":"E0719 04:00:41.937959   13844 watch.go:40] Failed to load config from \"c:\\\\Users\\\\xbfmp\\\\OneDrive\\\\Apps\\\\HDR_Gallery\\\\dataconnect\": could not find dataconnect.yaml in `c:\\Users\\xbfmp\\OneDrive\\Apps\\HDR_Gallery\\dataconnect`\n"}}
[debug] [2026-07-19T02:00:51.938Z] E0719 04:00:51.938306   13844 watch.go:40] Failed to load config from "c:\\Users\\xbfmp\\OneDrive\\Apps\\HDR_Gallery\\dataconnect": could not find dataconnect.yaml in `c:\Users\xbfmp\OneDrive\Apps\HDR_Gallery\dataconnect`
 {"metadata":{"emulator":{"name":"dataconnect"},"message":"E0719 04:00:51.938306   13844 watch.go:40] Failed to load config from \"c:\\\\Users\\\\xbfmp\\\\OneDrive\\\\Apps\\\\HDR_Gallery\\\\dataconnect\": could not find dataconnect.yaml in `c:\\Users\\xbfmp\\OneDrive\\Apps\\HDR_Gallery\\dataconnect`\n"}}
[debug] [2026-07-19T02:01:01.938Z] E0719 04:01:01.937950   13844 watch.go:40] Failed to load config from "c:\\Users\\xbfmp\\OneDrive\\Apps\\HDR_Gallery\\dataconnect": could not find dataconnect.yaml in `c:\Users\xbfmp\OneDrive\Apps\HDR_Gallery\dataconnect`
 {"metadata":{"emulator":{"name":"dataconnect"},"message":"E0719 04:01:01.937950   13844 watch.go:40] Failed to load config from \"c:\\\\Users\\\\xbfmp\\\\OneDrive\\\\Apps\\\\HDR_Gallery\\\\dataconnect\": could not find dataconnect.yaml in `c:\\Users\\xbfmp\\OneDrive\\Apps\\HDR_Gallery\\dataconnect`\n"}}
[debug] [2026-07-19T02:01:11.938Z] E0719 04:01:11.938172   13844 watch.go:116] watchAllDir unable to walk dir `c:\Users\xbfmp\OneDrive\Apps\HDR_Gallery\dataconnect`: GetFileAttributesEx c:\Users\xbfmp\OneDrive\Apps\HDR_Gallery\dataconnect: El sistema no puede encontrar el archivo especificado.
 {"metadata":{"emulator":{"name":"dataconnect"},"message":"E0719 04:01:11.938172   13844 watch.go:116] watchAllDir unable to walk dir `c:\\Users\\xbfmp\\OneDrive\\Apps\\HDR_Gallery\\dataconnect`: GetFileAttributesEx c:\\Users\\xbfmp\\OneDrive\\Apps\\HDR_Gallery\\dataconnect: El sistema no puede encontrar el archivo especificado.\n"}}
[debug] [2026-07-19T02:01:11.938Z] E0719 04:01:11.938172   13844 watch.go:40] Failed to load config from "c:\\Users\\xbfmp\\OneDrive\\Apps\\HDR_Gallery\\dataconnect": could not find dataconnect.yaml in `c:\Users\xbfmp\OneDrive\Apps\HDR_Gallery\dataconnect`
 {"metadata":{"emulator":{"name":"dataconnect"},"message":"E0719 04:01:11.938172   13844 watch.go:40] Failed to load config from \"c:\\\\Users\\\\xbfmp\\\\OneDrive\\\\Apps\\\\HDR_Gallery\\\\dataconnect\": could not find dataconnect.yaml in `c:\\Users\\xbfmp\\OneDrive\\Apps\\HDR_Gallery\\dataconnect`\n"}}
[debug] [2026-07-19T02:01:21.938Z] E0719 04:01:21.938528   13844 watch.go:40] Failed to load config from "c:\\Users\\xbfmp\\OneDrive\\Apps\\HDR_Gallery\\dataconnect": could not find dataconnect.yaml in `c:\Users\xbfmp\OneDrive\Apps\HDR_Gallery\dataconnect`
 {"metadata":{"emulator":{"name":"dataconnect"},"message":"E0719 04:01:21.938528   13844 watch.go:40] Failed to load config from \"c:\\\\Users\\\\xbfmp\\\\OneDrive\\\\Apps\\\\HDR_Gallery\\\\dataconnect\": could not find dataconnect.yaml in `c:\\Users\\xbfmp\\OneDrive\\Apps\\HDR_Gallery\\dataconnect`\n"}}
[debug] [2026-07-19T02:01:31.938Z] E0719 04:01:31.938327   13844 watch.go:40] Failed to load config from "c:\\Users\\xbfmp\\OneDrive\\Apps\\HDR_Gallery\\dataconnect": could not find dataconnect.yaml in `c:\Users\xbfmp\OneDrive\Apps\HDR_Gallery\dataconnect`
 {"metadata":{"emulator":{"name":"dataconnect"},"message":"E0719 04:01:31.938327   13844 watch.go:40] Failed to load config from \"c:\\\\Users\\\\xbfmp\\\\OneDrive\\\\Apps\\\\HDR_Gallery\\\\dataconnect\": could not find dataconnect.yaml in `c:\\Users\\xbfmp\\OneDrive\\Apps\\HDR_Gallery\\dataconnect`\n"}}
[debug] [2026-07-19T02:01:41.938Z] E0719 04:01:41.938842   13844 watch.go:40] Failed to load config from "c:\\Users\\xbfmp\\OneDrive\\Apps\\HDR_Gallery\\dataconnect": could not find dataconnect.yaml in `c:\Users\xbfmp\OneDrive\Apps\HDR_Gallery\dataconnect`
 {"metadata":{"emulator":{"name":"dataconnect"},"message":"E0719 04:01:41.938842   13844 watch.go:40] Failed to load config from \"c:\\\\Users\\\\xbfmp\\\\OneDrive\\\\Apps\\\\HDR_Gallery\\\\dataconnect\": could not find dataconnect.yaml in `c:\\Users\\xbfmp\\OneDrive\\Apps\\HDR_Gallery\\dataconnect`\n"}}
[debug] [2026-07-19T02:01:51.938Z] E0719 04:01:51.938271   13844 watch.go:40] Failed to load config from "c:\\Users\\xbfmp\\OneDrive\\Apps\\HDR_Gallery\\dataconnect": could not find dataconnect.yaml in `c:\Users\xbfmp\OneDrive\Apps\HDR_Gallery\dataconnect`
 {"metadata":{"emulator":{"name":"dataconnect"},"message":"E0719 04:01:51.938271   13844 watch.go:40] Failed to load config from \"c:\\\\Users\\\\xbfmp\\\\OneDrive\\\\Apps\\\\HDR_Gallery\\\\dataconnect\": could not find dataconnect.yaml in `c:\\Users\\xbfmp\\OneDrive\\Apps\\HDR_Gallery\\dataconnect`\n"}}
[debug] [2026-07-19T02:02:01.938Z] E0719 04:02:01.938327   13844 watch.go:40] Failed to load config from "c:\\Users\\xbfmp\\OneDrive\\Apps\\HDR_Gallery\\dataconnect": could not find dataconnect.yaml in `c:\Users\xbfmp\OneDrive\Apps\HDR_Gallery\dataconnect`
 {"metadata":{"emulator":{"name":"dataconnect"},"message":"E0719 04:02:01.938327   13844 watch.go:40] Failed to load config from \"c:\\\\Users\\\\xbfmp\\\\OneDrive\\\\Apps\\\\HDR_Gallery\\\\dataconnect\": could not find dataconnect.yaml in `c:\\Users\\xbfmp\\OneDrive\\Apps\\HDR_Gallery\\dataconnect`\n"}}
[debug] [2026-07-19T02:02:11.938Z] E0719 04:02:11.938280   13844 watch.go:116] watchAllDir unable to walk dir `c:\Users\xbfmp\OneDrive\Apps\HDR_Gallery\dataconnect`: GetFileAttributesEx c:\Users\xbfmp\OneDrive\Apps\HDR_Gallery\dataconnect: El sistema no puede encontrar el archivo especificado.
 {"metadata":{"emulator":{"name":"dataconnect"},"message":"E0719 04:02:11.938280   13844 watch.go:116] watchAllDir unable to walk dir `c:\\Users\\xbfmp\\OneDrive\\Apps\\HDR_Gallery\\dataconnect`: GetFileAttributesEx c:\\Users\\xbfmp\\OneDrive\\Apps\\HDR_Gallery\\dataconnect: El sistema no puede encontrar el archivo especificado.\n"}}
[debug] [2026-07-19T02:02:11.938Z] E0719 04:02:11.938280   13844 watch.go:40] Failed to load config from "c:\\Users\\xbfmp\\OneDrive\\Apps\\HDR_Gallery\\dataconnect": could not find dataconnect.yaml in `c:\Users\xbfmp\OneDrive\Apps\HDR_Gallery\dataconnect`
 {"metadata":{"emulator":{"name":"dataconnect"},"message":"E0719 04:02:11.938280   13844 watch.go:40] Failed to load config from \"c:\\\\Users\\\\xbfmp\\\\OneDrive\\\\Apps\\\\HDR_Gallery\\\\dataconnect\": could not find dataconnect.yaml in `c:\\Users\\xbfmp\\OneDrive\\Apps\\HDR_Gallery\\dataconnect`\n"}}
[debug] [2026-07-19T02:02:21.938Z] E0719 04:02:21.938435   13844 watch.go:40] Failed to load config from "c:\\Users\\xbfmp\\OneDrive\\Apps\\HDR_Gallery\\dataconnect": could not find dataconnect.yaml in `c:\Users\xbfmp\OneDrive\Apps\HDR_Gallery\dataconnect`
 {"metadata":{"emulator":{"name":"dataconnect"},"message":"E0719 04:02:21.938435   13844 watch.go:40] Failed to load config from \"c:\\\\Users\\\\xbfmp\\\\OneDrive\\\\Apps\\\\HDR_Gallery\\\\dataconnect\": could not find dataconnect.yaml in `c:\\Users\\xbfmp\\OneDrive\\Apps\\HDR_Gallery\\dataconnect`\n"}}
[debug] [2026-07-19T02:02:31.938Z] E0719 04:02:31.937944   13844 watch.go:40] Failed to load config from "c:\\Users\\xbfmp\\OneDrive\\Apps\\HDR_Gallery\\dataconnect": could not find dataconnect.yaml in `c:\Users\xbfmp\OneDrive\Apps\HDR_Gallery\dataconnect`
 {"metadata":{"emulator":{"name":"dataconnect"},"message":"E0719 04:02:31.937944   13844 watch.go:40] Failed to load config from \"c:\\\\Users\\\\xbfmp\\\\OneDrive\\\\Apps\\\\HDR_Gallery\\\\dataconnect\": could not find dataconnect.yaml in `c:\\Users\\xbfmp\\OneDrive\\Apps\\HDR_Gallery\\dataconnect`\n"}}
[debug] [2026-07-19T02:02:41.938Z] E0719 04:02:41.938171   13844 watch.go:40] Failed to load config from "c:\\Users\\xbfmp\\OneDrive\\Apps\\HDR_Gallery\\dataconnect": could not find dataconnect.yaml in `c:\Users\xbfmp\OneDrive\Apps\HDR_Gallery\dataconnect`
 {"metadata":{"emulator":{"name":"dataconnect"},"message":"E0719 04:02:41.938171   13844 watch.go:40] Failed to load config from \"c:\\\\Users\\\\xbfmp\\\\OneDrive\\\\Apps\\\\HDR_Gallery\\\\dataconnect\": could not find dataconnect.yaml in `c:\\Users\\xbfmp\\OneDrive\\Apps\\HDR_Gallery\\dataconnect`\n"}}
[debug] [2026-07-19T02:02:51.938Z] E0719 04:02:51.938146   13844 watch.go:40] Failed to load config from "c:\\Users\\xbfmp\\OneDrive\\Apps\\HDR_Gallery\\dataconnect": could not find dataconnect.yaml in `c:\Users\xbfmp\OneDrive\Apps\HDR_Gallery\dataconnect`
 {"metadata":{"emulator":{"name":"dataconnect"},"message":"E0719 04:02:51.938146   13844 watch.go:40] Failed to load config from \"c:\\\\Users\\\\xbfmp\\\\OneDrive\\\\Apps\\\\HDR_Gallery\\\\dataconnect\": could not find dataconnect.yaml in `c:\\Users\\xbfmp\\OneDrive\\Apps\\HDR_Gallery\\dataconnect`\n"}}
[debug] [2026-07-19T02:03:01.938Z] E0719 04:03:01.938314   13844 watch.go:40] Failed to load config from "c:\\Users\\xbfmp\\OneDrive\\Apps\\HDR_Gallery\\dataconnect": could not find dataconnect.yaml in `c:\Users\xbfmp\OneDrive\Apps\HDR_Gallery\dataconnect`
 {"metadata":{"emulator":{"name":"dataconnect"},"message":"E0719 04:03:01.938314   13844 watch.go:40] Failed to load config from \"c:\\\\Users\\\\xbfmp\\\\OneDrive\\\\Apps\\\\HDR_Gallery\\\\dataconnect\": could not find dataconnect.yaml in `c:\\Users\\xbfmp\\OneDrive\\Apps\\HDR_Gallery\\dataconnect`\n"}}
[debug] [2026-07-19T02:03:11.938Z] E0719 04:03:11.937988   13844 watch.go:116] watchAllDir unable to walk dir `c:\Users\xbfmp\OneDrive\Apps\HDR_Gallery\dataconnect`: GetFileAttributesEx c:\Users\xbfmp\OneDrive\Apps\HDR_Gallery\dataconnect: El sistema no puede encontrar el archivo especificado.
 {"metadata":{"emulator":{"name":"dataconnect"},"message":"E0719 04:03:11.937988   13844 watch.go:116] watchAllDir unable to walk dir `c:\\Users\\xbfmp\\OneDrive\\Apps\\HDR_Gallery\\dataconnect`: GetFileAttributesEx c:\\Users\\xbfmp\\OneDrive\\Apps\\HDR_Gallery\\dataconnect: El sistema no puede encontrar el archivo especificado.\n"}}
[debug] [2026-07-19T02:03:11.938Z] E0719 04:03:11.937988   13844 watch.go:40] Failed to load config from "c:\\Users\\xbfmp\\OneDrive\\Apps\\HDR_Gallery\\dataconnect": could not find dataconnect.yaml in `c:\Users\xbfmp\OneDrive\Apps\HDR_Gallery\dataconnect`
 {"metadata":{"emulator":{"name":"dataconnect"},"message":"E0719 04:03:11.937988   13844 watch.go:40] Failed to load config from \"c:\\\\Users\\\\xbfmp\\\\OneDrive\\\\Apps\\\\HDR_Gallery\\\\dataconnect\": could not find dataconnect.yaml in `c:\\Users\\xbfmp\\OneDrive\\Apps\\HDR_Gallery\\dataconnect`\n"}}
[debug] [2026-07-19T02:03:21.938Z] E0719 04:03:21.938136   13844 watch.go:40] Failed to load config from "c:\\Users\\xbfmp\\OneDrive\\Apps\\HDR_Gallery\\dataconnect": could not find dataconnect.yaml in `c:\Users\xbfmp\OneDrive\Apps\HDR_Gallery\dataconnect`
 {"metadata":{"emulator":{"name":"dataconnect"},"message":"E0719 04:03:21.938136   13844 watch.go:40] Failed to load config from \"c:\\\\Users\\\\xbfmp\\\\OneDrive\\\\Apps\\\\HDR_Gallery\\\\dataconnect\": could not find dataconnect.yaml in `c:\\Users\\xbfmp\\OneDrive\\Apps\\HDR_Gallery\\dataconnect`\n"}}
[debug] [2026-07-19T02:03:31.938Z] E0719 04:03:31.938339   13844 watch.go:40] Failed to load config from "c:\\Users\\xbfmp\\OneDrive\\Apps\\HDR_Gallery\\dataconnect": could not find dataconnect.yaml in `c:\Users\xbfmp\OneDrive\Apps\HDR_Gallery\dataconnect`
 {"metadata":{"emulator":{"name":"dataconnect"},"message":"E0719 04:03:31.938339   13844 watch.go:40] Failed to load config from \"c:\\\\Users\\\\xbfmp\\\\OneDrive\\\\Apps\\\\HDR_Gallery\\\\dataconnect\": could not find dataconnect.yaml in `c:\\Users\\xbfmp\\OneDrive\\Apps\\HDR_Gallery\\dataconnect`\n"}}
[debug] [2026-07-19T02:03:41.938Z] E0719 04:03:41.937988   13844 watch.go:40] Failed to load config from "c:\\Users\\xbfmp\\OneDrive\\Apps\\HDR_Gallery\\dataconnect": could not find dataconnect.yaml in `c:\Users\xbfmp\OneDrive\Apps\HDR_Gallery\dataconnect`
 {"metadata":{"emulator":{"name":"dataconnect"},"message":"E0719 04:03:41.937988   13844 watch.go:40] Failed to load config from \"c:\\\\Users\\\\xbfmp\\\\OneDrive\\\\Apps\\\\HDR_Gallery\\\\dataconnect\": could not find dataconnect.yaml in `c:\\Users\\xbfmp\\OneDrive\\Apps\\HDR_Gallery\\dataconnect`\n"}}
[debug] [2026-07-19T02:03:51.938Z] E0719 04:03:51.937975   13844 watch.go:40] Failed to load config from "c:\\Users\\xbfmp\\OneDrive\\Apps\\HDR_Gallery\\dataconnect": could not find dataconnect.yaml in `c:\Users\xbfmp\OneDrive\Apps\HDR_Gallery\dataconnect`
 {"metadata":{"emulator":{"name":"dataconnect"},"message":"E0719 04:03:51.937975   13844 watch.go:40] Failed to load config from \"c:\\\\Users\\\\xbfmp\\\\OneDrive\\\\Apps\\\\HDR_Gallery\\\\dataconnect\": could not find dataconnect.yaml in `c:\\Users\\xbfmp\\OneDrive\\Apps\\HDR_Gallery\\dataconnect`\n"}}
[debug] [2026-07-19T02:04:01.938Z] E0719 04:04:01.937937   13844 watch.go:40] Failed to load config from "c:\\Users\\xbfmp\\OneDrive\\Apps\\HDR_Gallery\\dataconnect": could not find dataconnect.yaml in `c:\Users\xbfmp\OneDrive\Apps\HDR_Gallery\dataconnect`
 {"metadata":{"emulator":{"name":"dataconnect"},"message":"E0719 04:04:01.937937   13844 watch.go:40] Failed to load config from \"c:\\\\Users\\\\xbfmp\\\\OneDrive\\\\Apps\\\\HDR_Gallery\\\\dataconnect\": could not find dataconnect.yaml in `c:\\Users\\xbfmp\\OneDrive\\Apps\\HDR_Gallery\\dataconnect`\n"}}
[debug] [2026-07-19T02:04:11.938Z] E0719 04:04:11.938294   13844 watch.go:116] watchAllDir unable to walk dir `c:\Users\xbfmp\OneDrive\Apps\HDR_Gallery\dataconnect`: GetFileAttributesEx c:\Users\xbfmp\OneDrive\Apps\HDR_Gallery\dataconnect: El sistema no puede encontrar el archivo especificado.
 {"metadata":{"emulator":{"name":"dataconnect"},"message":"E0719 04:04:11.938294   13844 watch.go:116] watchAllDir unable to walk dir `c:\\Users\\xbfmp\\OneDrive\\Apps\\HDR_Gallery\\dataconnect`: GetFileAttributesEx c:\\Users\\xbfmp\\OneDrive\\Apps\\HDR_Gallery\\dataconnect: El sistema no puede encontrar el archivo especificado.\n"}}
[debug] [2026-07-19T02:04:11.938Z] E0719 04:04:11.938294   13844 watch.go:40] Failed to load config from "c:\\Users\\xbfmp\\OneDrive\\Apps\\HDR_Gallery\\dataconnect": could not find dataconnect.yaml in `c:\Users\xbfmp\OneDrive\Apps\HDR_Gallery\dataconnect`
 {"metadata":{"emulator":{"name":"dataconnect"},"message":"E0719 04:04:11.938294   13844 watch.go:40] Failed to load config from \"c:\\\\Users\\\\xbfmp\\\\OneDrive\\\\Apps\\\\HDR_Gallery\\\\dataconnect\": could not find dataconnect.yaml in `c:\\Users\\xbfmp\\OneDrive\\Apps\\HDR_Gallery\\dataconnect`\n"}}
[debug] [2026-07-19T02:04:21.938Z] E0719 04:04:21.938372   13844 watch.go:40] Failed to load config from "c:\\Users\\xbfmp\\OneDrive\\Apps\\HDR_Gallery\\dataconnect": could not find dataconnect.yaml in `c:\Users\xbfmp\OneDrive\Apps\HDR_Gallery\dataconnect`
 {"metadata":{"emulator":{"name":"dataconnect"},"message":"E0719 04:04:21.938372   13844 watch.go:40] Failed to load config from \"c:\\\\Users\\\\xbfmp\\\\OneDrive\\\\Apps\\\\HDR_Gallery\\\\dataconnect\": could not find dataconnect.yaml in `c:\\Users\\xbfmp\\OneDrive\\Apps\\HDR_Gallery\\dataconnect`\n"}}
[debug] [2026-07-19T02:04:31.938Z] E0719 04:04:31.938380   13844 watch.go:40] Failed to load config from "c:\\Users\\xbfmp\\OneDrive\\Apps\\HDR_Gallery\\dataconnect": could not find dataconnect.yaml in `c:\Users\xbfmp\OneDrive\Apps\HDR_Gallery\dataconnect`
 {"metadata":{"emulator":{"name":"dataconnect"},"message":"E0719 04:04:31.938380   13844 watch.go:40] Failed to load config from \"c:\\\\Users\\\\xbfmp\\\\OneDrive\\\\Apps\\\\HDR_Gallery\\\\dataconnect\": could not find dataconnect.yaml in `c:\\Users\\xbfmp\\OneDrive\\Apps\\HDR_Gallery\\dataconnect`\n"}}
[debug] [2026-07-19T02:04:41.938Z] E0719 04:04:41.938363   13844 watch.go:40] Failed to load config from "c:\\Users\\xbfmp\\OneDrive\\Apps\\HDR_Gallery\\dataconnect": could not find dataconnect.yaml in `c:\Users\xbfmp\OneDrive\Apps\HDR_Gallery\dataconnect`
 {"metadata":{"emulator":{"name":"dataconnect"},"message":"E0719 04:04:41.938363   13844 watch.go:40] Failed to load config from \"c:\\\\Users\\\\xbfmp\\\\OneDrive\\\\Apps\\\\HDR_Gallery\\\\dataconnect\": could not find dataconnect.yaml in `c:\\Users\\xbfmp\\OneDrive\\Apps\\HDR_Gallery\\dataconnect`\n"}}
[debug] [2026-07-19T02:04:51.938Z] E0719 04:04:51.938351   13844 watch.go:40] Failed to load config from "c:\\Users\\xbfmp\\OneDrive\\Apps\\HDR_Gallery\\dataconnect": could not find dataconnect.yaml in `c:\Users\xbfmp\OneDrive\Apps\HDR_Gallery\dataconnect`
 {"metadata":{"emulator":{"name":"dataconnect"},"message":"E0719 04:04:51.938351   13844 watch.go:40] Failed to load config from \"c:\\\\Users\\\\xbfmp\\\\OneDrive\\\\Apps\\\\HDR_Gallery\\\\dataconnect\": could not find dataconnect.yaml in `c:\\Users\\xbfmp\\OneDrive\\Apps\\HDR_Gallery\\dataconnect`\n"}}
[debug] [2026-07-19T02:05:01.938Z] E0719 04:05:01.937907   13844 watch.go:40] Failed to load config from "c:\\Users\\xbfmp\\OneDrive\\Apps\\HDR_Gallery\\dataconnect": could not find dataconnect.yaml in `c:\Users\xbfmp\OneDrive\Apps\HDR_Gallery\dataconnect`
 {"metadata":{"emulator":{"name":"dataconnect"},"message":"E0719 04:05:01.937907   13844 watch.go:40] Failed to load config from \"c:\\\\Users\\\\xbfmp\\\\OneDrive\\\\Apps\\\\HDR_Gallery\\\\dataconnect\": could not find dataconnect.yaml in `c:\\Users\\xbfmp\\OneDrive\\Apps\\HDR_Gallery\\dataconnect`\n"}}
[debug] [2026-07-19T02:05:11.938Z] E0719 04:05:11.937994   13844 watch.go:116] watchAllDir unable to walk dir `c:\Users\xbfmp\OneDrive\Apps\HDR_Gallery\dataconnect`: GetFileAttributesEx c:\Users\xbfmp\OneDrive\Apps\HDR_Gallery\dataconnect: El sistema no puede encontrar el archivo especificado.
 {"metadata":{"emulator":{"name":"dataconnect"},"message":"E0719 04:05:11.937994   13844 watch.go:116] watchAllDir unable to walk dir `c:\\Users\\xbfmp\\OneDrive\\Apps\\HDR_Gallery\\dataconnect`: GetFileAttributesEx c:\\Users\\xbfmp\\OneDrive\\Apps\\HDR_Gallery\\dataconnect: El sistema no puede encontrar el archivo especificado.\n"}}
[debug] [2026-07-19T02:05:11.938Z] E0719 04:05:11.937994   13844 watch.go:40] Failed to load config from "c:\\Users\\xbfmp\\OneDrive\\Apps\\HDR_Gallery\\dataconnect": could not find dataconnect.yaml in `c:\Users\xbfmp\OneDrive\Apps\HDR_Gallery\dataconnect`
 {"metadata":{"emulator":{"name":"dataconnect"},"message":"E0719 04:05:11.937994   13844 watch.go:40] Failed to load config from \"c:\\\\Users\\\\xbfmp\\\\OneDrive\\\\Apps\\\\HDR_Gallery\\\\dataconnect\": could not find dataconnect.yaml in `c:\\Users\\xbfmp\\OneDrive\\Apps\\HDR_Gallery\\dataconnect`\n"}}
[debug] [2026-07-19T02:05:21.938Z] E0719 04:05:21.938317   13844 watch.go:40] Failed to load config from "c:\\Users\\xbfmp\\OneDrive\\Apps\\HDR_Gallery\\dataconnect": could not find dataconnect.yaml in `c:\Users\xbfmp\OneDrive\Apps\HDR_Gallery\dataconnect`
 {"metadata":{"emulator":{"name":"dataconnect"},"message":"E0719 04:05:21.938317   13844 watch.go:40] Failed to load config from \"c:\\\\Users\\\\xbfmp\\\\OneDrive\\\\Apps\\\\HDR_Gallery\\\\dataconnect\": could not find dataconnect.yaml in `c:\\Users\\xbfmp\\OneDrive\\Apps\\HDR_Gallery\\dataconnect`\n"}}
[debug] [2026-07-19T02:05:31.938Z] E0719 04:05:31.938336   13844 watch.go:40] Failed to load config from "c:\\Users\\xbfmp\\OneDrive\\Apps\\HDR_Gallery\\dataconnect": could not find dataconnect.yaml in `c:\Users\xbfmp\OneDrive\Apps\HDR_Gallery\dataconnect`
 {"metadata":{"emulator":{"name":"dataconnect"},"message":"E0719 04:05:31.938336   13844 watch.go:40] Failed to load config from \"c:\\\\Users\\\\xbfmp\\\\OneDrive\\\\Apps\\\\HDR_Gallery\\\\dataconnect\": could not find dataconnect.yaml in `c:\\Users\\xbfmp\\OneDrive\\Apps\\HDR_Gallery\\dataconnect`\n"}}
[debug] [2026-07-19T02:05:41.938Z] E0719 04:05:41.938055   13844 watch.go:40] Failed to load config from "c:\\Users\\xbfmp\\OneDrive\\Apps\\HDR_Gallery\\dataconnect": could not find dataconnect.yaml in `c:\Users\xbfmp\OneDrive\Apps\HDR_Gallery\dataconnect`
 {"metadata":{"emulator":{"name":"dataconnect"},"message":"E0719 04:05:41.938055   13844 watch.go:40] Failed to load config from \"c:\\\\Users\\\\xbfmp\\\\OneDrive\\\\Apps\\\\HDR_Gallery\\\\dataconnect\": could not find dataconnect.yaml in `c:\\Users\\xbfmp\\OneDrive\\Apps\\HDR_Gallery\\dataconnect`\n"}}
[debug] [2026-07-19T02:05:51.938Z] E0719 04:05:51.938073   13844 watch.go:40] Failed to load config from "c:\\Users\\xbfmp\\OneDrive\\Apps\\HDR_Gallery\\dataconnect": could not find dataconnect.yaml in `c:\Users\xbfmp\OneDrive\Apps\HDR_Gallery\dataconnect`
 {"metadata":{"emulator":{"name":"dataconnect"},"message":"E0719 04:05:51.938073   13844 watch.go:40] Failed to load config from \"c:\\\\Users\\\\xbfmp\\\\OneDrive\\\\Apps\\\\HDR_Gallery\\\\dataconnect\": could not find dataconnect.yaml in `c:\\Users\\xbfmp\\OneDrive\\Apps\\HDR_Gallery\\dataconnect`\n"}}
[debug] [2026-07-19T02:06:01.938Z] E0719 04:06:01.938118   13844 watch.go:40] Failed to load config from "c:\\Users\\xbfmp\\OneDrive\\Apps\\HDR_Gallery\\dataconnect": could not find dataconnect.yaml in `c:\Users\xbfmp\OneDrive\Apps\HDR_Gallery\dataconnect`
 {"metadata":{"emulator":{"name":"dataconnect"},"message":"E0719 04:06:01.938118   13844 watch.go:40] Failed to load config from \"c:\\\\Users\\\\xbfmp\\\\OneDrive\\\\Apps\\\\HDR_Gallery\\\\dataconnect\": could not find dataconnect.yaml in `c:\\Users\\xbfmp\\OneDrive\\Apps\\HDR_Gallery\\dataconnect`\n"}}
[debug] [2026-07-19T02:06:11.938Z] E0719 04:06:11.938042   13844 watch.go:116] watchAllDir unable to walk dir `c:\Users\xbfmp\OneDrive\Apps\HDR_Gallery\dataconnect`: GetFileAttributesEx c:\Users\xbfmp\OneDrive\Apps\HDR_Gallery\dataconnect: El sistema no puede encontrar el archivo especificado.
 {"metadata":{"emulator":{"name":"dataconnect"},"message":"E0719 04:06:11.938042   13844 watch.go:116] watchAllDir unable to walk dir `c:\\Users\\xbfmp\\OneDrive\\Apps\\HDR_Gallery\\dataconnect`: GetFileAttributesEx c:\\Users\\xbfmp\\OneDrive\\Apps\\HDR_Gallery\\dataconnect: El sistema no puede encontrar el archivo especificado.\n"}}
[debug] [2026-07-19T02:06:11.938Z] E0719 04:06:11.938042   13844 watch.go:40] Failed to load config from "c:\\Users\\xbfmp\\OneDrive\\Apps\\HDR_Gallery\\dataconnect": could not find dataconnect.yaml in `c:\Users\xbfmp\OneDrive\Apps\HDR_Gallery\dataconnect`
 {"metadata":{"emulator":{"name":"dataconnect"},"message":"E0719 04:06:11.938042   13844 watch.go:40] Failed to load config from \"c:\\\\Users\\\\xbfmp\\\\OneDrive\\\\Apps\\\\HDR_Gallery\\\\dataconnect\": could not find dataconnect.yaml in `c:\\Users\\xbfmp\\OneDrive\\Apps\\HDR_Gallery\\dataconnect`\n"}}
[debug] [2026-07-19T02:06:21.938Z] E0719 04:06:21.938474   13844 watch.go:40] Failed to load config from "c:\\Users\\xbfmp\\OneDrive\\Apps\\HDR_Gallery\\dataconnect": could not find dataconnect.yaml in `c:\Users\xbfmp\OneDrive\Apps\HDR_Gallery\dataconnect`
 {"metadata":{"emulator":{"name":"dataconnect"},"message":"E0719 04:06:21.938474   13844 watch.go:40] Failed to load config from \"c:\\\\Users\\\\xbfmp\\\\OneDrive\\\\Apps\\\\HDR_Gallery\\\\dataconnect\": could not find dataconnect.yaml in `c:\\Users\\xbfmp\\OneDrive\\Apps\\HDR_Gallery\\dataconnect`\n"}}
[debug] [2026-07-19T02:06:31.938Z] E0719 04:06:31.938061   13844 watch.go:40] Failed to load config from "c:\\Users\\xbfmp\\OneDrive\\Apps\\HDR_Gallery\\dataconnect": could not find dataconnect.yaml in `c:\Users\xbfmp\OneDrive\Apps\HDR_Gallery\dataconnect`
 {"metadata":{"emulator":{"name":"dataconnect"},"message":"E0719 04:06:31.938061   13844 watch.go:40] Failed to load config from \"c:\\\\Users\\\\xbfmp\\\\OneDrive\\\\Apps\\\\HDR_Gallery\\\\dataconnect\": could not find dataconnect.yaml in `c:\\Users\\xbfmp\\OneDrive\\Apps\\HDR_Gallery\\dataconnect`\n"}}
[debug] [2026-07-19T02:06:41.938Z] E0719 04:06:41.938261   13844 watch.go:40] Failed to load config from "c:\\Users\\xbfmp\\OneDrive\\Apps\\HDR_Gallery\\dataconnect": could not find dataconnect.yaml in `c:\Users\xbfmp\OneDrive\Apps\HDR_Gallery\dataconnect`
 {"metadata":{"emulator":{"name":"dataconnect"},"message":"E0719 04:06:41.938261   13844 watch.go:40] Failed to load config from \"c:\\\\Users\\\\xbfmp\\\\OneDrive\\\\Apps\\\\HDR_Gallery\\\\dataconnect\": could not find dataconnect.yaml in `c:\\Users\\xbfmp\\OneDrive\\Apps\\HDR_Gallery\\dataconnect`\n"}}
[debug] [2026-07-19T02:06:51.938Z] E0719 04:06:51.938315   13844 watch.go:40] Failed to load config from "c:\\Users\\xbfmp\\OneDrive\\Apps\\HDR_Gallery\\dataconnect": could not find dataconnect.yaml in `c:\Users\xbfmp\OneDrive\Apps\HDR_Gallery\dataconnect`
 {"metadata":{"emulator":{"name":"dataconnect"},"message":"E0719 04:06:51.938315   13844 watch.go:40] Failed to load config from \"c:\\\\Users\\\\xbfmp\\\\OneDrive\\\\Apps\\\\HDR_Gallery\\\\dataconnect\": could not find dataconnect.yaml in `c:\\Users\\xbfmp\\OneDrive\\Apps\\HDR_Gallery\\dataconnect`\n"}}
[debug] [2026-07-19T02:07:01.938Z] E0719 04:07:01.938131   13844 watch.go:40] Failed to load config from "c:\\Users\\xbfmp\\OneDrive\\Apps\\HDR_Gallery\\dataconnect": could not find dataconnect.yaml in `c:\Users\xbfmp\OneDrive\Apps\HDR_Gallery\dataconnect`
 {"metadata":{"emulator":{"name":"dataconnect"},"message":"E0719 04:07:01.938131   13844 watch.go:40] Failed to load config from \"c:\\\\Users\\\\xbfmp\\\\OneDrive\\\\Apps\\\\HDR_Gallery\\\\dataconnect\": could not find dataconnect.yaml in `c:\\Users\\xbfmp\\OneDrive\\Apps\\HDR_Gallery\\dataconnect`\n"}}
[debug] [2026-07-19T02:07:11.938Z] E0719 04:07:11.937988   13844 watch.go:116] watchAllDir unable to walk dir `c:\Users\xbfmp\OneDrive\Apps\HDR_Gallery\dataconnect`: GetFileAttributesEx c:\Users\xbfmp\OneDrive\Apps\HDR_Gallery\dataconnect: El sistema no puede encontrar el archivo especificado.
 {"metadata":{"emulator":{"name":"dataconnect"},"message":"E0719 04:07:11.937988   13844 watch.go:116] watchAllDir unable to walk dir `c:\\Users\\xbfmp\\OneDrive\\Apps\\HDR_Gallery\\dataconnect`: GetFileAttributesEx c:\\Users\\xbfmp\\OneDrive\\Apps\\HDR_Gallery\\dataconnect: El sistema no puede encontrar el archivo especificado.\n"}}
[debug] [2026-07-19T02:07:11.938Z] E0719 04:07:11.937988   13844 watch.go:40] Failed to load config from "c:\\Users\\xbfmp\\OneDrive\\Apps\\HDR_Gallery\\dataconnect": could not find dataconnect.yaml in `c:\Users\xbfmp\OneDrive\Apps\HDR_Gallery\dataconnect`
 {"metadata":{"emulator":{"name":"dataconnect"},"message":"E0719 04:07:11.937988   13844 watch.go:40] Failed to load config from \"c:\\\\Users\\\\xbfmp\\\\OneDrive\\\\Apps\\\\HDR_Gallery\\\\dataconnect\": could not find dataconnect.yaml in `c:\\Users\\xbfmp\\OneDrive\\Apps\\HDR_Gallery\\dataconnect`\n"}}
[debug] [2026-07-19T02:07:21.938Z] E0719 04:07:21.938059   13844 watch.go:40] Failed to load config from "c:\\Users\\xbfmp\\OneDrive\\Apps\\HDR_Gallery\\dataconnect": could not find dataconnect.yaml in `c:\Users\xbfmp\OneDrive\Apps\HDR_Gallery\dataconnect`
 {"metadata":{"emulator":{"name":"dataconnect"},"message":"E0719 04:07:21.938059   13844 watch.go:40] Failed to load config from \"c:\\\\Users\\\\xbfmp\\\\OneDrive\\\\Apps\\\\HDR_Gallery\\\\dataconnect\": could not find dataconnect.yaml in `c:\\Users\\xbfmp\\OneDrive\\Apps\\HDR_Gallery\\dataconnect`\n"}}
[debug] [2026-07-19T02:07:31.938Z] E0719 04:07:31.938147   13844 watch.go:40] Failed to load config from "c:\\Users\\xbfmp\\OneDrive\\Apps\\HDR_Gallery\\dataconnect": could not find dataconnect.yaml in `c:\Users\xbfmp\OneDrive\Apps\HDR_Gallery\dataconnect`
 {"metadata":{"emulator":{"name":"dataconnect"},"message":"E0719 04:07:31.938147   13844 watch.go:40] Failed to load config from \"c:\\\\Users\\\\xbfmp\\\\OneDrive\\\\Apps\\\\HDR_Gallery\\\\dataconnect\": could not find dataconnect.yaml in `c:\\Users\\xbfmp\\OneDrive\\Apps\\HDR_Gallery\\dataconnect`\n"}}
[debug] [2026-07-19T02:07:41.938Z] E0719 04:07:41.938294   13844 watch.go:40] Failed to load config from "c:\\Users\\xbfmp\\OneDrive\\Apps\\HDR_Gallery\\dataconnect": could not find dataconnect.yaml in `c:\Users\xbfmp\OneDrive\Apps\HDR_Gallery\dataconnect`
 {"metadata":{"emulator":{"name":"dataconnect"},"message":"E0719 04:07:41.938294   13844 watch.go:40] Failed to load config from \"c:\\\\Users\\\\xbfmp\\\\OneDrive\\\\Apps\\\\HDR_Gallery\\\\dataconnect\": could not find dataconnect.yaml in `c:\\Users\\xbfmp\\OneDrive\\Apps\\HDR_Gallery\\dataconnect`\n"}}
[debug] [2026-07-19T02:07:51.938Z] E0719 04:07:51.938047   13844 watch.go:40] Failed to load config from "c:\\Users\\xbfmp\\OneDrive\\Apps\\HDR_Gallery\\dataconnect": could not find dataconnect.yaml in `c:\Users\xbfmp\OneDrive\Apps\HDR_Gallery\dataconnect`
 {"metadata":{"emulator":{"name":"dataconnect"},"message":"E0719 04:07:51.938047   13844 watch.go:40] Failed to load config from \"c:\\\\Users\\\\xbfmp\\\\OneDrive\\\\Apps\\\\HDR_Gallery\\\\dataconnect\": could not find dataconnect.yaml in `c:\\Users\\xbfmp\\OneDrive\\Apps\\HDR_Gallery\\dataconnect`\n"}}
[debug] [2026-07-19T02:08:01.938Z] E0719 04:08:01.938198   13844 watch.go:40] Failed to load config from "c:\\Users\\xbfmp\\OneDrive\\Apps\\HDR_Gallery\\dataconnect": could not find dataconnect.yaml in `c:\Users\xbfmp\OneDrive\Apps\HDR_Gallery\dataconnect`
 {"metadata":{"emulator":{"name":"dataconnect"},"message":"E0719 04:08:01.938198   13844 watch.go:40] Failed to load config from \"c:\\\\Users\\\\xbfmp\\\\OneDrive\\\\Apps\\\\HDR_Gallery\\\\dataconnect\": could not find dataconnect.yaml in `c:\\Users\\xbfmp\\OneDrive\\Apps\\HDR_Gallery\\dataconnect`\n"}}
[debug] [2026-07-19T02:08:11.938Z] E0719 04:08:11.938106   13844 watch.go:116] watchAllDir unable to walk dir `c:\Users\xbfmp\OneDrive\Apps\HDR_Gallery\dataconnect`: GetFileAttributesEx c:\Users\xbfmp\OneDrive\Apps\HDR_Gallery\dataconnect: El sistema no puede encontrar el archivo especificado.
 {"metadata":{"emulator":{"name":"dataconnect"},"message":"E0719 04:08:11.938106   13844 watch.go:116] watchAllDir unable to walk dir `c:\\Users\\xbfmp\\OneDrive\\Apps\\HDR_Gallery\\dataconnect`: GetFileAttributesEx c:\\Users\\xbfmp\\OneDrive\\Apps\\HDR_Gallery\\dataconnect: El sistema no puede encontrar el archivo especificado.\n"}}
[debug] [2026-07-19T02:08:11.938Z] E0719 04:08:11.938106   13844 watch.go:40] Failed to load config from "c:\\Users\\xbfmp\\OneDrive\\Apps\\HDR_Gallery\\dataconnect": could not find dataconnect.yaml in `c:\Users\xbfmp\OneDrive\Apps\HDR_Gallery\dataconnect`
 {"metadata":{"emulator":{"name":"dataconnect"},"message":"E0719 04:08:11.938106   13844 watch.go:40] Failed to load config from \"c:\\\\Users\\\\xbfmp\\\\OneDrive\\\\Apps\\\\HDR_Gallery\\\\dataconnect\": could not find dataconnect.yaml in `c:\\Users\\xbfmp\\OneDrive\\Apps\\HDR_Gallery\\dataconnect`\n"}}
[debug] [2026-07-19T02:08:21.938Z] E0719 04:08:21.938149   13844 watch.go:40] Failed to load config from "c:\\Users\\xbfmp\\OneDrive\\Apps\\HDR_Gallery\\dataconnect": could not find dataconnect.yaml in `c:\Users\xbfmp\OneDrive\Apps\HDR_Gallery\dataconnect`
 {"metadata":{"emulator":{"name":"dataconnect"},"message":"E0719 04:08:21.938149   13844 watch.go:40] Failed to load config from \"c:\\\\Users\\\\xbfmp\\\\OneDrive\\\\Apps\\\\HDR_Gallery\\\\dataconnect\": could not find dataconnect.yaml in `c:\\Users\\xbfmp\\OneDrive\\Apps\\HDR_Gallery\\dataconnect`\n"}}
[debug] [2026-07-19T02:08:31.938Z] E0719 04:08:31.938185   13844 watch.go:40] Failed to load config from "c:\\Users\\xbfmp\\OneDrive\\Apps\\HDR_Gallery\\dataconnect": could not find dataconnect.yaml in `c:\Users\xbfmp\OneDrive\Apps\HDR_Gallery\dataconnect`
 {"metadata":{"emulator":{"name":"dataconnect"},"message":"E0719 04:08:31.938185   13844 watch.go:40] Failed to load config from \"c:\\\\Users\\\\xbfmp\\\\OneDrive\\\\Apps\\\\HDR_Gallery\\\\dataconnect\": could not find dataconnect.yaml in `c:\\Users\\xbfmp\\OneDrive\\Apps\\HDR_Gallery\\dataconnect`\n"}}
[debug] [2026-07-19T02:08:41.938Z] E0719 04:08:41.938332   13844 watch.go:40] Failed to load config from "c:\\Users\\xbfmp\\OneDrive\\Apps\\HDR_Gallery\\dataconnect": could not find dataconnect.yaml in `c:\Users\xbfmp\OneDrive\Apps\HDR_Gallery\dataconnect`
 {"metadata":{"emulator":{"name":"dataconnect"},"message":"E0719 04:08:41.938332   13844 watch.go:40] Failed to load config from \"c:\\\\Users\\\\xbfmp\\\\OneDrive\\\\Apps\\\\HDR_Gallery\\\\dataconnect\": could not find dataconnect.yaml in `c:\\Users\\xbfmp\\OneDrive\\Apps\\HDR_Gallery\\dataconnect`\n"}}
[debug] [2026-07-19T02:08:51.938Z] E0719 04:08:51.937895   13844 watch.go:40] Failed to load config from "c:\\Users\\xbfmp\\OneDrive\\Apps\\HDR_Gallery\\dataconnect": could not find dataconnect.yaml in `c:\Users\xbfmp\OneDrive\Apps\HDR_Gallery\dataconnect`
 {"metadata":{"emulator":{"name":"dataconnect"},"message":"E0719 04:08:51.937895   13844 watch.go:40] Failed to load config from \"c:\\\\Users\\\\xbfmp\\\\OneDrive\\\\Apps\\\\HDR_Gallery\\\\dataconnect\": could not find dataconnect.yaml in `c:\\Users\\xbfmp\\OneDrive\\Apps\\HDR_Gallery\\dataconnect`\n"}}
[debug] [2026-07-19T02:09:01.938Z] E0719 04:09:01.938354   13844 watch.go:40] Failed to load config from "c:\\Users\\xbfmp\\OneDrive\\Apps\\HDR_Gallery\\dataconnect": could not find dataconnect.yaml in `c:\Users\xbfmp\OneDrive\Apps\HDR_Gallery\dataconnect`
 {"metadata":{"emulator":{"name":"dataconnect"},"message":"E0719 04:09:01.938354   13844 watch.go:40] Failed to load config from \"c:\\\\Users\\\\xbfmp\\\\OneDrive\\\\Apps\\\\HDR_Gallery\\\\dataconnect\": could not find dataconnect.yaml in `c:\\Users\\xbfmp\\OneDrive\\Apps\\HDR_Gallery\\dataconnect`\n"}}
[debug] [2026-07-19T02:09:11.938Z] E0719 04:09:11.938385   13844 watch.go:116] watchAllDir unable to walk dir `c:\Users\xbfmp\OneDrive\Apps\HDR_Gallery\dataconnect`: GetFileAttributesEx c:\Users\xbfmp\OneDrive\Apps\HDR_Gallery\dataconnect: El sistema no puede encontrar el archivo especificado.
 {"metadata":{"emulator":{"name":"dataconnect"},"message":"E0719 04:09:11.938385   13844 watch.go:116] watchAllDir unable to walk dir `c:\\Users\\xbfmp\\OneDrive\\Apps\\HDR_Gallery\\dataconnect`: GetFileAttributesEx c:\\Users\\xbfmp\\OneDrive\\Apps\\HDR_Gallery\\dataconnect: El sistema no puede encontrar el archivo especificado.\n"}}
[debug] [2026-07-19T02:09:11.938Z] E0719 04:09:11.938385   13844 watch.go:40] Failed to load config from "c:\\Users\\xbfmp\\OneDrive\\Apps\\HDR_Gallery\\dataconnect": could not find dataconnect.yaml in `c:\Users\xbfmp\OneDrive\Apps\HDR_Gallery\dataconnect`
 {"metadata":{"emulator":{"name":"dataconnect"},"message":"E0719 04:09:11.938385   13844 watch.go:40] Failed to load config from \"c:\\\\Users\\\\xbfmp\\\\OneDrive\\\\Apps\\\\HDR_Gallery\\\\dataconnect\": could not find dataconnect.yaml in `c:\\Users\\xbfmp\\OneDrive\\Apps\\HDR_Gallery\\dataconnect`\n"}}
[debug] [2026-07-19T02:09:21.938Z] E0719 04:09:21.938158   13844 watch.go:40] Failed to load config from "c:\\Users\\xbfmp\\OneDrive\\Apps\\HDR_Gallery\\dataconnect": could not find dataconnect.yaml in `c:\Users\xbfmp\OneDrive\Apps\HDR_Gallery\dataconnect`
 {"metadata":{"emulator":{"name":"dataconnect"},"message":"E0719 04:09:21.938158   13844 watch.go:40] Failed to load config from \"c:\\\\Users\\\\xbfmp\\\\OneDrive\\\\Apps\\\\HDR_Gallery\\\\dataconnect\": could not find dataconnect.yaml in `c:\\Users\\xbfmp\\OneDrive\\Apps\\HDR_Gallery\\dataconnect`\n"}}
[debug] [2026-07-19T02:09:31.938Z] E0719 04:09:31.937970   13844 watch.go:40] Failed to load config from "c:\\Users\\xbfmp\\OneDrive\\Apps\\HDR_Gallery\\dataconnect": could not find dataconnect.yaml in `c:\Users\xbfmp\OneDrive\Apps\HDR_Gallery\dataconnect`
 {"metadata":{"emulator":{"name":"dataconnect"},"message":"E0719 04:09:31.937970   13844 watch.go:40] Failed to load config from \"c:\\\\Users\\\\xbfmp\\\\OneDrive\\\\Apps\\\\HDR_Gallery\\\\dataconnect\": could not find dataconnect.yaml in `c:\\Users\\xbfmp\\OneDrive\\Apps\\HDR_Gallery\\dataconnect`\n"}}
[debug] [2026-07-19T02:09:41.938Z] E0719 04:09:41.937932   13844 watch.go:40] Failed to load config from "c:\\Users\\xbfmp\\OneDrive\\Apps\\HDR_Gallery\\dataconnect": could not find dataconnect.yaml in `c:\Users\xbfmp\OneDrive\Apps\HDR_Gallery\dataconnect`
 {"metadata":{"emulator":{"name":"dataconnect"},"message":"E0719 04:09:41.937932   13844 watch.go:40] Failed to load config from \"c:\\\\Users\\\\xbfmp\\\\OneDrive\\\\Apps\\\\HDR_Gallery\\\\dataconnect\": could not find dataconnect.yaml in `c:\\Users\\xbfmp\\OneDrive\\Apps\\HDR_Gallery\\dataconnect`\n"}}
[debug] [2026-07-19T02:09:51.938Z] E0719 04:09:51.938020   13844 watch.go:40] Failed to load config from "c:\\Users\\xbfmp\\OneDrive\\Apps\\HDR_Gallery\\dataconnect": could not find dataconnect.yaml in `c:\Users\xbfmp\OneDrive\Apps\HDR_Gallery\dataconnect`
 {"metadata":{"emulator":{"name":"dataconnect"},"message":"E0719 04:09:51.938020   13844 watch.go:40] Failed to load config from \"c:\\\\Users\\\\xbfmp\\\\OneDrive\\\\Apps\\\\HDR_Gallery\\\\dataconnect\": could not find dataconnect.yaml in `c:\\Users\\xbfmp\\OneDrive\\Apps\\HDR_Gallery\\dataconnect`\n"}}
[debug] [2026-07-19T02:10:01.938Z] E0719 04:10:01.938313   13844 watch.go:40] Failed to load config from "c:\\Users\\xbfmp\\OneDrive\\Apps\\HDR_Gallery\\dataconnect": could not find dataconnect.yaml in `c:\Users\xbfmp\OneDrive\Apps\HDR_Gallery\dataconnect`
 {"metadata":{"emulator":{"name":"dataconnect"},"message":"E0719 04:10:01.938313   13844 watch.go:40] Failed to load config from \"c:\\\\Users\\\\xbfmp\\\\OneDrive\\\\Apps\\\\HDR_Gallery\\\\dataconnect\": could not find dataconnect.yaml in `c:\\Users\\xbfmp\\OneDrive\\Apps\\HDR_Gallery\\dataconnect`\n"}}
[debug] [2026-07-19T02:10:11.938Z] E0719 04:10:11.938034   13844 watch.go:116] watchAllDir unable to walk dir `c:\Users\xbfmp\OneDrive\Apps\HDR_Gallery\dataconnect`: GetFileAttributesEx c:\Users\xbfmp\OneDrive\Apps\HDR_Gallery\dataconnect: El sistema no puede encontrar el archivo especificado.
 {"metadata":{"emulator":{"name":"dataconnect"},"message":"E0719 04:10:11.938034   13844 watch.go:116] watchAllDir unable to walk dir `c:\\Users\\xbfmp\\OneDrive\\Apps\\HDR_Gallery\\dataconnect`: GetFileAttributesEx c:\\Users\\xbfmp\\OneDrive\\Apps\\HDR_Gallery\\dataconnect: El sistema no puede encontrar el archivo especificado.\n"}}
[debug] [2026-07-19T02:10:11.938Z] E0719 04:10:11.938034   13844 watch.go:40] Failed to load config from "c:\\Users\\xbfmp\\OneDrive\\Apps\\HDR_Gallery\\dataconnect": could not find dataconnect.yaml in `c:\Users\xbfmp\OneDrive\Apps\HDR_Gallery\dataconnect`
 {"metadata":{"emulator":{"name":"dataconnect"},"message":"E0719 04:10:11.938034   13844 watch.go:40] Failed to load config from \"c:\\\\Users\\\\xbfmp\\\\OneDrive\\\\Apps\\\\HDR_Gallery\\\\dataconnect\": could not find dataconnect.yaml in `c:\\Users\\xbfmp\\OneDrive\\Apps\\HDR_Gallery\\dataconnect`\n"}}
[debug] [2026-07-19T02:10:21.938Z] E0719 04:10:21.938319   13844 watch.go:40] Failed to load config from "c:\\Users\\xbfmp\\OneDrive\\Apps\\HDR_Gallery\\dataconnect": could not find dataconnect.yaml in `c:\Users\xbfmp\OneDrive\Apps\HDR_Gallery\dataconnect`
 {"metadata":{"emulator":{"name":"dataconnect"},"message":"E0719 04:10:21.938319   13844 watch.go:40] Failed to load config from \"c:\\\\Users\\\\xbfmp\\\\OneDrive\\\\Apps\\\\HDR_Gallery\\\\dataconnect\": could not find dataconnect.yaml in `c:\\Users\\xbfmp\\OneDrive\\Apps\\HDR_Gallery\\dataconnect`\n"}}
[debug] [2026-07-19T02:10:31.938Z] E0719 04:10:31.938010   13844 watch.go:40] Failed to load config from "c:\\Users\\xbfmp\\OneDrive\\Apps\\HDR_Gallery\\dataconnect": could not find dataconnect.yaml in `c:\Users\xbfmp\OneDrive\Apps\HDR_Gallery\dataconnect`
 {"metadata":{"emulator":{"name":"dataconnect"},"message":"E0719 04:10:31.938010   13844 watch.go:40] Failed to load config from \"c:\\\\Users\\\\xbfmp\\\\OneDrive\\\\Apps\\\\HDR_Gallery\\\\dataconnect\": could not find dataconnect.yaml in `c:\\Users\\xbfmp\\OneDrive\\Apps\\HDR_Gallery\\dataconnect`\n"}}
[debug] [2026-07-19T02:10:41.938Z] E0719 04:10:41.938086   13844 watch.go:40] Failed to load config from "c:\\Users\\xbfmp\\OneDrive\\Apps\\HDR_Gallery\\dataconnect": could not find dataconnect.yaml in `c:\Users\xbfmp\OneDrive\Apps\HDR_Gallery\dataconnect`
 {"metadata":{"emulator":{"name":"dataconnect"},"message":"E0719 04:10:41.938086   13844 watch.go:40] Failed to load config from \"c:\\\\Users\\\\xbfmp\\\\OneDrive\\\\Apps\\\\HDR_Gallery\\\\dataconnect\": could not find dataconnect.yaml in `c:\\Users\\xbfmp\\OneDrive\\Apps\\HDR_Gallery\\dataconnect`\n"}}
[debug] [2026-07-19T02:10:51.938Z] E0719 04:10:51.938050   13844 watch.go:40] Failed to load config from "c:\\Users\\xbfmp\\OneDrive\\Apps\\HDR_Gallery\\dataconnect": could not find dataconnect.yaml in `c:\Users\xbfmp\OneDrive\Apps\HDR_Gallery\dataconnect`
 {"metadata":{"emulator":{"name":"dataconnect"},"message":"E0719 04:10:51.938050   13844 watch.go:40] Failed to load config from \"c:\\\\Users\\\\xbfmp\\\\OneDrive\\\\Apps\\\\HDR_Gallery\\\\dataconnect\": could not find dataconnect.yaml in `c:\\Users\\xbfmp\\OneDrive\\Apps\\HDR_Gallery\\dataconnect`\n"}}
[debug] [2026-07-19T02:11:01.938Z] E0719 04:11:01.938045   13844 watch.go:40] Failed to load config from "c:\\Users\\xbfmp\\OneDrive\\Apps\\HDR_Gallery\\dataconnect": could not find dataconnect.yaml in `c:\Users\xbfmp\OneDrive\Apps\HDR_Gallery\dataconnect`
 {"metadata":{"emulator":{"name":"dataconnect"},"message":"E0719 04:11:01.938045   13844 watch.go:40] Failed to load config from \"c:\\\\Users\\\\xbfmp\\\\OneDrive\\\\Apps\\\\HDR_Gallery\\\\dataconnect\": could not find dataconnect.yaml in `c:\\Users\\xbfmp\\OneDrive\\Apps\\HDR_Gallery\\dataconnect`\n"}}
[debug] [2026-07-19T02:11:11.938Z] E0719 04:11:11.938178   13844 watch.go:116] watchAllDir unable to walk dir `c:\Users\xbfmp\OneDrive\Apps\HDR_Gallery\dataconnect`: GetFileAttributesEx c:\Users\xbfmp\OneDrive\Apps\HDR_Gallery\dataconnect: El sistema no puede encontrar el archivo especificado.
 {"metadata":{"emulator":{"name":"dataconnect"},"message":"E0719 04:11:11.938178   13844 watch.go:116] watchAllDir unable to walk dir `c:\\Users\\xbfmp\\OneDrive\\Apps\\HDR_Gallery\\dataconnect`: GetFileAttributesEx c:\\Users\\xbfmp\\OneDrive\\Apps\\HDR_Gallery\\dataconnect: El sistema no puede encontrar el archivo especificado.\n"}}
[debug] [2026-07-19T02:11:11.938Z] E0719 04:11:11.938178   13844 watch.go:40] Failed to load config from "c:\\Users\\xbfmp\\OneDrive\\Apps\\HDR_Gallery\\dataconnect": could not find dataconnect.yaml in `c:\Users\xbfmp\OneDrive\Apps\HDR_Gallery\dataconnect`
 {"metadata":{"emulator":{"name":"dataconnect"},"message":"E0719 04:11:11.938178   13844 watch.go:40] Failed to load config from \"c:\\\\Users\\\\xbfmp\\\\OneDrive\\\\Apps\\\\HDR_Gallery\\\\dataconnect\": could not find dataconnect.yaml in `c:\\Users\\xbfmp\\OneDrive\\Apps\\HDR_Gallery\\dataconnect`\n"}}
[debug] [2026-07-19T02:11:21.938Z] E0719 04:11:21.938012   13844 watch.go:40] Failed to load config from "c:\\Users\\xbfmp\\OneDrive\\Apps\\HDR_Gallery\\dataconnect": could not find dataconnect.yaml in `c:\Users\xbfmp\OneDrive\Apps\HDR_Gallery\dataconnect`
 {"metadata":{"emulator":{"name":"dataconnect"},"message":"E0719 04:11:21.938012   13844 watch.go:40] Failed to load config from \"c:\\\\Users\\\\xbfmp\\\\OneDrive\\\\Apps\\\\HDR_Gallery\\\\dataconnect\": could not find dataconnect.yaml in `c:\\Users\\xbfmp\\OneDrive\\Apps\\HDR_Gallery\\dataconnect`\n"}}
[debug] [2026-07-19T02:11:31.938Z] E0719 04:11:31.938144   13844 watch.go:40] Failed to load config from "c:\\Users\\xbfmp\\OneDrive\\Apps\\HDR_Gallery\\dataconnect": could not find dataconnect.yaml in `c:\Users\xbfmp\OneDrive\Apps\HDR_Gallery\dataconnect`
 {"metadata":{"emulator":{"name":"dataconnect"},"message":"E0719 04:11:31.938144   13844 watch.go:40] Failed to load config from \"c:\\\\Users\\\\xbfmp\\\\OneDrive\\\\Apps\\\\HDR_Gallery\\\\dataconnect\": could not find dataconnect.yaml in `c:\\Users\\xbfmp\\OneDrive\\Apps\\HDR_Gallery\\dataconnect`\n"}}
[debug] [2026-07-19T02:11:41.938Z] E0719 04:11:41.938320   13844 watch.go:40] Failed to load config from "c:\\Users\\xbfmp\\OneDrive\\Apps\\HDR_Gallery\\dataconnect": could not find dataconnect.yaml in `c:\Users\xbfmp\OneDrive\Apps\HDR_Gallery\dataconnect`
 {"metadata":{"emulator":{"name":"dataconnect"},"message":"E0719 04:11:41.938320   13844 watch.go:40] Failed to load config from \"c:\\\\Users\\\\xbfmp\\\\OneDrive\\\\Apps\\\\HDR_Gallery\\\\dataconnect\": could not find dataconnect.yaml in `c:\\Users\\xbfmp\\OneDrive\\Apps\\HDR_Gallery\\dataconnect`\n"}}
[debug] [2026-07-19T02:11:51.938Z] E0719 04:11:51.938298   13844 watch.go:40] Failed to load config from "c:\\Users\\xbfmp\\OneDrive\\Apps\\HDR_Gallery\\dataconnect": could not find dataconnect.yaml in `c:\Users\xbfmp\OneDrive\Apps\HDR_Gallery\dataconnect`
 {"metadata":{"emulator":{"name":"dataconnect"},"message":"E0719 04:11:51.938298   13844 watch.go:40] Failed to load config from \"c:\\\\Users\\\\xbfmp\\\\OneDrive\\\\Apps\\\\HDR_Gallery\\\\dataconnect\": could not find dataconnect.yaml in `c:\\Users\\xbfmp\\OneDrive\\Apps\\HDR_Gallery\\dataconnect`\n"}}
[debug] [2026-07-19T02:12:01.938Z] E0719 04:12:01.938214   13844 watch.go:40] Failed to load config from "c:\\Users\\xbfmp\\OneDrive\\Apps\\HDR_Gallery\\dataconnect": could not find dataconnect.yaml in `c:\Users\xbfmp\OneDrive\Apps\HDR_Gallery\dataconnect`
 {"metadata":{"emulator":{"name":"dataconnect"},"message":"E0719 04:12:01.938214   13844 watch.go:40] Failed to load config from \"c:\\\\Users\\\\xbfmp\\\\OneDrive\\\\Apps\\\\HDR_Gallery\\\\dataconnect\": could not find dataconnect.yaml in `c:\\Users\\xbfmp\\OneDrive\\Apps\\HDR_Gallery\\dataconnect`\n"}}
[debug] [2026-07-19T02:12:11.938Z] E0719 04:12:11.938140   13844 watch.go:116] watchAllDir unable to walk dir `c:\Users\xbfmp\OneDrive\Apps\HDR_Gallery\dataconnect`: GetFileAttributesEx c:\Users\xbfmp\OneDrive\Apps\HDR_Gallery\dataconnect: El sistema no puede encontrar el archivo especificado.
 {"metadata":{"emulator":{"name":"dataconnect"},"message":"E0719 04:12:11.938140   13844 watch.go:116] watchAllDir unable to walk dir `c:\\Users\\xbfmp\\OneDrive\\Apps\\HDR_Gallery\\dataconnect`: GetFileAttributesEx c:\\Users\\xbfmp\\OneDrive\\Apps\\HDR_Gallery\\dataconnect: El sistema no puede encontrar el archivo especificado.\n"}}
[debug] [2026-07-19T02:12:11.938Z] E0719 04:12:11.938140   13844 watch.go:40] Failed to load config from "c:\\Users\\xbfmp\\OneDrive\\Apps\\HDR_Gallery\\dataconnect": could not find dataconnect.yaml in `c:\Users\xbfmp\OneDrive\Apps\HDR_Gallery\dataconnect`
 {"metadata":{"emulator":{"name":"dataconnect"},"message":"E0719 04:12:11.938140   13844 watch.go:40] Failed to load config from \"c:\\\\Users\\\\xbfmp\\\\OneDrive\\\\Apps\\\\HDR_Gallery\\\\dataconnect\": could not find dataconnect.yaml in `c:\\Users\\xbfmp\\OneDrive\\Apps\\HDR_Gallery\\dataconnect`\n"}}
[debug] [2026-07-19T02:12:21.938Z] E0719 04:12:21.938358   13844 watch.go:40] Failed to load config from "c:\\Users\\xbfmp\\OneDrive\\Apps\\HDR_Gallery\\dataconnect": could not find dataconnect.yaml in `c:\Users\xbfmp\OneDrive\Apps\HDR_Gallery\dataconnect`
 {"metadata":{"emulator":{"name":"dataconnect"},"message":"E0719 04:12:21.938358   13844 watch.go:40] Failed to load config from \"c:\\\\Users\\\\xbfmp\\\\OneDrive\\\\Apps\\\\HDR_Gallery\\\\dataconnect\": could not find dataconnect.yaml in `c:\\Users\\xbfmp\\OneDrive\\Apps\\HDR_Gallery\\dataconnect`\n"}}
[debug] [2026-07-19T02:12:31.938Z] E0719 04:12:31.937995   13844 watch.go:40] Failed to load config from "c:\\Users\\xbfmp\\OneDrive\\Apps\\HDR_Gallery\\dataconnect": could not find dataconnect.yaml in `c:\Users\xbfmp\OneDrive\Apps\HDR_Gallery\dataconnect`
 {"metadata":{"emulator":{"name":"dataconnect"},"message":"E0719 04:12:31.937995   13844 watch.go:40] Failed to load config from \"c:\\\\Users\\\\xbfmp\\\\OneDrive\\\\Apps\\\\HDR_Gallery\\\\dataconnect\": could not find dataconnect.yaml in `c:\\Users\\xbfmp\\OneDrive\\Apps\\HDR_Gallery\\dataconnect`\n"}}
[debug] [2026-07-19T02:12:41.938Z] E0719 04:12:41.937910   13844 watch.go:40] Failed to load config from "c:\\Users\\xbfmp\\OneDrive\\Apps\\HDR_Gallery\\dataconnect": could not find dataconnect.yaml in `c:\Users\xbfmp\OneDrive\Apps\HDR_Gallery\dataconnect`
 {"metadata":{"emulator":{"name":"dataconnect"},"message":"E0719 04:12:41.937910   13844 watch.go:40] Failed to load config from \"c:\\\\Users\\\\xbfmp\\\\OneDrive\\\\Apps\\\\HDR_Gallery\\\\dataconnect\": could not find dataconnect.yaml in `c:\\Users\\xbfmp\\OneDrive\\Apps\\HDR_Gallery\\dataconnect`\n"}}
[debug] [2026-07-19T02:12:51.938Z] E0719 04:12:51.938191   13844 watch.go:40] Failed to load config from "c:\\Users\\xbfmp\\OneDrive\\Apps\\HDR_Gallery\\dataconnect": could not find dataconnect.yaml in `c:\Users\xbfmp\OneDrive\Apps\HDR_Gallery\dataconnect`
 {"metadata":{"emulator":{"name":"dataconnect"},"message":"E0719 04:12:51.938191   13844 watch.go:40] Failed to load config from \"c:\\\\Users\\\\xbfmp\\\\OneDrive\\\\Apps\\\\HDR_Gallery\\\\dataconnect\": could not find dataconnect.yaml in `c:\\Users\\xbfmp\\OneDrive\\Apps\\HDR_Gallery\\dataconnect`\n"}}
[debug] [2026-07-19T02:13:01.938Z] E0719 04:13:01.938042   13844 watch.go:40] Failed to load config from "c:\\Users\\xbfmp\\OneDrive\\Apps\\HDR_Gallery\\dataconnect": could not find dataconnect.yaml in `c:\Users\xbfmp\OneDrive\Apps\HDR_Gallery\dataconnect`
 {"metadata":{"emulator":{"name":"dataconnect"},"message":"E0719 04:13:01.938042   13844 watch.go:40] Failed to load config from \"c:\\\\Users\\\\xbfmp\\\\OneDrive\\\\Apps\\\\HDR_Gallery\\\\dataconnect\": could not find dataconnect.yaml in `c:\\Users\\xbfmp\\OneDrive\\Apps\\HDR_Gallery\\dataconnect`\n"}}
[debug] [2026-07-19T02:13:11.943Z] E0719 04:13:11.937965   13844 watch.go:116] watchAllDir unable to walk dir `c:\Users\xbfmp\OneDrive\Apps\HDR_Gallery\dataconnect`: GetFileAttributesEx c:\Users\xbfmp\OneDrive\Apps\HDR_Gallery\dataconnect: El sistema no puede encontrar el archivo especificado.
E0719 04:13:11.937965   13844 watch.go:40] Failed to load config from "c:\\Users\\xbfmp\\OneDrive\\Apps\\HDR_Gallery\\dataconnect": could not find dataconnect.yaml in `c:\Users\xbfmp\OneDrive\Apps\HDR_Gallery\dataconnect`
 {"metadata":{"emulator":{"name":"dataconnect"},"message":"E0719 04:13:11.937965   13844 watch.go:116] watchAllDir unable to walk dir `c:\\Users\\xbfmp\\OneDrive\\Apps\\HDR_Gallery\\dataconnect`: GetFileAttributesEx c:\\Users\\xbfmp\\OneDrive\\Apps\\HDR_Gallery\\dataconnect: El sistema no puede encontrar el archivo especificado.\nE0719 04:13:11.937965   13844 watch.go:40] Failed to load config from \"c:\\\\Users\\\\xbfmp\\\\OneDrive\\\\Apps\\\\HDR_Gallery\\\\dataconnect\": could not find dataconnect.yaml in `c:\\Users\\xbfmp\\OneDrive\\Apps\\HDR_Gallery\\dataconnect`\n"}}
[debug] [2026-07-19T02:13:21.938Z] E0719 04:13:21.938268   13844 watch.go:40] Failed to load config from "c:\\Users\\xbfmp\\OneDrive\\Apps\\HDR_Gallery\\dataconnect": could not find dataconnect.yaml in `c:\Users\xbfmp\OneDrive\Apps\HDR_Gallery\dataconnect`
 {"metadata":{"emulator":{"name":"dataconnect"},"message":"E0719 04:13:21.938268   13844 watch.go:40] Failed to load config from \"c:\\\\Users\\\\xbfmp\\\\OneDrive\\\\Apps\\\\HDR_Gallery\\\\dataconnect\": could not find dataconnect.yaml in `c:\\Users\\xbfmp\\OneDrive\\Apps\\HDR_Gallery\\dataconnect`\n"}}
[debug] [2026-07-19T02:13:31.938Z] E0719 04:13:31.938176   13844 watch.go:40] Failed to load config from "c:\\Users\\xbfmp\\OneDrive\\Apps\\HDR_Gallery\\dataconnect": could not find dataconnect.yaml in `c:\Users\xbfmp\OneDrive\Apps\HDR_Gallery\dataconnect`
 {"metadata":{"emulator":{"name":"dataconnect"},"message":"E0719 04:13:31.938176   13844 watch.go:40] Failed to load config from \"c:\\\\Users\\\\xbfmp\\\\OneDrive\\\\Apps\\\\HDR_Gallery\\\\dataconnect\": could not find dataconnect.yaml in `c:\\Users\\xbfmp\\OneDrive\\Apps\\HDR_Gallery\\dataconnect`\n"}}
[debug] [2026-07-19T02:13:41.938Z] E0719 04:13:41.938286   13844 watch.go:40] Failed to load config from "c:\\Users\\xbfmp\\OneDrive\\Apps\\HDR_Gallery\\dataconnect": could not find dataconnect.yaml in `c:\Users\xbfmp\OneDrive\Apps\HDR_Gallery\dataconnect`
 {"metadata":{"emulator":{"name":"dataconnect"},"message":"E0719 04:13:41.938286   13844 watch.go:40] Failed to load config from \"c:\\\\Users\\\\xbfmp\\\\OneDrive\\\\Apps\\\\HDR_Gallery\\\\dataconnect\": could not find dataconnect.yaml in `c:\\Users\\xbfmp\\OneDrive\\Apps\\HDR_Gallery\\dataconnect`\n"}}
[debug] [2026-07-19T02:13:51.938Z] E0719 04:13:51.938065   13844 watch.go:40] Failed to load config from "c:\\Users\\xbfmp\\OneDrive\\Apps\\HDR_Gallery\\dataconnect": could not find dataconnect.yaml in `c:\Users\xbfmp\OneDrive\Apps\HDR_Gallery\dataconnect`
 {"metadata":{"emulator":{"name":"dataconnect"},"message":"E0719 04:13:51.938065   13844 watch.go:40] Failed to load config from \"c:\\\\Users\\\\xbfmp\\\\OneDrive\\\\Apps\\\\HDR_Gallery\\\\dataconnect\": could not find dataconnect.yaml in `c:\\Users\\xbfmp\\OneDrive\\Apps\\HDR_Gallery\\dataconnect`\n"}}
[debug] [2026-07-19T02:14:01.938Z] E0719 04:14:01.938293   13844 watch.go:40] Failed to load config from "c:\\Users\\xbfmp\\OneDrive\\Apps\\HDR_Gallery\\dataconnect": could not find dataconnect.yaml in `c:\Users\xbfmp\OneDrive\Apps\HDR_Gallery\dataconnect`
 {"metadata":{"emulator":{"name":"dataconnect"},"message":"E0719 04:14:01.938293   13844 watch.go:40] Failed to load config from \"c:\\\\Users\\\\xbfmp\\\\OneDrive\\\\Apps\\\\HDR_Gallery\\\\dataconnect\": could not find dataconnect.yaml in `c:\\Users\\xbfmp\\OneDrive\\Apps\\HDR_Gallery\\dataconnect`\n"}}
[debug] [2026-07-19T02:14:11.938Z] E0719 04:14:11.938279   13844 watch.go:116] watchAllDir unable to walk dir `c:\Users\xbfmp\OneDrive\Apps\HDR_Gallery\dataconnect`: GetFileAttributesEx c:\Users\xbfmp\OneDrive\Apps\HDR_Gallery\dataconnect: El sistema no puede encontrar el archivo especificado.
 {"metadata":{"emulator":{"name":"dataconnect"},"message":"E0719 04:14:11.938279   13844 watch.go:116] watchAllDir unable to walk dir `c:\\Users\\xbfmp\\OneDrive\\Apps\\HDR_Gallery\\dataconnect`: GetFileAttributesEx c:\\Users\\xbfmp\\OneDrive\\Apps\\HDR_Gallery\\dataconnect: El sistema no puede encontrar el archivo especificado.\n"}}
[debug] [2026-07-19T02:14:11.938Z] E0719 04:14:11.938279   13844 watch.go:40] Failed to load config from "c:\\Users\\xbfmp\\OneDrive\\Apps\\HDR_Gallery\\dataconnect": could not find dataconnect.yaml in `c:\Users\xbfmp\OneDrive\Apps\HDR_Gallery\dataconnect`
 {"metadata":{"emulator":{"name":"dataconnect"},"message":"E0719 04:14:11.938279   13844 watch.go:40] Failed to load config from \"c:\\\\Users\\\\xbfmp\\\\OneDrive\\\\Apps\\\\HDR_Gallery\\\\dataconnect\": could not find dataconnect.yaml in `c:\\Users\\xbfmp\\OneDrive\\Apps\\HDR_Gallery\\dataconnect`\n"}}
[debug] [2026-07-19T02:14:21.938Z] E0719 04:14:21.938326   13844 watch.go:40] Failed to load config from "c:\\Users\\xbfmp\\OneDrive\\Apps\\HDR_Gallery\\dataconnect": could not find dataconnect.yaml in `c:\Users\xbfmp\OneDrive\Apps\HDR_Gallery\dataconnect`
 {"metadata":{"emulator":{"name":"dataconnect"},"message":"E0719 04:14:21.938326   13844 watch.go:40] Failed to load config from \"c:\\\\Users\\\\xbfmp\\\\OneDrive\\\\Apps\\\\HDR_Gallery\\\\dataconnect\": could not find dataconnect.yaml in `c:\\Users\\xbfmp\\OneDrive\\Apps\\HDR_Gallery\\dataconnect`\n"}}
[debug] [2026-07-19T02:14:31.938Z] E0719 04:14:31.937951   13844 watch.go:40] Failed to load config from "c:\\Users\\xbfmp\\OneDrive\\Apps\\HDR_Gallery\\dataconnect": could not find dataconnect.yaml in `c:\Users\xbfmp\OneDrive\Apps\HDR_Gallery\dataconnect`
 {"metadata":{"emulator":{"name":"dataconnect"},"message":"E0719 04:14:31.937951   13844 watch.go:40] Failed to load config from \"c:\\\\Users\\\\xbfmp\\\\OneDrive\\\\Apps\\\\HDR_Gallery\\\\dataconnect\": could not find dataconnect.yaml in `c:\\Users\\xbfmp\\OneDrive\\Apps\\HDR_Gallery\\dataconnect`\n"}}
[debug] [2026-07-19T02:14:41.938Z] E0719 04:14:41.938263   13844 watch.go:40] Failed to load config from "c:\\Users\\xbfmp\\OneDrive\\Apps\\HDR_Gallery\\dataconnect": could not find dataconnect.yaml in `c:\Users\xbfmp\OneDrive\Apps\HDR_Gallery\dataconnect`
 {"metadata":{"emulator":{"name":"dataconnect"},"message":"E0719 04:14:41.938263   13844 watch.go:40] Failed to load config from \"c:\\\\Users\\\\xbfmp\\\\OneDrive\\\\Apps\\\\HDR_Gallery\\\\dataconnect\": could not find dataconnect.yaml in `c:\\Users\\xbfmp\\OneDrive\\Apps\\HDR_Gallery\\dataconnect`\n"}}
[debug] [2026-07-19T02:14:51.938Z] E0719 04:14:51.938321   13844 watch.go:40] Failed to load config from "c:\\Users\\xbfmp\\OneDrive\\Apps\\HDR_Gallery\\dataconnect": could not find dataconnect.yaml in `c:\Users\xbfmp\OneDrive\Apps\HDR_Gallery\dataconnect`
 {"metadata":{"emulator":{"name":"dataconnect"},"message":"E0719 04:14:51.938321   13844 watch.go:40] Failed to load config from \"c:\\\\Users\\\\xbfmp\\\\OneDrive\\\\Apps\\\\HDR_Gallery\\\\dataconnect\": could not find dataconnect.yaml in `c:\\Users\\xbfmp\\OneDrive\\Apps\\HDR_Gallery\\dataconnect`\n"}}
[debug] [2026-07-19T02:15:01.938Z] E0719 04:15:01.938135   13844 watch.go:40] Failed to load config from "c:\\Users\\xbfmp\\OneDrive\\Apps\\HDR_Gallery\\dataconnect": could not find dataconnect.yaml in `c:\Users\xbfmp\OneDrive\Apps\HDR_Gallery\dataconnect`
 {"metadata":{"emulator":{"name":"dataconnect"},"message":"E0719 04:15:01.938135   13844 watch.go:40] Failed to load config from \"c:\\\\Users\\\\xbfmp\\\\OneDrive\\\\Apps\\\\HDR_Gallery\\\\dataconnect\": could not find dataconnect.yaml in `c:\\Users\\xbfmp\\OneDrive\\Apps\\HDR_Gallery\\dataconnect`\n"}}
[debug] [2026-07-19T02:15:11.938Z] E0719 04:15:11.938383   13844 watch.go:116] watchAllDir unable to walk dir `c:\Users\xbfmp\OneDrive\Apps\HDR_Gallery\dataconnect`: GetFileAttributesEx c:\Users\xbfmp\OneDrive\Apps\HDR_Gallery\dataconnect: El sistema no puede encontrar el archivo especificado.
 {"metadata":{"emulator":{"name":"dataconnect"},"message":"E0719 04:15:11.938383   13844 watch.go:116] watchAllDir unable to walk dir `c:\\Users\\xbfmp\\OneDrive\\Apps\\HDR_Gallery\\dataconnect`: GetFileAttributesEx c:\\Users\\xbfmp\\OneDrive\\Apps\\HDR_Gallery\\dataconnect: El sistema no puede encontrar el archivo especificado.\n"}}
[debug] [2026-07-19T02:15:11.939Z] E0719 04:15:11.938383   13844 watch.go:40] Failed to load config from "c:\\Users\\xbfmp\\OneDrive\\Apps\\HDR_Gallery\\dataconnect": could not find dataconnect.yaml in `c:\Users\xbfmp\OneDrive\Apps\HDR_Gallery\dataconnect`
 {"metadata":{"emulator":{"name":"dataconnect"},"message":"E0719 04:15:11.938383   13844 watch.go:40] Failed to load config from \"c:\\\\Users\\\\xbfmp\\\\OneDrive\\\\Apps\\\\HDR_Gallery\\\\dataconnect\": could not find dataconnect.yaml in `c:\\Users\\xbfmp\\OneDrive\\Apps\\HDR_Gallery\\dataconnect`\n"}}
[debug] [2026-07-19T02:15:21.938Z] E0719 04:15:21.938200   13844 watch.go:40] Failed to load config from "c:\\Users\\xbfmp\\OneDrive\\Apps\\HDR_Gallery\\dataconnect": could not find dataconnect.yaml in `c:\Users\xbfmp\OneDrive\Apps\HDR_Gallery\dataconnect`
 {"metadata":{"emulator":{"name":"dataconnect"},"message":"E0719 04:15:21.938200   13844 watch.go:40] Failed to load config from \"c:\\\\Users\\\\xbfmp\\\\OneDrive\\\\Apps\\\\HDR_Gallery\\\\dataconnect\": could not find dataconnect.yaml in `c:\\Users\\xbfmp\\OneDrive\\Apps\\HDR_Gallery\\dataconnect`\n"}}
[debug] [2026-07-19T02:15:31.938Z] E0719 04:15:31.938225   13844 watch.go:40] Failed to load config from "c:\\Users\\xbfmp\\OneDrive\\Apps\\HDR_Gallery\\dataconnect": could not find dataconnect.yaml in `c:\Users\xbfmp\OneDrive\Apps\HDR_Gallery\dataconnect`
 {"metadata":{"emulator":{"name":"dataconnect"},"message":"E0719 04:15:31.938225   13844 watch.go:40] Failed to load config from \"c:\\\\Users\\\\xbfmp\\\\OneDrive\\\\Apps\\\\HDR_Gallery\\\\dataconnect\": could not find dataconnect.yaml in `c:\\Users\\xbfmp\\OneDrive\\Apps\\HDR_Gallery\\dataconnect`\n"}}
[debug] [2026-07-19T02:15:41.938Z] E0719 04:15:41.938112   13844 watch.go:40] Failed to load config from "c:\\Users\\xbfmp\\OneDrive\\Apps\\HDR_Gallery\\dataconnect": could not find dataconnect.yaml in `c:\Users\xbfmp\OneDrive\Apps\HDR_Gallery\dataconnect`
 {"metadata":{"emulator":{"name":"dataconnect"},"message":"E0719 04:15:41.938112   13844 watch.go:40] Failed to load config from \"c:\\\\Users\\\\xbfmp\\\\OneDrive\\\\Apps\\\\HDR_Gallery\\\\dataconnect\": could not find dataconnect.yaml in `c:\\Users\\xbfmp\\OneDrive\\Apps\\HDR_Gallery\\dataconnect`\n"}}
[debug] [2026-07-19T02:15:51.938Z] E0719 04:15:51.938254   13844 watch.go:40] Failed to load config from "c:\\Users\\xbfmp\\OneDrive\\Apps\\HDR_Gallery\\dataconnect": could not find dataconnect.yaml in `c:\Users\xbfmp\OneDrive\Apps\HDR_Gallery\dataconnect`
 {"metadata":{"emulator":{"name":"dataconnect"},"message":"E0719 04:15:51.938254   13844 watch.go:40] Failed to load config from \"c:\\\\Users\\\\xbfmp\\\\OneDrive\\\\Apps\\\\HDR_Gallery\\\\dataconnect\": could not find dataconnect.yaml in `c:\\Users\\xbfmp\\OneDrive\\Apps\\HDR_Gallery\\dataconnect`\n"}}
[debug] [2026-07-19T02:16:01.938Z] E0719 04:16:01.938331   13844 watch.go:40] Failed to load config from "c:\\Users\\xbfmp\\OneDrive\\Apps\\HDR_Gallery\\dataconnect": could not find dataconnect.yaml in `c:\Users\xbfmp\OneDrive\Apps\HDR_Gallery\dataconnect`
 {"metadata":{"emulator":{"name":"dataconnect"},"message":"E0719 04:16:01.938331   13844 watch.go:40] Failed to load config from \"c:\\\\Users\\\\xbfmp\\\\OneDrive\\\\Apps\\\\HDR_Gallery\\\\dataconnect\": could not find dataconnect.yaml in `c:\\Users\\xbfmp\\OneDrive\\Apps\\HDR_Gallery\\dataconnect`\n"}}
[debug] [2026-07-19T02:16:11.938Z] E0719 04:16:11.938224   13844 watch.go:116] watchAllDir unable to walk dir `c:\Users\xbfmp\OneDrive\Apps\HDR_Gallery\dataconnect`: GetFileAttributesEx c:\Users\xbfmp\OneDrive\Apps\HDR_Gallery\dataconnect: El sistema no puede encontrar el archivo especificado.
 {"metadata":{"emulator":{"name":"dataconnect"},"message":"E0719 04:16:11.938224   13844 watch.go:116] watchAllDir unable to walk dir `c:\\Users\\xbfmp\\OneDrive\\Apps\\HDR_Gallery\\dataconnect`: GetFileAttributesEx c:\\Users\\xbfmp\\OneDrive\\Apps\\HDR_Gallery\\dataconnect: El sistema no puede encontrar el archivo especificado.\n"}}
[debug] [2026-07-19T02:16:11.938Z] E0719 04:16:11.938224   13844 watch.go:40] Failed to load config from "c:\\Users\\xbfmp\\OneDrive\\Apps\\HDR_Gallery\\dataconnect": could not find dataconnect.yaml in `c:\Users\xbfmp\OneDrive\Apps\HDR_Gallery\dataconnect`
 {"metadata":{"emulator":{"name":"dataconnect"},"message":"E0719 04:16:11.938224   13844 watch.go:40] Failed to load config from \"c:\\\\Users\\\\xbfmp\\\\OneDrive\\\\Apps\\\\HDR_Gallery\\\\dataconnect\": could not find dataconnect.yaml in `c:\\Users\\xbfmp\\OneDrive\\Apps\\HDR_Gallery\\dataconnect`\n"}}
[debug] [2026-07-19T02:16:21.938Z] E0719 04:16:21.938252   13844 watch.go:40] Failed to load config from "c:\\Users\\xbfmp\\OneDrive\\Apps\\HDR_Gallery\\dataconnect": could not find dataconnect.yaml in `c:\Users\xbfmp\OneDrive\Apps\HDR_Gallery\dataconnect`
 {"metadata":{"emulator":{"name":"dataconnect"},"message":"E0719 04:16:21.938252   13844 watch.go:40] Failed to load config from \"c:\\\\Users\\\\xbfmp\\\\OneDrive\\\\Apps\\\\HDR_Gallery\\\\dataconnect\": could not find dataconnect.yaml in `c:\\Users\\xbfmp\\OneDrive\\Apps\\HDR_Gallery\\dataconnect`\n"}}
[debug] [2026-07-19T02:16:31.938Z] E0719 04:16:31.938768   13844 watch.go:40] Failed to load config from "c:\\Users\\xbfmp\\OneDrive\\Apps\\HDR_Gallery\\dataconnect": could not find dataconnect.yaml in `c:\Users\xbfmp\OneDrive\Apps\HDR_Gallery\dataconnect`
 {"metadata":{"emulator":{"name":"dataconnect"},"message":"E0719 04:16:31.938768   13844 watch.go:40] Failed to load config from \"c:\\\\Users\\\\xbfmp\\\\OneDrive\\\\Apps\\\\HDR_Gallery\\\\dataconnect\": could not find dataconnect.yaml in `c:\\Users\\xbfmp\\OneDrive\\Apps\\HDR_Gallery\\dataconnect`\n"}}
[debug] [2026-07-19T02:16:41.938Z] E0719 04:16:41.938123   13844 watch.go:40] Failed to load config from "c:\\Users\\xbfmp\\OneDrive\\Apps\\HDR_Gallery\\dataconnect": could not find dataconnect.yaml in `c:\Users\xbfmp\OneDrive\Apps\HDR_Gallery\dataconnect`
 {"metadata":{"emulator":{"name":"dataconnect"},"message":"E0719 04:16:41.938123   13844 watch.go:40] Failed to load config from \"c:\\\\Users\\\\xbfmp\\\\OneDrive\\\\Apps\\\\HDR_Gallery\\\\dataconnect\": could not find dataconnect.yaml in `c:\\Users\\xbfmp\\OneDrive\\Apps\\HDR_Gallery\\dataconnect`\n"}}
[debug] [2026-07-19T02:16:51.938Z] E0719 04:16:51.938065   13844 watch.go:40] Failed to load config from "c:\\Users\\xbfmp\\OneDrive\\Apps\\HDR_Gallery\\dataconnect": could not find dataconnect.yaml in `c:\Users\xbfmp\OneDrive\Apps\HDR_Gallery\dataconnect`
 {"metadata":{"emulator":{"name":"dataconnect"},"message":"E0719 04:16:51.938065   13844 watch.go:40] Failed to load config from \"c:\\\\Users\\\\xbfmp\\\\OneDrive\\\\Apps\\\\HDR_Gallery\\\\dataconnect\": could not find dataconnect.yaml in `c:\\Users\\xbfmp\\OneDrive\\Apps\\HDR_Gallery\\dataconnect`\n"}}
[debug] [2026-07-19T02:17:01.938Z] E0719 04:17:01.938221   13844 watch.go:40] Failed to load config from "c:\\Users\\xbfmp\\OneDrive\\Apps\\HDR_Gallery\\dataconnect": could not find dataconnect.yaml in `c:\Users\xbfmp\OneDrive\Apps\HDR_Gallery\dataconnect`
 {"metadata":{"emulator":{"name":"dataconnect"},"message":"E0719 04:17:01.938221   13844 watch.go:40] Failed to load config from \"c:\\\\Users\\\\xbfmp\\\\OneDrive\\\\Apps\\\\HDR_Gallery\\\\dataconnect\": could not find dataconnect.yaml in `c:\\Users\\xbfmp\\OneDrive\\Apps\\HDR_Gallery\\dataconnect`\n"}}
[debug] [2026-07-19T02:17:11.938Z] E0719 04:17:11.938053   13844 watch.go:116] watchAllDir unable to walk dir `c:\Users\xbfmp\OneDrive\Apps\HDR_Gallery\dataconnect`: GetFileAttributesEx c:\Users\xbfmp\OneDrive\Apps\HDR_Gallery\dataconnect: El sistema no puede encontrar el archivo especificado.
 {"metadata":{"emulator":{"name":"dataconnect"},"message":"E0719 04:17:11.938053   13844 watch.go:116] watchAllDir unable to walk dir `c:\\Users\\xbfmp\\OneDrive\\Apps\\HDR_Gallery\\dataconnect`: GetFileAttributesEx c:\\Users\\xbfmp\\OneDrive\\Apps\\HDR_Gallery\\dataconnect: El sistema no puede encontrar el archivo especificado.\n"}}
[debug] [2026-07-19T02:17:11.938Z] E0719 04:17:11.938053   13844 watch.go:40] Failed to load config from "c:\\Users\\xbfmp\\OneDrive\\Apps\\HDR_Gallery\\dataconnect": could not find dataconnect.yaml in `c:\Users\xbfmp\OneDrive\Apps\HDR_Gallery\dataconnect`
 {"metadata":{"emulator":{"name":"dataconnect"},"message":"E0719 04:17:11.938053   13844 watch.go:40] Failed to load config from \"c:\\\\Users\\\\xbfmp\\\\OneDrive\\\\Apps\\\\HDR_Gallery\\\\dataconnect\": could not find dataconnect.yaml in `c:\\Users\\xbfmp\\OneDrive\\Apps\\HDR_Gallery\\dataconnect`\n"}}
[debug] [2026-07-19T02:17:21.938Z] E0719 04:17:21.938063   13844 watch.go:40] Failed to load config from "c:\\Users\\xbfmp\\OneDrive\\Apps\\HDR_Gallery\\dataconnect": could not find dataconnect.yaml in `c:\Users\xbfmp\OneDrive\Apps\HDR_Gallery\dataconnect`
 {"metadata":{"emulator":{"name":"dataconnect"},"message":"E0719 04:17:21.938063   13844 watch.go:40] Failed to load config from \"c:\\\\Users\\\\xbfmp\\\\OneDrive\\\\Apps\\\\HDR_Gallery\\\\dataconnect\": could not find dataconnect.yaml in `c:\\Users\\xbfmp\\OneDrive\\Apps\\HDR_Gallery\\dataconnect`\n"}}
[debug] [2026-07-19T02:17:31.938Z] E0719 04:17:31.938317   13844 watch.go:40] Failed to load config from "c:\\Users\\xbfmp\\OneDrive\\Apps\\HDR_Gallery\\dataconnect": could not find dataconnect.yaml in `c:\Users\xbfmp\OneDrive\Apps\HDR_Gallery\dataconnect`
 {"metadata":{"emulator":{"name":"dataconnect"},"message":"E0719 04:17:31.938317   13844 watch.go:40] Failed to load config from \"c:\\\\Users\\\\xbfmp\\\\OneDrive\\\\Apps\\\\HDR_Gallery\\\\dataconnect\": could not find dataconnect.yaml in `c:\\Users\\xbfmp\\OneDrive\\Apps\\HDR_Gallery\\dataconnect`\n"}}
[debug] [2026-07-19T02:17:41.938Z] E0719 04:17:41.938032   13844 watch.go:40] Failed to load config from "c:\\Users\\xbfmp\\OneDrive\\Apps\\HDR_Gallery\\dataconnect": could not find dataconnect.yaml in `c:\Users\xbfmp\OneDrive\Apps\HDR_Gallery\dataconnect`
 {"metadata":{"emulator":{"name":"dataconnect"},"message":"E0719 04:17:41.938032   13844 watch.go:40] Failed to load config from \"c:\\\\Users\\\\xbfmp\\\\OneDrive\\\\Apps\\\\HDR_Gallery\\\\dataconnect\": could not find dataconnect.yaml in `c:\\Users\\xbfmp\\OneDrive\\Apps\\HDR_Gallery\\dataconnect`\n"}}
[debug] [2026-07-19T02:17:51.938Z] E0719 04:17:51.938322   13844 watch.go:40] Failed to load config from "c:\\Users\\xbfmp\\OneDrive\\Apps\\HDR_Gallery\\dataconnect": could not find dataconnect.yaml in `c:\Users\xbfmp\OneDrive\Apps\HDR_Gallery\dataconnect`
 {"metadata":{"emulator":{"name":"dataconnect"},"message":"E0719 04:17:51.938322   13844 watch.go:40] Failed to load config from \"c:\\\\Users\\\\xbfmp\\\\OneDrive\\\\Apps\\\\HDR_Gallery\\\\dataconnect\": could not find dataconnect.yaml in `c:\\Users\\xbfmp\\OneDrive\\Apps\\HDR_Gallery\\dataconnect`\n"}}
[debug] [2026-07-19T02:18:01.938Z] E0719 04:18:01.938401   13844 watch.go:40] Failed to load config from "c:\\Users\\xbfmp\\OneDrive\\Apps\\HDR_Gallery\\dataconnect": could not find dataconnect.yaml in `c:\Users\xbfmp\OneDrive\Apps\HDR_Gallery\dataconnect`
 {"metadata":{"emulator":{"name":"dataconnect"},"message":"E0719 04:18:01.938401   13844 watch.go:40] Failed to load config from \"c:\\\\Users\\\\xbfmp\\\\OneDrive\\\\Apps\\\\HDR_Gallery\\\\dataconnect\": could not find dataconnect.yaml in `c:\\Users\\xbfmp\\OneDrive\\Apps\\HDR_Gallery\\dataconnect`\n"}}
[debug] [2026-07-19T02:18:11.938Z] E0719 04:18:11.938261   13844 watch.go:116] watchAllDir unable to walk dir `c:\Users\xbfmp\OneDrive\Apps\HDR_Gallery\dataconnect`: GetFileAttributesEx c:\Users\xbfmp\OneDrive\Apps\HDR_Gallery\dataconnect: El sistema no puede encontrar el archivo especificado.
 {"metadata":{"emulator":{"name":"dataconnect"},"message":"E0719 04:18:11.938261   13844 watch.go:116] watchAllDir unable to walk dir `c:\\Users\\xbfmp\\OneDrive\\Apps\\HDR_Gallery\\dataconnect`: GetFileAttributesEx c:\\Users\\xbfmp\\OneDrive\\Apps\\HDR_Gallery\\dataconnect: El sistema no puede encontrar el archivo especificado.\n"}}
[debug] [2026-07-19T02:18:11.939Z] E0719 04:18:11.938261   13844 watch.go:40] Failed to load config from "c:\\Users\\xbfmp\\OneDrive\\Apps\\HDR_Gallery\\dataconnect": could not find dataconnect.yaml in `c:\Users\xbfmp\OneDrive\Apps\HDR_Gallery\dataconnect`
 {"metadata":{"emulator":{"name":"dataconnect"},"message":"E0719 04:18:11.938261   13844 watch.go:40] Failed to load config from \"c:\\\\Users\\\\xbfmp\\\\OneDrive\\\\Apps\\\\HDR_Gallery\\\\dataconnect\": could not find dataconnect.yaml in `c:\\Users\\xbfmp\\OneDrive\\Apps\\HDR_Gallery\\dataconnect`\n"}}
[debug] [2026-07-19T02:18:21.938Z] E0719 04:18:21.938260   13844 watch.go:40] Failed to load config from "c:\\Users\\xbfmp\\OneDrive\\Apps\\HDR_Gallery\\dataconnect": could not find dataconnect.yaml in `c:\Users\xbfmp\OneDrive\Apps\HDR_Gallery\dataconnect`
 {"metadata":{"emulator":{"name":"dataconnect"},"message":"E0719 04:18:21.938260   13844 watch.go:40] Failed to load config from \"c:\\\\Users\\\\xbfmp\\\\OneDrive\\\\Apps\\\\HDR_Gallery\\\\dataconnect\": could not find dataconnect.yaml in `c:\\Users\\xbfmp\\OneDrive\\Apps\\HDR_Gallery\\dataconnect`\n"}}
[debug] [2026-07-19T02:18:31.938Z] E0719 04:18:31.938089   13844 watch.go:40] Failed to load config from "c:\\Users\\xbfmp\\OneDrive\\Apps\\HDR_Gallery\\dataconnect": could not find dataconnect.yaml in `c:\Users\xbfmp\OneDrive\Apps\HDR_Gallery\dataconnect`
 {"metadata":{"emulator":{"name":"dataconnect"},"message":"E0719 04:18:31.938089   13844 watch.go:40] Failed to load config from \"c:\\\\Users\\\\xbfmp\\\\OneDrive\\\\Apps\\\\HDR_Gallery\\\\dataconnect\": could not find dataconnect.yaml in `c:\\Users\\xbfmp\\OneDrive\\Apps\\HDR_Gallery\\dataconnect`\n"}}
[debug] [2026-07-19T02:18:41.938Z] E0719 04:18:41.938365   13844 watch.go:40] Failed to load config from "c:\\Users\\xbfmp\\OneDrive\\Apps\\HDR_Gallery\\dataconnect": could not find dataconnect.yaml in `c:\Users\xbfmp\OneDrive\Apps\HDR_Gallery\dataconnect`
 {"metadata":{"emulator":{"name":"dataconnect"},"message":"E0719 04:18:41.938365   13844 watch.go:40] Failed to load config from \"c:\\\\Users\\\\xbfmp\\\\OneDrive\\\\Apps\\\\HDR_Gallery\\\\dataconnect\": could not find dataconnect.yaml in `c:\\Users\\xbfmp\\OneDrive\\Apps\\HDR_Gallery\\dataconnect`\n"}}
[debug] [2026-07-19T02:18:51.938Z] E0719 04:18:51.938132   13844 watch.go:40] Failed to load config from "c:\\Users\\xbfmp\\OneDrive\\Apps\\HDR_Gallery\\dataconnect": could not find dataconnect.yaml in `c:\Users\xbfmp\OneDrive\Apps\HDR_Gallery\dataconnect`
 {"metadata":{"emulator":{"name":"dataconnect"},"message":"E0719 04:18:51.938132   13844 watch.go:40] Failed to load config from \"c:\\\\Users\\\\xbfmp\\\\OneDrive\\\\Apps\\\\HDR_Gallery\\\\dataconnect\": could not find dataconnect.yaml in `c:\\Users\\xbfmp\\OneDrive\\Apps\\HDR_Gallery\\dataconnect`\n"}}
[debug] [2026-07-19T02:19:01.938Z] E0719 04:19:01.938354   13844 watch.go:40] Failed to load config from "c:\\Users\\xbfmp\\OneDrive\\Apps\\HDR_Gallery\\dataconnect": could not find dataconnect.yaml in `c:\Users\xbfmp\OneDrive\Apps\HDR_Gallery\dataconnect`
 {"metadata":{"emulator":{"name":"dataconnect"},"message":"E0719 04:19:01.938354   13844 watch.go:40] Failed to load config from \"c:\\\\Users\\\\xbfmp\\\\OneDrive\\\\Apps\\\\HDR_Gallery\\\\dataconnect\": could not find dataconnect.yaml in `c:\\Users\\xbfmp\\OneDrive\\Apps\\HDR_Gallery\\dataconnect`\n"}}
[debug] [2026-07-19T02:19:11.938Z] E0719 04:19:11.938239   13844 watch.go:116] watchAllDir unable to walk dir `c:\Users\xbfmp\OneDrive\Apps\HDR_Gallery\dataconnect`: GetFileAttributesEx c:\Users\xbfmp\OneDrive\Apps\HDR_Gallery\dataconnect: El sistema no puede encontrar el archivo especificado.
 {"metadata":{"emulator":{"name":"dataconnect"},"message":"E0719 04:19:11.938239   13844 watch.go:116] watchAllDir unable to walk dir `c:\\Users\\xbfmp\\OneDrive\\Apps\\HDR_Gallery\\dataconnect`: GetFileAttributesEx c:\\Users\\xbfmp\\OneDrive\\Apps\\HDR_Gallery\\dataconnect: El sistema no puede encontrar el archivo especificado.\n"}}
[debug] [2026-07-19T02:19:11.939Z] E0719 04:19:11.938239   13844 watch.go:40] Failed to load config from "c:\\Users\\xbfmp\\OneDrive\\Apps\\HDR_Gallery\\dataconnect": could not find dataconnect.yaml in `c:\Users\xbfmp\OneDrive\Apps\HDR_Gallery\dataconnect`
 {"metadata":{"emulator":{"name":"dataconnect"},"message":"E0719 04:19:11.938239   13844 watch.go:40] Failed to load config from \"c:\\\\Users\\\\xbfmp\\\\OneDrive\\\\Apps\\\\HDR_Gallery\\\\dataconnect\": could not find dataconnect.yaml in `c:\\Users\\xbfmp\\OneDrive\\Apps\\HDR_Gallery\\dataconnect`\n"}}
[debug] [2026-07-19T02:19:21.938Z] E0719 04:19:21.938304   13844 watch.go:40] Failed to load config from "c:\\Users\\xbfmp\\OneDrive\\Apps\\HDR_Gallery\\dataconnect": could not find dataconnect.yaml in `c:\Users\xbfmp\OneDrive\Apps\HDR_Gallery\dataconnect`
 {"metadata":{"emulator":{"name":"dataconnect"},"message":"E0719 04:19:21.938304   13844 watch.go:40] Failed to load config from \"c:\\\\Users\\\\xbfmp\\\\OneDrive\\\\Apps\\\\HDR_Gallery\\\\dataconnect\": could not find dataconnect.yaml in `c:\\Users\\xbfmp\\OneDrive\\Apps\\HDR_Gallery\\dataconnect`\n"}}
[debug] [2026-07-19T02:19:31.938Z] E0719 04:19:31.937977   13844 watch.go:40] Failed to load config from "c:\\Users\\xbfmp\\OneDrive\\Apps\\HDR_Gallery\\dataconnect": could not find dataconnect.yaml in `c:\Users\xbfmp\OneDrive\Apps\HDR_Gallery\dataconnect`
 {"metadata":{"emulator":{"name":"dataconnect"},"message":"E0719 04:19:31.937977   13844 watch.go:40] Failed to load config from \"c:\\\\Users\\\\xbfmp\\\\OneDrive\\\\Apps\\\\HDR_Gallery\\\\dataconnect\": could not find dataconnect.yaml in `c:\\Users\\xbfmp\\OneDrive\\Apps\\HDR_Gallery\\dataconnect`\n"}}
[debug] [2026-07-19T02:19:41.938Z] E0719 04:19:41.938085   13844 watch.go:40] Failed to load config from "c:\\Users\\xbfmp\\OneDrive\\Apps\\HDR_Gallery\\dataconnect": could not find dataconnect.yaml in `c:\Users\xbfmp\OneDrive\Apps\HDR_Gallery\dataconnect`
 {"metadata":{"emulator":{"name":"dataconnect"},"message":"E0719 04:19:41.938085   13844 watch.go:40] Failed to load config from \"c:\\\\Users\\\\xbfmp\\\\OneDrive\\\\Apps\\\\HDR_Gallery\\\\dataconnect\": could not find dataconnect.yaml in `c:\\Users\\xbfmp\\OneDrive\\Apps\\HDR_Gallery\\dataconnect`\n"}}
[debug] [2026-07-19T02:19:51.938Z] E0719 04:19:51.938279   13844 watch.go:40] Failed to load config from "c:\\Users\\xbfmp\\OneDrive\\Apps\\HDR_Gallery\\dataconnect": could not find dataconnect.yaml in `c:\Users\xbfmp\OneDrive\Apps\HDR_Gallery\dataconnect`
 {"metadata":{"emulator":{"name":"dataconnect"},"message":"E0719 04:19:51.938279   13844 watch.go:40] Failed to load config from \"c:\\\\Users\\\\xbfmp\\\\OneDrive\\\\Apps\\\\HDR_Gallery\\\\dataconnect\": could not find dataconnect.yaml in `c:\\Users\\xbfmp\\OneDrive\\Apps\\HDR_Gallery\\dataconnect`\n"}}
[debug] [2026-07-19T02:20:01.938Z] E0719 04:20:01.937986   13844 watch.go:40] Failed to load config from "c:\\Users\\xbfmp\\OneDrive\\Apps\\HDR_Gallery\\dataconnect": could not find dataconnect.yaml in `c:\Users\xbfmp\OneDrive\Apps\HDR_Gallery\dataconnect`
 {"metadata":{"emulator":{"name":"dataconnect"},"message":"E0719 04:20:01.937986   13844 watch.go:40] Failed to load config from \"c:\\\\Users\\\\xbfmp\\\\OneDrive\\\\Apps\\\\HDR_Gallery\\\\dataconnect\": could not find dataconnect.yaml in `c:\\Users\\xbfmp\\OneDrive\\Apps\\HDR_Gallery\\dataconnect`\n"}}
[debug] [2026-07-19T02:20:11.938Z] E0719 04:20:11.938289   13844 watch.go:116] watchAllDir unable to walk dir `c:\Users\xbfmp\OneDrive\Apps\HDR_Gallery\dataconnect`: GetFileAttributesEx c:\Users\xbfmp\OneDrive\Apps\HDR_Gallery\dataconnect: El sistema no puede encontrar el archivo especificado.
 {"metadata":{"emulator":{"name":"dataconnect"},"message":"E0719 04:20:11.938289   13844 watch.go:116] watchAllDir unable to walk dir `c:\\Users\\xbfmp\\OneDrive\\Apps\\HDR_Gallery\\dataconnect`: GetFileAttributesEx c:\\Users\\xbfmp\\OneDrive\\Apps\\HDR_Gallery\\dataconnect: El sistema no puede encontrar el archivo especificado.\n"}}
[debug] [2026-07-19T02:20:11.938Z] E0719 04:20:11.938289   13844 watch.go:40] Failed to load config from "c:\\Users\\xbfmp\\OneDrive\\Apps\\HDR_Gallery\\dataconnect": could not find dataconnect.yaml in `c:\Users\xbfmp\OneDrive\Apps\HDR_Gallery\dataconnect`
 {"metadata":{"emulator":{"name":"dataconnect"},"message":"E0719 04:20:11.938289   13844 watch.go:40] Failed to load config from \"c:\\\\Users\\\\xbfmp\\\\OneDrive\\\\Apps\\\\HDR_Gallery\\\\dataconnect\": could not find dataconnect.yaml in `c:\\Users\\xbfmp\\OneDrive\\Apps\\HDR_Gallery\\dataconnect`\n"}}
[debug] [2026-07-19T02:20:21.938Z] E0719 04:20:21.938103   13844 watch.go:40] Failed to load config from "c:\\Users\\xbfmp\\OneDrive\\Apps\\HDR_Gallery\\dataconnect": could not find dataconnect.yaml in `c:\Users\xbfmp\OneDrive\Apps\HDR_Gallery\dataconnect`
 {"metadata":{"emulator":{"name":"dataconnect"},"message":"E0719 04:20:21.938103   13844 watch.go:40] Failed to load config from \"c:\\\\Users\\\\xbfmp\\\\OneDrive\\\\Apps\\\\HDR_Gallery\\\\dataconnect\": could not find dataconnect.yaml in `c:\\Users\\xbfmp\\OneDrive\\Apps\\HDR_Gallery\\dataconnect`\n"}}
[debug] [2026-07-19T02:20:31.938Z] E0719 04:20:31.938111   13844 watch.go:40] Failed to load config from "c:\\Users\\xbfmp\\OneDrive\\Apps\\HDR_Gallery\\dataconnect": could not find dataconnect.yaml in `c:\Users\xbfmp\OneDrive\Apps\HDR_Gallery\dataconnect`
 {"metadata":{"emulator":{"name":"dataconnect"},"message":"E0719 04:20:31.938111   13844 watch.go:40] Failed to load config from \"c:\\\\Users\\\\xbfmp\\\\OneDrive\\\\Apps\\\\HDR_Gallery\\\\dataconnect\": could not find dataconnect.yaml in `c:\\Users\\xbfmp\\OneDrive\\Apps\\HDR_Gallery\\dataconnect`\n"}}
[debug] [2026-07-19T02:20:41.938Z] E0719 04:20:41.938330   13844 watch.go:40] Failed to load config from "c:\\Users\\xbfmp\\OneDrive\\Apps\\HDR_Gallery\\dataconnect": could not find dataconnect.yaml in `c:\Users\xbfmp\OneDrive\Apps\HDR_Gallery\dataconnect`
 {"metadata":{"emulator":{"name":"dataconnect"},"message":"E0719 04:20:41.938330   13844 watch.go:40] Failed to load config from \"c:\\\\Users\\\\xbfmp\\\\OneDrive\\\\Apps\\\\HDR_Gallery\\\\dataconnect\": could not find dataconnect.yaml in `c:\\Users\\xbfmp\\OneDrive\\Apps\\HDR_Gallery\\dataconnect`\n"}}
[debug] [2026-07-19T02:20:51.938Z] E0719 04:20:51.938383   13844 watch.go:40] Failed to load config from "c:\\Users\\xbfmp\\OneDrive\\Apps\\HDR_Gallery\\dataconnect": could not find dataconnect.yaml in `c:\Users\xbfmp\OneDrive\Apps\HDR_Gallery\dataconnect`
 {"metadata":{"emulator":{"name":"dataconnect"},"message":"E0719 04:20:51.938383   13844 watch.go:40] Failed to load config from \"c:\\\\Users\\\\xbfmp\\\\OneDrive\\\\Apps\\\\HDR_Gallery\\\\dataconnect\": could not find dataconnect.yaml in `c:\\Users\\xbfmp\\OneDrive\\Apps\\HDR_Gallery\\dataconnect`\n"}}
[debug] [2026-07-19T02:21:01.938Z] E0719 04:21:01.938210   13844 watch.go:40] Failed to load config from "c:\\Users\\xbfmp\\OneDrive\\Apps\\HDR_Gallery\\dataconnect": could not find dataconnect.yaml in `c:\Users\xbfmp\OneDrive\Apps\HDR_Gallery\dataconnect`
 {"metadata":{"emulator":{"name":"dataconnect"},"message":"E0719 04:21:01.938210   13844 watch.go:40] Failed to load config from \"c:\\\\Users\\\\xbfmp\\\\OneDrive\\\\Apps\\\\HDR_Gallery\\\\dataconnect\": could not find dataconnect.yaml in `c:\\Users\\xbfmp\\OneDrive\\Apps\\HDR_Gallery\\dataconnect`\n"}}
[debug] [2026-07-19T02:21:11.938Z] E0719 04:21:11.938155   13844 watch.go:116] watchAllDir unable to walk dir `c:\Users\xbfmp\OneDrive\Apps\HDR_Gallery\dataconnect`: GetFileAttributesEx c:\Users\xbfmp\OneDrive\Apps\HDR_Gallery\dataconnect: El sistema no puede encontrar el archivo especificado.
 {"metadata":{"emulator":{"name":"dataconnect"},"message":"E0719 04:21:11.938155   13844 watch.go:116] watchAllDir unable to walk dir `c:\\Users\\xbfmp\\OneDrive\\Apps\\HDR_Gallery\\dataconnect`: GetFileAttributesEx c:\\Users\\xbfmp\\OneDrive\\Apps\\HDR_Gallery\\dataconnect: El sistema no puede encontrar el archivo especificado.\n"}}
[debug] [2026-07-19T02:21:11.938Z] E0719 04:21:11.938155   13844 watch.go:40] Failed to load config from "c:\\Users\\xbfmp\\OneDrive\\Apps\\HDR_Gallery\\dataconnect": could not find dataconnect.yaml in `c:\Users\xbfmp\OneDrive\Apps\HDR_Gallery\dataconnect`
 {"metadata":{"emulator":{"name":"dataconnect"},"message":"E0719 04:21:11.938155   13844 watch.go:40] Failed to load config from \"c:\\\\Users\\\\xbfmp\\\\OneDrive\\\\Apps\\\\HDR_Gallery\\\\dataconnect\": could not find dataconnect.yaml in `c:\\Users\\xbfmp\\OneDrive\\Apps\\HDR_Gallery\\dataconnect`\n"}}
[debug] [2026-07-19T02:21:21.938Z] E0719 04:21:21.938159   13844 watch.go:40] Failed to load config from "c:\\Users\\xbfmp\\OneDrive\\Apps\\HDR_Gallery\\dataconnect": could not find dataconnect.yaml in `c:\Users\xbfmp\OneDrive\Apps\HDR_Gallery\dataconnect`
 {"metadata":{"emulator":{"name":"dataconnect"},"message":"E0719 04:21:21.938159   13844 watch.go:40] Failed to load config from \"c:\\\\Users\\\\xbfmp\\\\OneDrive\\\\Apps\\\\HDR_Gallery\\\\dataconnect\": could not find dataconnect.yaml in `c:\\Users\\xbfmp\\OneDrive\\Apps\\HDR_Gallery\\dataconnect`\n"}}
[debug] [2026-07-19T02:21:31.938Z] E0719 04:21:31.938114   13844 watch.go:40] Failed to load config from "c:\\Users\\xbfmp\\OneDrive\\Apps\\HDR_Gallery\\dataconnect": could not find dataconnect.yaml in `c:\Users\xbfmp\OneDrive\Apps\HDR_Gallery\dataconnect`
 {"metadata":{"emulator":{"name":"dataconnect"},"message":"E0719 04:21:31.938114   13844 watch.go:40] Failed to load config from \"c:\\\\Users\\\\xbfmp\\\\OneDrive\\\\Apps\\\\HDR_Gallery\\\\dataconnect\": could not find dataconnect.yaml in `c:\\Users\\xbfmp\\OneDrive\\Apps\\HDR_Gallery\\dataconnect`\n"}}
[debug] [2026-07-19T02:21:41.938Z] E0719 04:21:41.938147   13844 watch.go:40] Failed to load config from "c:\\Users\\xbfmp\\OneDrive\\Apps\\HDR_Gallery\\dataconnect": could not find dataconnect.yaml in `c:\Users\xbfmp\OneDrive\Apps\HDR_Gallery\dataconnect`
 {"metadata":{"emulator":{"name":"dataconnect"},"message":"E0719 04:21:41.938147   13844 watch.go:40] Failed to load config from \"c:\\\\Users\\\\xbfmp\\\\OneDrive\\\\Apps\\\\HDR_Gallery\\\\dataconnect\": could not find dataconnect.yaml in `c:\\Users\\xbfmp\\OneDrive\\Apps\\HDR_Gallery\\dataconnect`\n"}}
[debug] [2026-07-19T02:21:51.938Z] E0719 04:21:51.938351   13844 watch.go:40] Failed to load config from "c:\\Users\\xbfmp\\OneDrive\\Apps\\HDR_Gallery\\dataconnect": could not find dataconnect.yaml in `c:\Users\xbfmp\OneDrive\Apps\HDR_Gallery\dataconnect`
 {"metadata":{"emulator":{"name":"dataconnect"},"message":"E0719 04:21:51.938351   13844 watch.go:40] Failed to load config from \"c:\\\\Users\\\\xbfmp\\\\OneDrive\\\\Apps\\\\HDR_Gallery\\\\dataconnect\": could not find dataconnect.yaml in `c:\\Users\\xbfmp\\OneDrive\\Apps\\HDR_Gallery\\dataconnect`\n"}}
[debug] [2026-07-19T02:22:01.938Z] E0719 04:22:01.938267   13844 watch.go:40] Failed to load config from "c:\\Users\\xbfmp\\OneDrive\\Apps\\HDR_Gallery\\dataconnect": could not find dataconnect.yaml in `c:\Users\xbfmp\OneDrive\Apps\HDR_Gallery\dataconnect`
 {"metadata":{"emulator":{"name":"dataconnect"},"message":"E0719 04:22:01.938267   13844 watch.go:40] Failed to load config from \"c:\\\\Users\\\\xbfmp\\\\OneDrive\\\\Apps\\\\HDR_Gallery\\\\dataconnect\": could not find dataconnect.yaml in `c:\\Users\\xbfmp\\OneDrive\\Apps\\HDR_Gallery\\dataconnect`\n"}}
[debug] [2026-07-19T02:22:11.938Z] E0719 04:22:11.938262   13844 watch.go:116] watchAllDir unable to walk dir `c:\Users\xbfmp\OneDrive\Apps\HDR_Gallery\dataconnect`: GetFileAttributesEx c:\Users\xbfmp\OneDrive\Apps\HDR_Gallery\dataconnect: El sistema no puede encontrar el archivo especificado.
 {"metadata":{"emulator":{"name":"dataconnect"},"message":"E0719 04:22:11.938262   13844 watch.go:116] watchAllDir unable to walk dir `c:\\Users\\xbfmp\\OneDrive\\Apps\\HDR_Gallery\\dataconnect`: GetFileAttributesEx c:\\Users\\xbfmp\\OneDrive\\Apps\\HDR_Gallery\\dataconnect: El sistema no puede encontrar el archivo especificado.\n"}}
[debug] [2026-07-19T02:22:11.938Z] E0719 04:22:11.938262   13844 watch.go:40] Failed to load config from "c:\\Users\\xbfmp\\OneDrive\\Apps\\HDR_Gallery\\dataconnect": could not find dataconnect.yaml in `c:\Users\xbfmp\OneDrive\Apps\HDR_Gallery\dataconnect`
 {"metadata":{"emulator":{"name":"dataconnect"},"message":"E0719 04:22:11.938262   13844 watch.go:40] Failed to load config from \"c:\\\\Users\\\\xbfmp\\\\OneDrive\\\\Apps\\\\HDR_Gallery\\\\dataconnect\": could not find dataconnect.yaml in `c:\\Users\\xbfmp\\OneDrive\\Apps\\HDR_Gallery\\dataconnect`\n"}}
[debug] [2026-07-19T02:22:21.938Z] E0719 04:22:21.938285   13844 watch.go:40] Failed to load config from "c:\\Users\\xbfmp\\OneDrive\\Apps\\HDR_Gallery\\dataconnect": could not find dataconnect.yaml in `c:\Users\xbfmp\OneDrive\Apps\HDR_Gallery\dataconnect`
 {"metadata":{"emulator":{"name":"dataconnect"},"message":"E0719 04:22:21.938285   13844 watch.go:40] Failed to load config from \"c:\\\\Users\\\\xbfmp\\\\OneDrive\\\\Apps\\\\HDR_Gallery\\\\dataconnect\": could not find dataconnect.yaml in `c:\\Users\\xbfmp\\OneDrive\\Apps\\HDR_Gallery\\dataconnect`\n"}}
[debug] [2026-07-19T02:22:31.938Z] E0719 04:22:31.938063   13844 watch.go:40] Failed to load config from "c:\\Users\\xbfmp\\OneDrive\\Apps\\HDR_Gallery\\dataconnect": could not find dataconnect.yaml in `c:\Users\xbfmp\OneDrive\Apps\HDR_Gallery\dataconnect`
 {"metadata":{"emulator":{"name":"dataconnect"},"message":"E0719 04:22:31.938063   13844 watch.go:40] Failed to load config from \"c:\\\\Users\\\\xbfmp\\\\OneDrive\\\\Apps\\\\HDR_Gallery\\\\dataconnect\": could not find dataconnect.yaml in `c:\\Users\\xbfmp\\OneDrive\\Apps\\HDR_Gallery\\dataconnect`\n"}}
[debug] [2026-07-19T02:22:41.938Z] E0719 04:22:41.938033   13844 watch.go:40] Failed to load config from "c:\\Users\\xbfmp\\OneDrive\\Apps\\HDR_Gallery\\dataconnect": could not find dataconnect.yaml in `c:\Users\xbfmp\OneDrive\Apps\HDR_Gallery\dataconnect`
 {"metadata":{"emulator":{"name":"dataconnect"},"message":"E0719 04:22:41.938033   13844 watch.go:40] Failed to load config from \"c:\\\\Users\\\\xbfmp\\\\OneDrive\\\\Apps\\\\HDR_Gallery\\\\dataconnect\": could not find dataconnect.yaml in `c:\\Users\\xbfmp\\OneDrive\\Apps\\HDR_Gallery\\dataconnect`\n"}}
[debug] [2026-07-19T02:22:51.938Z] E0719 04:22:51.937937   13844 watch.go:40] Failed to load config from "c:\\Users\\xbfmp\\OneDrive\\Apps\\HDR_Gallery\\dataconnect": could not find dataconnect.yaml in `c:\Users\xbfmp\OneDrive\Apps\HDR_Gallery\dataconnect`
 {"metadata":{"emulator":{"name":"dataconnect"},"message":"E0719 04:22:51.937937   13844 watch.go:40] Failed to load config from \"c:\\\\Users\\\\xbfmp\\\\OneDrive\\\\Apps\\\\HDR_Gallery\\\\dataconnect\": could not find dataconnect.yaml in `c:\\Users\\xbfmp\\OneDrive\\Apps\\HDR_Gallery\\dataconnect`\n"}}
[debug] [2026-07-19T02:23:01.938Z] E0719 04:23:01.938302   13844 watch.go:40] Failed to load config from "c:\\Users\\xbfmp\\OneDrive\\Apps\\HDR_Gallery\\dataconnect": could not find dataconnect.yaml in `c:\Users\xbfmp\OneDrive\Apps\HDR_Gallery\dataconnect`
 {"metadata":{"emulator":{"name":"dataconnect"},"message":"E0719 04:23:01.938302   13844 watch.go:40] Failed to load config from \"c:\\\\Users\\\\xbfmp\\\\OneDrive\\\\Apps\\\\HDR_Gallery\\\\dataconnect\": could not find dataconnect.yaml in `c:\\Users\\xbfmp\\OneDrive\\Apps\\HDR_Gallery\\dataconnect`\n"}}
[debug] [2026-07-19T02:23:11.938Z] E0719 04:23:11.938131   13844 watch.go:116] watchAllDir unable to walk dir `c:\Users\xbfmp\OneDrive\Apps\HDR_Gallery\dataconnect`: GetFileAttributesEx c:\Users\xbfmp\OneDrive\Apps\HDR_Gallery\dataconnect: El sistema no puede encontrar el archivo especificado.
 {"metadata":{"emulator":{"name":"dataconnect"},"message":"E0719 04:23:11.938131   13844 watch.go:116] watchAllDir unable to walk dir `c:\\Users\\xbfmp\\OneDrive\\Apps\\HDR_Gallery\\dataconnect`: GetFileAttributesEx c:\\Users\\xbfmp\\OneDrive\\Apps\\HDR_Gallery\\dataconnect: El sistema no puede encontrar el archivo especificado.\n"}}
[debug] [2026-07-19T02:23:11.938Z] E0719 04:23:11.938131   13844 watch.go:40] Failed to load config from "c:\\Users\\xbfmp\\OneDrive\\Apps\\HDR_Gallery\\dataconnect": could not find dataconnect.yaml in `c:\Users\xbfmp\OneDrive\Apps\HDR_Gallery\dataconnect`
 {"metadata":{"emulator":{"name":"dataconnect"},"message":"E0719 04:23:11.938131   13844 watch.go:40] Failed to load config from \"c:\\\\Users\\\\xbfmp\\\\OneDrive\\\\Apps\\\\HDR_Gallery\\\\dataconnect\": could not find dataconnect.yaml in `c:\\Users\\xbfmp\\OneDrive\\Apps\\HDR_Gallery\\dataconnect`\n"}}
[debug] [2026-07-19T02:23:21.938Z] E0719 04:23:21.938251   13844 watch.go:40] Failed to load config from "c:\\Users\\xbfmp\\OneDrive\\Apps\\HDR_Gallery\\dataconnect": could not find dataconnect.yaml in `c:\Users\xbfmp\OneDrive\Apps\HDR_Gallery\dataconnect`
 {"metadata":{"emulator":{"name":"dataconnect"},"message":"E0719 04:23:21.938251   13844 watch.go:40] Failed to load config from \"c:\\\\Users\\\\xbfmp\\\\OneDrive\\\\Apps\\\\HDR_Gallery\\\\dataconnect\": could not find dataconnect.yaml in `c:\\Users\\xbfmp\\OneDrive\\Apps\\HDR_Gallery\\dataconnect`\n"}}
[debug] [2026-07-19T02:23:31.938Z] E0719 04:23:31.938070   13844 watch.go:40] Failed to load config from "c:\\Users\\xbfmp\\OneDrive\\Apps\\HDR_Gallery\\dataconnect": could not find dataconnect.yaml in `c:\Users\xbfmp\OneDrive\Apps\HDR_Gallery\dataconnect`
 {"metadata":{"emulator":{"name":"dataconnect"},"message":"E0719 04:23:31.938070   13844 watch.go:40] Failed to load config from \"c:\\\\Users\\\\xbfmp\\\\OneDrive\\\\Apps\\\\HDR_Gallery\\\\dataconnect\": could not find dataconnect.yaml in `c:\\Users\\xbfmp\\OneDrive\\Apps\\HDR_Gallery\\dataconnect`\n"}}
[debug] [2026-07-19T02:23:41.938Z] E0719 04:23:41.938172   13844 watch.go:40] Failed to load config from "c:\\Users\\xbfmp\\OneDrive\\Apps\\HDR_Gallery\\dataconnect": could not find dataconnect.yaml in `c:\Users\xbfmp\OneDrive\Apps\HDR_Gallery\dataconnect`
 {"metadata":{"emulator":{"name":"dataconnect"},"message":"E0719 04:23:41.938172   13844 watch.go:40] Failed to load config from \"c:\\\\Users\\\\xbfmp\\\\OneDrive\\\\Apps\\\\HDR_Gallery\\\\dataconnect\": could not find dataconnect.yaml in `c:\\Users\\xbfmp\\OneDrive\\Apps\\HDR_Gallery\\dataconnect`\n"}}
[debug] [2026-07-19T02:23:51.938Z] E0719 04:23:51.937933   13844 watch.go:40] Failed to load config from "c:\\Users\\xbfmp\\OneDrive\\Apps\\HDR_Gallery\\dataconnect": could not find dataconnect.yaml in `c:\Users\xbfmp\OneDrive\Apps\HDR_Gallery\dataconnect`
 {"metadata":{"emulator":{"name":"dataconnect"},"message":"E0719 04:23:51.937933   13844 watch.go:40] Failed to load config from \"c:\\\\Users\\\\xbfmp\\\\OneDrive\\\\Apps\\\\HDR_Gallery\\\\dataconnect\": could not find dataconnect.yaml in `c:\\Users\\xbfmp\\OneDrive\\Apps\\HDR_Gallery\\dataconnect`\n"}}
[debug] [2026-07-19T02:24:01.938Z] E0719 04:24:01.938047   13844 watch.go:40] Failed to load config from "c:\\Users\\xbfmp\\OneDrive\\Apps\\HDR_Gallery\\dataconnect": could not find dataconnect.yaml in `c:\Users\xbfmp\OneDrive\Apps\HDR_Gallery\dataconnect`
 {"metadata":{"emulator":{"name":"dataconnect"},"message":"E0719 04:24:01.938047   13844 watch.go:40] Failed to load config from \"c:\\\\Users\\\\xbfmp\\\\OneDrive\\\\Apps\\\\HDR_Gallery\\\\dataconnect\": could not find dataconnect.yaml in `c:\\Users\\xbfmp\\OneDrive\\Apps\\HDR_Gallery\\dataconnect`\n"}}
[debug] [2026-07-19T02:24:11.938Z] E0719 04:24:11.938197   13844 watch.go:116] watchAllDir unable to walk dir `c:\Users\xbfmp\OneDrive\Apps\HDR_Gallery\dataconnect`: GetFileAttributesEx c:\Users\xbfmp\OneDrive\Apps\HDR_Gallery\dataconnect: El sistema no puede encontrar el archivo especificado.
 {"metadata":{"emulator":{"name":"dataconnect"},"message":"E0719 04:24:11.938197   13844 watch.go:116] watchAllDir unable to walk dir `c:\\Users\\xbfmp\\OneDrive\\Apps\\HDR_Gallery\\dataconnect`: GetFileAttributesEx c:\\Users\\xbfmp\\OneDrive\\Apps\\HDR_Gallery\\dataconnect: El sistema no puede encontrar el archivo especificado.\n"}}
[debug] [2026-07-19T02:24:11.938Z] E0719 04:24:11.938197   13844 watch.go:40] Failed to load config from "c:\\Users\\xbfmp\\OneDrive\\Apps\\HDR_Gallery\\dataconnect": could not find dataconnect.yaml in `c:\Users\xbfmp\OneDrive\Apps\HDR_Gallery\dataconnect`
 {"metadata":{"emulator":{"name":"dataconnect"},"message":"E0719 04:24:11.938197   13844 watch.go:40] Failed to load config from \"c:\\\\Users\\\\xbfmp\\\\OneDrive\\\\Apps\\\\HDR_Gallery\\\\dataconnect\": could not find dataconnect.yaml in `c:\\Users\\xbfmp\\OneDrive\\Apps\\HDR_Gallery\\dataconnect`\n"}}
[debug] [2026-07-19T02:24:21.938Z] E0719 04:24:21.938081   13844 watch.go:40] Failed to load config from "c:\\Users\\xbfmp\\OneDrive\\Apps\\HDR_Gallery\\dataconnect": could not find dataconnect.yaml in `c:\Users\xbfmp\OneDrive\Apps\HDR_Gallery\dataconnect`
 {"metadata":{"emulator":{"name":"dataconnect"},"message":"E0719 04:24:21.938081   13844 watch.go:40] Failed to load config from \"c:\\\\Users\\\\xbfmp\\\\OneDrive\\\\Apps\\\\HDR_Gallery\\\\dataconnect\": could not find dataconnect.yaml in `c:\\Users\\xbfmp\\OneDrive\\Apps\\HDR_Gallery\\dataconnect`\n"}}
[debug] [2026-07-19T02:24:31.938Z] E0719 04:24:31.938229   13844 watch.go:40] Failed to load config from "c:\\Users\\xbfmp\\OneDrive\\Apps\\HDR_Gallery\\dataconnect": could not find dataconnect.yaml in `c:\Users\xbfmp\OneDrive\Apps\HDR_Gallery\dataconnect`
 {"metadata":{"emulator":{"name":"dataconnect"},"message":"E0719 04:24:31.938229   13844 watch.go:40] Failed to load config from \"c:\\\\Users\\\\xbfmp\\\\OneDrive\\\\Apps\\\\HDR_Gallery\\\\dataconnect\": could not find dataconnect.yaml in `c:\\Users\\xbfmp\\OneDrive\\Apps\\HDR_Gallery\\dataconnect`\n"}}
[debug] [2026-07-19T02:24:41.938Z] E0719 04:24:41.938175   13844 watch.go:40] Failed to load config from "c:\\Users\\xbfmp\\OneDrive\\Apps\\HDR_Gallery\\dataconnect": could not find dataconnect.yaml in `c:\Users\xbfmp\OneDrive\Apps\HDR_Gallery\dataconnect`
 {"metadata":{"emulator":{"name":"dataconnect"},"message":"E0719 04:24:41.938175   13844 watch.go:40] Failed to load config from \"c:\\\\Users\\\\xbfmp\\\\OneDrive\\\\Apps\\\\HDR_Gallery\\\\dataconnect\": could not find dataconnect.yaml in `c:\\Users\\xbfmp\\OneDrive\\Apps\\HDR_Gallery\\dataconnect`\n"}}
[debug] [2026-07-19T02:24:51.938Z] E0719 04:24:51.937890   13844 watch.go:40] Failed to load config from "c:\\Users\\xbfmp\\OneDrive\\Apps\\HDR_Gallery\\dataconnect": could not find dataconnect.yaml in `c:\Users\xbfmp\OneDrive\Apps\HDR_Gallery\dataconnect`
 {"metadata":{"emulator":{"name":"dataconnect"},"message":"E0719 04:24:51.937890   13844 watch.go:40] Failed to load config from \"c:\\\\Users\\\\xbfmp\\\\OneDrive\\\\Apps\\\\HDR_Gallery\\\\dataconnect\": could not find dataconnect.yaml in `c:\\Users\\xbfmp\\OneDrive\\Apps\\HDR_Gallery\\dataconnect`\n"}}
[debug] [2026-07-19T02:25:01.938Z] E0719 04:25:01.938230   13844 watch.go:40] Failed to load config from "c:\\Users\\xbfmp\\OneDrive\\Apps\\HDR_Gallery\\dataconnect": could not find dataconnect.yaml in `c:\Users\xbfmp\OneDrive\Apps\HDR_Gallery\dataconnect`
 {"metadata":{"emulator":{"name":"dataconnect"},"message":"E0719 04:25:01.938230   13844 watch.go:40] Failed to load config from \"c:\\\\Users\\\\xbfmp\\\\OneDrive\\\\Apps\\\\HDR_Gallery\\\\dataconnect\": could not find dataconnect.yaml in `c:\\Users\\xbfmp\\OneDrive\\Apps\\HDR_Gallery\\dataconnect`\n"}}
[debug] [2026-07-19T02:25:11.938Z] E0719 04:25:11.938174   13844 watch.go:116] watchAllDir unable to walk dir `c:\Users\xbfmp\OneDrive\Apps\HDR_Gallery\dataconnect`: GetFileAttributesEx c:\Users\xbfmp\OneDrive\Apps\HDR_Gallery\dataconnect: El sistema no puede encontrar el archivo especificado.
 {"metadata":{"emulator":{"name":"dataconnect"},"message":"E0719 04:25:11.938174   13844 watch.go:116] watchAllDir unable to walk dir `c:\\Users\\xbfmp\\OneDrive\\Apps\\HDR_Gallery\\dataconnect`: GetFileAttributesEx c:\\Users\\xbfmp\\OneDrive\\Apps\\HDR_Gallery\\dataconnect: El sistema no puede encontrar el archivo especificado.\n"}}
[debug] [2026-07-19T02:25:11.938Z] E0719 04:25:11.938174   13844 watch.go:40] Failed to load config from "c:\\Users\\xbfmp\\OneDrive\\Apps\\HDR_Gallery\\dataconnect": could not find dataconnect.yaml in `c:\Users\xbfmp\OneDrive\Apps\HDR_Gallery\dataconnect`
 {"metadata":{"emulator":{"name":"dataconnect"},"message":"E0719 04:25:11.938174   13844 watch.go:40] Failed to load config from \"c:\\\\Users\\\\xbfmp\\\\OneDrive\\\\Apps\\\\HDR_Gallery\\\\dataconnect\": could not find dataconnect.yaml in `c:\\Users\\xbfmp\\OneDrive\\Apps\\HDR_Gallery\\dataconnect`\n"}}
[debug] [2026-07-19T02:25:21.938Z] E0719 04:25:21.938260   13844 watch.go:40] Failed to load config from "c:\\Users\\xbfmp\\OneDrive\\Apps\\HDR_Gallery\\dataconnect": could not find dataconnect.yaml in `c:\Users\xbfmp\OneDrive\Apps\HDR_Gallery\dataconnect`
 {"metadata":{"emulator":{"name":"dataconnect"},"message":"E0719 04:25:21.938260   13844 watch.go:40] Failed to load config from \"c:\\\\Users\\\\xbfmp\\\\OneDrive\\\\Apps\\\\HDR_Gallery\\\\dataconnect\": could not find dataconnect.yaml in `c:\\Users\\xbfmp\\OneDrive\\Apps\\HDR_Gallery\\dataconnect`\n"}}
[debug] [2026-07-19T02:25:31.938Z] E0719 04:25:31.938178   13844 watch.go:40] Failed to load config from "c:\\Users\\xbfmp\\OneDrive\\Apps\\HDR_Gallery\\dataconnect": could not find dataconnect.yaml in `c:\Users\xbfmp\OneDrive\Apps\HDR_Gallery\dataconnect`
 {"metadata":{"emulator":{"name":"dataconnect"},"message":"E0719 04:25:31.938178   13844 watch.go:40] Failed to load config from \"c:\\\\Users\\\\xbfmp\\\\OneDrive\\\\Apps\\\\HDR_Gallery\\\\dataconnect\": could not find dataconnect.yaml in `c:\\Users\\xbfmp\\OneDrive\\Apps\\HDR_Gallery\\dataconnect`\n"}}
[debug] [2026-07-19T02:25:41.938Z] E0719 04:25:41.938507   13844 watch.go:40] Failed to load config from "c:\\Users\\xbfmp\\OneDrive\\Apps\\HDR_Gallery\\dataconnect": could not find dataconnect.yaml in `c:\Users\xbfmp\OneDrive\Apps\HDR_Gallery\dataconnect`
 {"metadata":{"emulator":{"name":"dataconnect"},"message":"E0719 04:25:41.938507   13844 watch.go:40] Failed to load config from \"c:\\\\Users\\\\xbfmp\\\\OneDrive\\\\Apps\\\\HDR_Gallery\\\\dataconnect\": could not find dataconnect.yaml in `c:\\Users\\xbfmp\\OneDrive\\Apps\\HDR_Gallery\\dataconnect`\n"}}
[debug] [2026-07-19T02:25:51.938Z] E0719 04:25:51.938293   13844 watch.go:40] Failed to load config from "c:\\Users\\xbfmp\\OneDrive\\Apps\\HDR_Gallery\\dataconnect": could not find dataconnect.yaml in `c:\Users\xbfmp\OneDrive\Apps\HDR_Gallery\dataconnect`
 {"metadata":{"emulator":{"name":"dataconnect"},"message":"E0719 04:25:51.938293   13844 watch.go:40] Failed to load config from \"c:\\\\Users\\\\xbfmp\\\\OneDrive\\\\Apps\\\\HDR_Gallery\\\\dataconnect\": could not find dataconnect.yaml in `c:\\Users\\xbfmp\\OneDrive\\Apps\\HDR_Gallery\\dataconnect`\n"}}
[debug] [2026-07-19T02:26:01.956Z] E0719 04:26:01.956315   13844 watch.go:40] Failed to load config from "c:\\Users\\xbfmp\\OneDrive\\Apps\\HDR_Gallery\\dataconnect": could not find dataconnect.yaml in `c:\Users\xbfmp\OneDrive\Apps\HDR_Gallery\dataconnect`
 {"metadata":{"emulator":{"name":"dataconnect"},"message":"E0719 04:26:01.956315   13844 watch.go:40] Failed to load config from \"c:\\\\Users\\\\xbfmp\\\\OneDrive\\\\Apps\\\\HDR_Gallery\\\\dataconnect\": could not find dataconnect.yaml in `c:\\Users\\xbfmp\\OneDrive\\Apps\\HDR_Gallery\\dataconnect`\n"}}
[debug] [2026-07-19T02:26:11.938Z] E0719 04:26:11.938400   13844 watch.go:116] watchAllDir unable to walk dir `c:\Users\xbfmp\OneDrive\Apps\HDR_Gallery\dataconnect`: GetFileAttributesEx c:\Users\xbfmp\OneDrive\Apps\HDR_Gallery\dataconnect: El sistema no puede encontrar el archivo especificado.
 {"metadata":{"emulator":{"name":"dataconnect"},"message":"E0719 04:26:11.938400   13844 watch.go:116] watchAllDir unable to walk dir `c:\\Users\\xbfmp\\OneDrive\\Apps\\HDR_Gallery\\dataconnect`: GetFileAttributesEx c:\\Users\\xbfmp\\OneDrive\\Apps\\HDR_Gallery\\dataconnect: El sistema no puede encontrar el archivo especificado.\n"}}
[debug] [2026-07-19T02:26:11.938Z] E0719 04:26:11.938400   13844 watch.go:40] Failed to load config from "c:\\Users\\xbfmp\\OneDrive\\Apps\\HDR_Gallery\\dataconnect": could not find dataconnect.yaml in `c:\Users\xbfmp\OneDrive\Apps\HDR_Gallery\dataconnect`
 {"metadata":{"emulator":{"name":"dataconnect"},"message":"E0719 04:26:11.938400   13844 watch.go:40] Failed to load config from \"c:\\\\Users\\\\xbfmp\\\\OneDrive\\\\Apps\\\\HDR_Gallery\\\\dataconnect\": could not find dataconnect.yaml in `c:\\Users\\xbfmp\\OneDrive\\Apps\\HDR_Gallery\\dataconnect`\n"}}
[debug] [2026-07-19T02:26:21.938Z] E0719 04:26:21.938062   13844 watch.go:40] Failed to load config from "c:\\Users\\xbfmp\\OneDrive\\Apps\\HDR_Gallery\\dataconnect": could not find dataconnect.yaml in `c:\Users\xbfmp\OneDrive\Apps\HDR_Gallery\dataconnect`
 {"metadata":{"emulator":{"name":"dataconnect"},"message":"E0719 04:26:21.938062   13844 watch.go:40] Failed to load config from \"c:\\\\Users\\\\xbfmp\\\\OneDrive\\\\Apps\\\\HDR_Gallery\\\\dataconnect\": could not find dataconnect.yaml in `c:\\Users\\xbfmp\\OneDrive\\Apps\\HDR_Gallery\\dataconnect`\n"}}
[debug] [2026-07-19T02:26:31.938Z] E0719 04:26:31.937901   13844 watch.go:40] Failed to load config from "c:\\Users\\xbfmp\\OneDrive\\Apps\\HDR_Gallery\\dataconnect": could not find dataconnect.yaml in `c:\Users\xbfmp\OneDrive\Apps\HDR_Gallery\dataconnect`
 {"metadata":{"emulator":{"name":"dataconnect"},"message":"E0719 04:26:31.937901   13844 watch.go:40] Failed to load config from \"c:\\\\Users\\\\xbfmp\\\\OneDrive\\\\Apps\\\\HDR_Gallery\\\\dataconnect\": could not find dataconnect.yaml in `c:\\Users\\xbfmp\\OneDrive\\Apps\\HDR_Gallery\\dataconnect`\n"}}
[debug] [2026-07-19T02:26:41.938Z] E0719 04:26:41.937938   13844 watch.go:40] Failed to load config from "c:\\Users\\xbfmp\\OneDrive\\Apps\\HDR_Gallery\\dataconnect": could not find dataconnect.yaml in `c:\Users\xbfmp\OneDrive\Apps\HDR_Gallery\dataconnect`
 {"metadata":{"emulator":{"name":"dataconnect"},"message":"E0719 04:26:41.937938   13844 watch.go:40] Failed to load config from \"c:\\\\Users\\\\xbfmp\\\\OneDrive\\\\Apps\\\\HDR_Gallery\\\\dataconnect\": could not find dataconnect.yaml in `c:\\Users\\xbfmp\\OneDrive\\Apps\\HDR_Gallery\\dataconnect`\n"}}
[debug] [2026-07-19T02:26:51.938Z] E0719 04:26:51.937991   13844 watch.go:40] Failed to load config from "c:\\Users\\xbfmp\\OneDrive\\Apps\\HDR_Gallery\\dataconnect": could not find dataconnect.yaml in `c:\Users\xbfmp\OneDrive\Apps\HDR_Gallery\dataconnect`
 {"metadata":{"emulator":{"name":"dataconnect"},"message":"E0719 04:26:51.937991   13844 watch.go:40] Failed to load config from \"c:\\\\Users\\\\xbfmp\\\\OneDrive\\\\Apps\\\\HDR_Gallery\\\\dataconnect\": could not find dataconnect.yaml in `c:\\Users\\xbfmp\\OneDrive\\Apps\\HDR_Gallery\\dataconnect`\n"}}
[debug] [2026-07-19T02:27:01.938Z] E0719 04:27:01.937920   13844 watch.go:40] Failed to load config from "c:\\Users\\xbfmp\\OneDrive\\Apps\\HDR_Gallery\\dataconnect": could not find dataconnect.yaml in `c:\Users\xbfmp\OneDrive\Apps\HDR_Gallery\dataconnect`
 {"metadata":{"emulator":{"name":"dataconnect"},"message":"E0719 04:27:01.937920   13844 watch.go:40] Failed to load config from \"c:\\\\Users\\\\xbfmp\\\\OneDrive\\\\Apps\\\\HDR_Gallery\\\\dataconnect\": could not find dataconnect.yaml in `c:\\Users\\xbfmp\\OneDrive\\Apps\\HDR_Gallery\\dataconnect`\n"}}
[debug] [2026-07-19T02:27:11.938Z] E0719 04:27:11.938209   13844 watch.go:116] watchAllDir unable to walk dir `c:\Users\xbfmp\OneDrive\Apps\HDR_Gallery\dataconnect`: GetFileAttributesEx c:\Users\xbfmp\OneDrive\Apps\HDR_Gallery\dataconnect: El sistema no puede encontrar el archivo especificado.
 {"metadata":{"emulator":{"name":"dataconnect"},"message":"E0719 04:27:11.938209   13844 watch.go:116] watchAllDir unable to walk dir `c:\\Users\\xbfmp\\OneDrive\\Apps\\HDR_Gallery\\dataconnect`: GetFileAttributesEx c:\\Users\\xbfmp\\OneDrive\\Apps\\HDR_Gallery\\dataconnect: El sistema no puede encontrar el archivo especificado.\n"}}
[debug] [2026-07-19T02:27:11.938Z] E0719 04:27:11.938209   13844 watch.go:40] Failed to load config from "c:\\Users\\xbfmp\\OneDrive\\Apps\\HDR_Gallery\\dataconnect": could not find dataconnect.yaml in `c:\Users\xbfmp\OneDrive\Apps\HDR_Gallery\dataconnect`
 {"metadata":{"emulator":{"name":"dataconnect"},"message":"E0719 04:27:11.938209   13844 watch.go:40] Failed to load config from \"c:\\\\Users\\\\xbfmp\\\\OneDrive\\\\Apps\\\\HDR_Gallery\\\\dataconnect\": could not find dataconnect.yaml in `c:\\Users\\xbfmp\\OneDrive\\Apps\\HDR_Gallery\\dataconnect`\n"}}
[debug] [2026-07-19T02:27:21.938Z] E0719 04:27:21.938425   13844 watch.go:40] Failed to load config from "c:\\Users\\xbfmp\\OneDrive\\Apps\\HDR_Gallery\\dataconnect": could not find dataconnect.yaml in `c:\Users\xbfmp\OneDrive\Apps\HDR_Gallery\dataconnect`
 {"metadata":{"emulator":{"name":"dataconnect"},"message":"E0719 04:27:21.938425   13844 watch.go:40] Failed to load config from \"c:\\\\Users\\\\xbfmp\\\\OneDrive\\\\Apps\\\\HDR_Gallery\\\\dataconnect\": could not find dataconnect.yaml in `c:\\Users\\xbfmp\\OneDrive\\Apps\\HDR_Gallery\\dataconnect`\n"}}
[debug] [2026-07-19T02:27:31.938Z] E0719 04:27:31.938270   13844 watch.go:40] Failed to load config from "c:\\Users\\xbfmp\\OneDrive\\Apps\\HDR_Gallery\\dataconnect": could not find dataconnect.yaml in `c:\Users\xbfmp\OneDrive\Apps\HDR_Gallery\dataconnect`
 {"metadata":{"emulator":{"name":"dataconnect"},"message":"E0719 04:27:31.938270   13844 watch.go:40] Failed to load config from \"c:\\\\Users\\\\xbfmp\\\\OneDrive\\\\Apps\\\\HDR_Gallery\\\\dataconnect\": could not find dataconnect.yaml in `c:\\Users\\xbfmp\\OneDrive\\Apps\\HDR_Gallery\\dataconnect`\n"}}
[debug] [2026-07-19T02:27:41.938Z] E0719 04:27:41.937999   13844 watch.go:40] Failed to load config from "c:\\Users\\xbfmp\\OneDrive\\Apps\\HDR_Gallery\\dataconnect": could not find dataconnect.yaml in `c:\Users\xbfmp\OneDrive\Apps\HDR_Gallery\dataconnect`
 {"metadata":{"emulator":{"name":"dataconnect"},"message":"E0719 04:27:41.937999   13844 watch.go:40] Failed to load config from \"c:\\\\Users\\\\xbfmp\\\\OneDrive\\\\Apps\\\\HDR_Gallery\\\\dataconnect\": could not find dataconnect.yaml in `c:\\Users\\xbfmp\\OneDrive\\Apps\\HDR_Gallery\\dataconnect`\n"}}
[debug] [2026-07-19T02:27:51.938Z] E0719 04:27:51.938311   13844 watch.go:40] Failed to load config from "c:\\Users\\xbfmp\\OneDrive\\Apps\\HDR_Gallery\\dataconnect": could not find dataconnect.yaml in `c:\Users\xbfmp\OneDrive\Apps\HDR_Gallery\dataconnect`
 {"metadata":{"emulator":{"name":"dataconnect"},"message":"E0719 04:27:51.938311   13844 watch.go:40] Failed to load config from \"c:\\\\Users\\\\xbfmp\\\\OneDrive\\\\Apps\\\\HDR_Gallery\\\\dataconnect\": could not find dataconnect.yaml in `c:\\Users\\xbfmp\\OneDrive\\Apps\\HDR_Gallery\\dataconnect`\n"}}
[debug] [2026-07-19T02:28:01.938Z] E0719 04:28:01.938301   13844 watch.go:40] Failed to load config from "c:\\Users\\xbfmp\\OneDrive\\Apps\\HDR_Gallery\\dataconnect": could not find dataconnect.yaml in `c:\Users\xbfmp\OneDrive\Apps\HDR_Gallery\dataconnect`
 {"metadata":{"emulator":{"name":"dataconnect"},"message":"E0719 04:28:01.938301   13844 watch.go:40] Failed to load config from \"c:\\\\Users\\\\xbfmp\\\\OneDrive\\\\Apps\\\\HDR_Gallery\\\\dataconnect\": could not find dataconnect.yaml in `c:\\Users\\xbfmp\\OneDrive\\Apps\\HDR_Gallery\\dataconnect`\n"}}
[debug] [2026-07-19T02:28:11.937Z] E0719 04:28:11.937966   13844 watch.go:116] watchAllDir unable to walk dir `c:\Users\xbfmp\OneDrive\Apps\HDR_Gallery\dataconnect`: GetFileAttributesEx c:\Users\xbfmp\OneDrive\Apps\HDR_Gallery\dataconnect: El sistema no puede encontrar el archivo especificado.
 {"metadata":{"emulator":{"name":"dataconnect"},"message":"E0719 04:28:11.937966   13844 watch.go:116] watchAllDir unable to walk dir `c:\\Users\\xbfmp\\OneDrive\\Apps\\HDR_Gallery\\dataconnect`: GetFileAttributesEx c:\\Users\\xbfmp\\OneDrive\\Apps\\HDR_Gallery\\dataconnect: El sistema no puede encontrar el archivo especificado.\n"}}
[debug] [2026-07-19T02:28:11.938Z] E0719 04:28:11.937966   13844 watch.go:40] Failed to load config from "c:\\Users\\xbfmp\\OneDrive\\Apps\\HDR_Gallery\\dataconnect": could not find dataconnect.yaml in `c:\Users\xbfmp\OneDrive\Apps\HDR_Gallery\dataconnect`
 {"metadata":{"emulator":{"name":"dataconnect"},"message":"E0719 04:28:11.937966   13844 watch.go:40] Failed to load config from \"c:\\\\Users\\\\xbfmp\\\\OneDrive\\\\Apps\\\\HDR_Gallery\\\\dataconnect\": could not find dataconnect.yaml in `c:\\Users\\xbfmp\\OneDrive\\Apps\\HDR_Gallery\\dataconnect`\n"}}
[debug] [2026-07-19T02:28:21.938Z] E0719 04:28:21.938072   13844 watch.go:40] Failed to load config from "c:\\Users\\xbfmp\\OneDrive\\Apps\\HDR_Gallery\\dataconnect": could not find dataconnect.yaml in `c:\Users\xbfmp\OneDrive\Apps\HDR_Gallery\dataconnect`
 {"metadata":{"emulator":{"name":"dataconnect"},"message":"E0719 04:28:21.938072   13844 watch.go:40] Failed to load config from \"c:\\\\Users\\\\xbfmp\\\\OneDrive\\\\Apps\\\\HDR_Gallery\\\\dataconnect\": could not find dataconnect.yaml in `c:\\Users\\xbfmp\\OneDrive\\Apps\\HDR_Gallery\\dataconnect`\n"}}
[debug] [2026-07-19T02:28:31.938Z] E0719 04:28:31.938320   13844 watch.go:40] Failed to load config from "c:\\Users\\xbfmp\\OneDrive\\Apps\\HDR_Gallery\\dataconnect": could not find dataconnect.yaml in `c:\Users\xbfmp\OneDrive\Apps\HDR_Gallery\dataconnect`
 {"metadata":{"emulator":{"name":"dataconnect"},"message":"E0719 04:28:31.938320   13844 watch.go:40] Failed to load config from \"c:\\\\Users\\\\xbfmp\\\\OneDrive\\\\Apps\\\\HDR_Gallery\\\\dataconnect\": could not find dataconnect.yaml in `c:\\Users\\xbfmp\\OneDrive\\Apps\\HDR_Gallery\\dataconnect`\n"}}
[debug] [2026-07-19T02:28:41.937Z] E0719 04:28:41.938108   13844 watch.go:40] Failed to load config from "c:\\Users\\xbfmp\\OneDrive\\Apps\\HDR_Gallery\\dataconnect": could not find dataconnect.yaml in `c:\Users\xbfmp\OneDrive\Apps\HDR_Gallery\dataconnect`
 {"metadata":{"emulator":{"name":"dataconnect"},"message":"E0719 04:28:41.938108   13844 watch.go:40] Failed to load config from \"c:\\\\Users\\\\xbfmp\\\\OneDrive\\\\Apps\\\\HDR_Gallery\\\\dataconnect\": could not find dataconnect.yaml in `c:\\Users\\xbfmp\\OneDrive\\Apps\\HDR_Gallery\\dataconnect`\n"}}
[debug] [2026-07-19T02:28:51.937Z] E0719 04:28:51.937974   13844 watch.go:40] Failed to load config from "c:\\Users\\xbfmp\\OneDrive\\Apps\\HDR_Gallery\\dataconnect": could not find dataconnect.yaml in `c:\Users\xbfmp\OneDrive\Apps\HDR_Gallery\dataconnect`
 {"metadata":{"emulator":{"name":"dataconnect"},"message":"E0719 04:28:51.937974   13844 watch.go:40] Failed to load config from \"c:\\\\Users\\\\xbfmp\\\\OneDrive\\\\Apps\\\\HDR_Gallery\\\\dataconnect\": could not find dataconnect.yaml in `c:\\Users\\xbfmp\\OneDrive\\Apps\\HDR_Gallery\\dataconnect`\n"}}
[debug] [2026-07-19T02:29:01.938Z] E0719 04:29:01.938218   13844 watch.go:40] Failed to load config from "c:\\Users\\xbfmp\\OneDrive\\Apps\\HDR_Gallery\\dataconnect": could not find dataconnect.yaml in `c:\Users\xbfmp\OneDrive\Apps\HDR_Gallery\dataconnect`
 {"metadata":{"emulator":{"name":"dataconnect"},"message":"E0719 04:29:01.938218   13844 watch.go:40] Failed to load config from \"c:\\\\Users\\\\xbfmp\\\\OneDrive\\\\Apps\\\\HDR_Gallery\\\\dataconnect\": could not find dataconnect.yaml in `c:\\Users\\xbfmp\\OneDrive\\Apps\\HDR_Gallery\\dataconnect`\n"}}
[debug] [2026-07-19T02:29:11.937Z] E0719 04:29:11.938066   13844 watch.go:116] watchAllDir unable to walk dir `c:\Users\xbfmp\OneDrive\Apps\HDR_Gallery\dataconnect`: GetFileAttributesEx c:\Users\xbfmp\OneDrive\Apps\HDR_Gallery\dataconnect: El sistema no puede encontrar el archivo especificado.
 {"metadata":{"emulator":{"name":"dataconnect"},"message":"E0719 04:29:11.938066   13844 watch.go:116] watchAllDir unable to walk dir `c:\\Users\\xbfmp\\OneDrive\\Apps\\HDR_Gallery\\dataconnect`: GetFileAttributesEx c:\\Users\\xbfmp\\OneDrive\\Apps\\HDR_Gallery\\dataconnect: El sistema no puede encontrar el archivo especificado.\n"}}
[debug] [2026-07-19T02:29:11.938Z] E0719 04:29:11.938066   13844 watch.go:40] Failed to load config from "c:\\Users\\xbfmp\\OneDrive\\Apps\\HDR_Gallery\\dataconnect": could not find dataconnect.yaml in `c:\Users\xbfmp\OneDrive\Apps\HDR_Gallery\dataconnect`
 {"metadata":{"emulator":{"name":"dataconnect"},"message":"E0719 04:29:11.938066   13844 watch.go:40] Failed to load config from \"c:\\\\Users\\\\xbfmp\\\\OneDrive\\\\Apps\\\\HDR_Gallery\\\\dataconnect\": could not find dataconnect.yaml in `c:\\Users\\xbfmp\\OneDrive\\Apps\\HDR_Gallery\\dataconnect`\n"}}
[debug] [2026-07-19T02:29:21.938Z] E0719 04:29:21.938164   13844 watch.go:40] Failed to load config from "c:\\Users\\xbfmp\\OneDrive\\Apps\\HDR_Gallery\\dataconnect": could not find dataconnect.yaml in `c:\Users\xbfmp\OneDrive\Apps\HDR_Gallery\dataconnect`
 {"metadata":{"emulator":{"name":"dataconnect"},"message":"E0719 04:29:21.938164   13844 watch.go:40] Failed to load config from \"c:\\\\Users\\\\xbfmp\\\\OneDrive\\\\Apps\\\\HDR_Gallery\\\\dataconnect\": could not find dataconnect.yaml in `c:\\Users\\xbfmp\\OneDrive\\Apps\\HDR_Gallery\\dataconnect`\n"}}
[debug] [2026-07-19T02:29:31.937Z] E0719 04:29:31.937940   13844 watch.go:40] Failed to load config from "c:\\Users\\xbfmp\\OneDrive\\Apps\\HDR_Gallery\\dataconnect": could not find dataconnect.yaml in `c:\Users\xbfmp\OneDrive\Apps\HDR_Gallery\dataconnect`
 {"metadata":{"emulator":{"name":"dataconnect"},"message":"E0719 04:29:31.937940   13844 watch.go:40] Failed to load config from \"c:\\\\Users\\\\xbfmp\\\\OneDrive\\\\Apps\\\\HDR_Gallery\\\\dataconnect\": could not find dataconnect.yaml in `c:\\Users\\xbfmp\\OneDrive\\Apps\\HDR_Gallery\\dataconnect`\n"}}
[debug] [2026-07-19T02:29:41.937Z] E0719 04:29:41.937957   13844 watch.go:40] Failed to load config from "c:\\Users\\xbfmp\\OneDrive\\Apps\\HDR_Gallery\\dataconnect": could not find dataconnect.yaml in `c:\Users\xbfmp\OneDrive\Apps\HDR_Gallery\dataconnect`
 {"metadata":{"emulator":{"name":"dataconnect"},"message":"E0719 04:29:41.937957   13844 watch.go:40] Failed to load config from \"c:\\\\Users\\\\xbfmp\\\\OneDrive\\\\Apps\\\\HDR_Gallery\\\\dataconnect\": could not find dataconnect.yaml in `c:\\Users\\xbfmp\\OneDrive\\Apps\\HDR_Gallery\\dataconnect`\n"}}
[debug] [2026-07-19T02:29:51.938Z] E0719 04:29:51.938185   13844 watch.go:40] Failed to load config from "c:\\Users\\xbfmp\\OneDrive\\Apps\\HDR_Gallery\\dataconnect": could not find dataconnect.yaml in `c:\Users\xbfmp\OneDrive\Apps\HDR_Gallery\dataconnect`
 {"metadata":{"emulator":{"name":"dataconnect"},"message":"E0719 04:29:51.938185   13844 watch.go:40] Failed to load config from \"c:\\\\Users\\\\xbfmp\\\\OneDrive\\\\Apps\\\\HDR_Gallery\\\\dataconnect\": could not find dataconnect.yaml in `c:\\Users\\xbfmp\\OneDrive\\Apps\\HDR_Gallery\\dataconnect`\n"}}
[debug] [2026-07-19T02:30:01.938Z] E0719 04:30:01.938264   13844 watch.go:40] Failed to load config from "c:\\Users\\xbfmp\\OneDrive\\Apps\\HDR_Gallery\\dataconnect": could not find dataconnect.yaml in `c:\Users\xbfmp\OneDrive\Apps\HDR_Gallery\dataconnect`
 {"metadata":{"emulator":{"name":"dataconnect"},"message":"E0719 04:30:01.938264   13844 watch.go:40] Failed to load config from \"c:\\\\Users\\\\xbfmp\\\\OneDrive\\\\Apps\\\\HDR_Gallery\\\\dataconnect\": could not find dataconnect.yaml in `c:\\Users\\xbfmp\\OneDrive\\Apps\\HDR_Gallery\\dataconnect`\n"}}
[debug] [2026-07-19T02:30:11.937Z] E0719 04:30:11.938330   13844 watch.go:116] watchAllDir unable to walk dir `c:\Users\xbfmp\OneDrive\Apps\HDR_Gallery\dataconnect`: GetFileAttributesEx c:\Users\xbfmp\OneDrive\Apps\HDR_Gallery\dataconnect: El sistema no puede encontrar el archivo especificado.
 {"metadata":{"emulator":{"name":"dataconnect"},"message":"E0719 04:30:11.938330   13844 watch.go:116] watchAllDir unable to walk dir `c:\\Users\\xbfmp\\OneDrive\\Apps\\HDR_Gallery\\dataconnect`: GetFileAttributesEx c:\\Users\\xbfmp\\OneDrive\\Apps\\HDR_Gallery\\dataconnect: El sistema no puede encontrar el archivo especificado.\n"}}
[debug] [2026-07-19T02:30:11.938Z] E0719 04:30:11.938330   13844 watch.go:40] Failed to load config from "c:\\Users\\xbfmp\\OneDrive\\Apps\\HDR_Gallery\\dataconnect": could not find dataconnect.yaml in `c:\Users\xbfmp\OneDrive\Apps\HDR_Gallery\dataconnect`
 {"metadata":{"emulator":{"name":"dataconnect"},"message":"E0719 04:30:11.938330   13844 watch.go:40] Failed to load config from \"c:\\\\Users\\\\xbfmp\\\\OneDrive\\\\Apps\\\\HDR_Gallery\\\\dataconnect\": could not find dataconnect.yaml in `c:\\Users\\xbfmp\\OneDrive\\Apps\\HDR_Gallery\\dataconnect`\n"}}
[debug] [2026-07-19T02:30:21.937Z] E0719 04:30:21.938196   13844 watch.go:40] Failed to load config from "c:\\Users\\xbfmp\\OneDrive\\Apps\\HDR_Gallery\\dataconnect": could not find dataconnect.yaml in `c:\Users\xbfmp\OneDrive\Apps\HDR_Gallery\dataconnect`
 {"metadata":{"emulator":{"name":"dataconnect"},"message":"E0719 04:30:21.938196   13844 watch.go:40] Failed to load config from \"c:\\\\Users\\\\xbfmp\\\\OneDrive\\\\Apps\\\\HDR_Gallery\\\\dataconnect\": could not find dataconnect.yaml in `c:\\Users\\xbfmp\\OneDrive\\Apps\\HDR_Gallery\\dataconnect`\n"}}
[debug] [2026-07-19T02:30:31.938Z] E0719 04:30:31.938317   13844 watch.go:40] Failed to load config from "c:\\Users\\xbfmp\\OneDrive\\Apps\\HDR_Gallery\\dataconnect": could not find dataconnect.yaml in `c:\Users\xbfmp\OneDrive\Apps\HDR_Gallery\dataconnect`
 {"metadata":{"emulator":{"name":"dataconnect"},"message":"E0719 04:30:31.938317   13844 watch.go:40] Failed to load config from \"c:\\\\Users\\\\xbfmp\\\\OneDrive\\\\Apps\\\\HDR_Gallery\\\\dataconnect\": could not find dataconnect.yaml in `c:\\Users\\xbfmp\\OneDrive\\Apps\\HDR_Gallery\\dataconnect`\n"}}
[debug] [2026-07-19T02:30:41.938Z] E0719 04:30:41.938071   13844 watch.go:40] Failed to load config from "c:\\Users\\xbfmp\\OneDrive\\Apps\\HDR_Gallery\\dataconnect": could not find dataconnect.yaml in `c:\Users\xbfmp\OneDrive\Apps\HDR_Gallery\dataconnect`
 {"metadata":{"emulator":{"name":"dataconnect"},"message":"E0719 04:30:41.938071   13844 watch.go:40] Failed to load config from \"c:\\\\Users\\\\xbfmp\\\\OneDrive\\\\Apps\\\\HDR_Gallery\\\\dataconnect\": could not find dataconnect.yaml in `c:\\Users\\xbfmp\\OneDrive\\Apps\\HDR_Gallery\\dataconnect`\n"}}
[debug] [2026-07-19T02:30:51.938Z] E0719 04:30:51.938380   13844 watch.go:40] Failed to load config from "c:\\Users\\xbfmp\\OneDrive\\Apps\\HDR_Gallery\\dataconnect": could not find dataconnect.yaml in `c:\Users\xbfmp\OneDrive\Apps\HDR_Gallery\dataconnect`
 {"metadata":{"emulator":{"name":"dataconnect"},"message":"E0719 04:30:51.938380   13844 watch.go:40] Failed to load config from \"c:\\\\Users\\\\xbfmp\\\\OneDrive\\\\Apps\\\\HDR_Gallery\\\\dataconnect\": could not find dataconnect.yaml in `c:\\Users\\xbfmp\\OneDrive\\Apps\\HDR_Gallery\\dataconnect`\n"}}
[debug] [2026-07-19T02:31:01.937Z] E0719 04:31:01.937985   13844 watch.go:40] Failed to load config from "c:\\Users\\xbfmp\\OneDrive\\Apps\\HDR_Gallery\\dataconnect": could not find dataconnect.yaml in `c:\Users\xbfmp\OneDrive\Apps\HDR_Gallery\dataconnect`
 {"metadata":{"emulator":{"name":"dataconnect"},"message":"E0719 04:31:01.937985   13844 watch.go:40] Failed to load config from \"c:\\\\Users\\\\xbfmp\\\\OneDrive\\\\Apps\\\\HDR_Gallery\\\\dataconnect\": could not find dataconnect.yaml in `c:\\Users\\xbfmp\\OneDrive\\Apps\\HDR_Gallery\\dataconnect`\n"}}
[debug] [2026-07-19T02:31:11.937Z] E0719 04:31:11.937941   13844 watch.go:116] watchAllDir unable to walk dir `c:\Users\xbfmp\OneDrive\Apps\HDR_Gallery\dataconnect`: GetFileAttributesEx c:\Users\xbfmp\OneDrive\Apps\HDR_Gallery\dataconnect: El sistema no puede encontrar el archivo especificado.
 {"metadata":{"emulator":{"name":"dataconnect"},"message":"E0719 04:31:11.937941   13844 watch.go:116] watchAllDir unable to walk dir `c:\\Users\\xbfmp\\OneDrive\\Apps\\HDR_Gallery\\dataconnect`: GetFileAttributesEx c:\\Users\\xbfmp\\OneDrive\\Apps\\HDR_Gallery\\dataconnect: El sistema no puede encontrar el archivo especificado.\n"}}
[debug] [2026-07-19T02:31:11.938Z] E0719 04:31:11.937941   13844 watch.go:40] Failed to load config from "c:\\Users\\xbfmp\\OneDrive\\Apps\\HDR_Gallery\\dataconnect": could not find dataconnect.yaml in `c:\Users\xbfmp\OneDrive\Apps\HDR_Gallery\dataconnect`
 {"metadata":{"emulator":{"name":"dataconnect"},"message":"E0719 04:31:11.937941   13844 watch.go:40] Failed to load config from \"c:\\\\Users\\\\xbfmp\\\\OneDrive\\\\Apps\\\\HDR_Gallery\\\\dataconnect\": could not find dataconnect.yaml in `c:\\Users\\xbfmp\\OneDrive\\Apps\\HDR_Gallery\\dataconnect`\n"}}
[debug] [2026-07-19T02:31:21.938Z] E0719 04:31:21.938402   13844 watch.go:40] Failed to load config from "c:\\Users\\xbfmp\\OneDrive\\Apps\\HDR_Gallery\\dataconnect": could not find dataconnect.yaml in `c:\Users\xbfmp\OneDrive\Apps\HDR_Gallery\dataconnect`
 {"metadata":{"emulator":{"name":"dataconnect"},"message":"E0719 04:31:21.938402   13844 watch.go:40] Failed to load config from \"c:\\\\Users\\\\xbfmp\\\\OneDrive\\\\Apps\\\\HDR_Gallery\\\\dataconnect\": could not find dataconnect.yaml in `c:\\Users\\xbfmp\\OneDrive\\Apps\\HDR_Gallery\\dataconnect`\n"}}
[debug] [2026-07-19T02:31:31.938Z] E0719 04:31:31.938246   13844 watch.go:40] Failed to load config from "c:\\Users\\xbfmp\\OneDrive\\Apps\\HDR_Gallery\\dataconnect": could not find dataconnect.yaml in `c:\Users\xbfmp\OneDrive\Apps\HDR_Gallery\dataconnect`
 {"metadata":{"emulator":{"name":"dataconnect"},"message":"E0719 04:31:31.938246   13844 watch.go:40] Failed to load config from \"c:\\\\Users\\\\xbfmp\\\\OneDrive\\\\Apps\\\\HDR_Gallery\\\\dataconnect\": could not find dataconnect.yaml in `c:\\Users\\xbfmp\\OneDrive\\Apps\\HDR_Gallery\\dataconnect`\n"}}
[debug] [2026-07-19T02:31:41.938Z] E0719 04:31:41.938138   13844 watch.go:40] Failed to load config from "c:\\Users\\xbfmp\\OneDrive\\Apps\\HDR_Gallery\\dataconnect": could not find dataconnect.yaml in `c:\Users\xbfmp\OneDrive\Apps\HDR_Gallery\dataconnect`
 {"metadata":{"emulator":{"name":"dataconnect"},"message":"E0719 04:31:41.938138   13844 watch.go:40] Failed to load config from \"c:\\\\Users\\\\xbfmp\\\\OneDrive\\\\Apps\\\\HDR_Gallery\\\\dataconnect\": could not find dataconnect.yaml in `c:\\Users\\xbfmp\\OneDrive\\Apps\\HDR_Gallery\\dataconnect`\n"}}
[debug] [2026-07-19T02:31:51.938Z] E0719 04:31:51.938358   13844 watch.go:40] Failed to load config from "c:\\Users\\xbfmp\\OneDrive\\Apps\\HDR_Gallery\\dataconnect": could not find dataconnect.yaml in `c:\Users\xbfmp\OneDrive\Apps\HDR_Gallery\dataconnect`
 {"metadata":{"emulator":{"name":"dataconnect"},"message":"E0719 04:31:51.938358   13844 watch.go:40] Failed to load config from \"c:\\\\Users\\\\xbfmp\\\\OneDrive\\\\Apps\\\\HDR_Gallery\\\\dataconnect\": could not find dataconnect.yaml in `c:\\Users\\xbfmp\\OneDrive\\Apps\\HDR_Gallery\\dataconnect`\n"}}
[debug] [2026-07-19T02:32:01.938Z] E0719 04:32:01.938290   13844 watch.go:40] Failed to load config from "c:\\Users\\xbfmp\\OneDrive\\Apps\\HDR_Gallery\\dataconnect": could not find dataconnect.yaml in `c:\Users\xbfmp\OneDrive\Apps\HDR_Gallery\dataconnect`
 {"metadata":{"emulator":{"name":"dataconnect"},"message":"E0719 04:32:01.938290   13844 watch.go:40] Failed to load config from \"c:\\\\Users\\\\xbfmp\\\\OneDrive\\\\Apps\\\\HDR_Gallery\\\\dataconnect\": could not find dataconnect.yaml in `c:\\Users\\xbfmp\\OneDrive\\Apps\\HDR_Gallery\\dataconnect`\n"}}
[debug] [2026-07-19T02:32:11.938Z] E0719 04:32:11.938313   13844 watch.go:116] watchAllDir unable to walk dir `c:\Users\xbfmp\OneDrive\Apps\HDR_Gallery\dataconnect`: GetFileAttributesEx c:\Users\xbfmp\OneDrive\Apps\HDR_Gallery\dataconnect: El sistema no puede encontrar el archivo especificado.
 {"metadata":{"emulator":{"name":"dataconnect"},"message":"E0719 04:32:11.938313   13844 watch.go:116] watchAllDir unable to walk dir `c:\\Users\\xbfmp\\OneDrive\\Apps\\HDR_Gallery\\dataconnect`: GetFileAttributesEx c:\\Users\\xbfmp\\OneDrive\\Apps\\HDR_Gallery\\dataconnect: El sistema no puede encontrar el archivo especificado.\n"}}
[debug] [2026-07-19T02:32:11.938Z] E0719 04:32:11.938313   13844 watch.go:40] Failed to load config from "c:\\Users\\xbfmp\\OneDrive\\Apps\\HDR_Gallery\\dataconnect": could not find dataconnect.yaml in `c:\Users\xbfmp\OneDrive\Apps\HDR_Gallery\dataconnect`
 {"metadata":{"emulator":{"name":"dataconnect"},"message":"E0719 04:32:11.938313   13844 watch.go:40] Failed to load config from \"c:\\\\Users\\\\xbfmp\\\\OneDrive\\\\Apps\\\\HDR_Gallery\\\\dataconnect\": could not find dataconnect.yaml in `c:\\Users\\xbfmp\\OneDrive\\Apps\\HDR_Gallery\\dataconnect`\n"}}
[debug] [2026-07-19T02:32:21.937Z] E0719 04:32:21.937997   13844 watch.go:40] Failed to load config from "c:\\Users\\xbfmp\\OneDrive\\Apps\\HDR_Gallery\\dataconnect": could not find dataconnect.yaml in `c:\Users\xbfmp\OneDrive\Apps\HDR_Gallery\dataconnect`
 {"metadata":{"emulator":{"name":"dataconnect"},"message":"E0719 04:32:21.937997   13844 watch.go:40] Failed to load config from \"c:\\\\Users\\\\xbfmp\\\\OneDrive\\\\Apps\\\\HDR_Gallery\\\\dataconnect\": could not find dataconnect.yaml in `c:\\Users\\xbfmp\\OneDrive\\Apps\\HDR_Gallery\\dataconnect`\n"}}
[debug] [2026-07-19T02:32:31.938Z] E0719 04:32:31.938209   13844 watch.go:40] Failed to load config from "c:\\Users\\xbfmp\\OneDrive\\Apps\\HDR_Gallery\\dataconnect": could not find dataconnect.yaml in `c:\Users\xbfmp\OneDrive\Apps\HDR_Gallery\dataconnect`
 {"metadata":{"emulator":{"name":"dataconnect"},"message":"E0719 04:32:31.938209   13844 watch.go:40] Failed to load config from \"c:\\\\Users\\\\xbfmp\\\\OneDrive\\\\Apps\\\\HDR_Gallery\\\\dataconnect\": could not find dataconnect.yaml in `c:\\Users\\xbfmp\\OneDrive\\Apps\\HDR_Gallery\\dataconnect`\n"}}
[debug] [2026-07-19T02:32:41.938Z] E0719 04:32:41.938358   13844 watch.go:40] Failed to load config from "c:\\Users\\xbfmp\\OneDrive\\Apps\\HDR_Gallery\\dataconnect": could not find dataconnect.yaml in `c:\Users\xbfmp\OneDrive\Apps\HDR_Gallery\dataconnect`
 {"metadata":{"emulator":{"name":"dataconnect"},"message":"E0719 04:32:41.938358   13844 watch.go:40] Failed to load config from \"c:\\\\Users\\\\xbfmp\\\\OneDrive\\\\Apps\\\\HDR_Gallery\\\\dataconnect\": could not find dataconnect.yaml in `c:\\Users\\xbfmp\\OneDrive\\Apps\\HDR_Gallery\\dataconnect`\n"}}
[debug] [2026-07-19T02:32:51.938Z] E0719 04:32:51.938156   13844 watch.go:40] Failed to load config from "c:\\Users\\xbfmp\\OneDrive\\Apps\\HDR_Gallery\\dataconnect": could not find dataconnect.yaml in `c:\Users\xbfmp\OneDrive\Apps\HDR_Gallery\dataconnect`
 {"metadata":{"emulator":{"name":"dataconnect"},"message":"E0719 04:32:51.938156   13844 watch.go:40] Failed to load config from \"c:\\\\Users\\\\xbfmp\\\\OneDrive\\\\Apps\\\\HDR_Gallery\\\\dataconnect\": could not find dataconnect.yaml in `c:\\Users\\xbfmp\\OneDrive\\Apps\\HDR_Gallery\\dataconnect`\n"}}
[debug] [2026-07-19T02:33:01.938Z] E0719 04:33:01.938194   13844 watch.go:40] Failed to load config from "c:\\Users\\xbfmp\\OneDrive\\Apps\\HDR_Gallery\\dataconnect": could not find dataconnect.yaml in `c:\Users\xbfmp\OneDrive\Apps\HDR_Gallery\dataconnect`
 {"metadata":{"emulator":{"name":"dataconnect"},"message":"E0719 04:33:01.938194   13844 watch.go:40] Failed to load config from \"c:\\\\Users\\\\xbfmp\\\\OneDrive\\\\Apps\\\\HDR_Gallery\\\\dataconnect\": could not find dataconnect.yaml in `c:\\Users\\xbfmp\\OneDrive\\Apps\\HDR_Gallery\\dataconnect`\n"}}
[debug] [2026-07-19T02:33:11.937Z] E0719 04:33:11.937999   13844 watch.go:116] watchAllDir unable to walk dir `c:\Users\xbfmp\OneDrive\Apps\HDR_Gallery\dataconnect`: GetFileAttributesEx c:\Users\xbfmp\OneDrive\Apps\HDR_Gallery\dataconnect: El sistema no puede encontrar el archivo especificado.
 {"metadata":{"emulator":{"name":"dataconnect"},"message":"E0719 04:33:11.937999   13844 watch.go:116] watchAllDir unable to walk dir `c:\\Users\\xbfmp\\OneDrive\\Apps\\HDR_Gallery\\dataconnect`: GetFileAttributesEx c:\\Users\\xbfmp\\OneDrive\\Apps\\HDR_Gallery\\dataconnect: El sistema no puede encontrar el archivo especificado.\n"}}
[debug] [2026-07-19T02:33:11.938Z] E0719 04:33:11.937999   13844 watch.go:40] Failed to load config from "c:\\Users\\xbfmp\\OneDrive\\Apps\\HDR_Gallery\\dataconnect": could not find dataconnect.yaml in `c:\Users\xbfmp\OneDrive\Apps\HDR_Gallery\dataconnect`
 {"metadata":{"emulator":{"name":"dataconnect"},"message":"E0719 04:33:11.937999   13844 watch.go:40] Failed to load config from \"c:\\\\Users\\\\xbfmp\\\\OneDrive\\\\Apps\\\\HDR_Gallery\\\\dataconnect\": could not find dataconnect.yaml in `c:\\Users\\xbfmp\\OneDrive\\Apps\\HDR_Gallery\\dataconnect`\n"}}
[debug] [2026-07-19T02:33:21.938Z] E0719 04:33:21.938288   13844 watch.go:40] Failed to load config from "c:\\Users\\xbfmp\\OneDrive\\Apps\\HDR_Gallery\\dataconnect": could not find dataconnect.yaml in `c:\Users\xbfmp\OneDrive\Apps\HDR_Gallery\dataconnect`
 {"metadata":{"emulator":{"name":"dataconnect"},"message":"E0719 04:33:21.938288   13844 watch.go:40] Failed to load config from \"c:\\\\Users\\\\xbfmp\\\\OneDrive\\\\Apps\\\\HDR_Gallery\\\\dataconnect\": could not find dataconnect.yaml in `c:\\Users\\xbfmp\\OneDrive\\Apps\\HDR_Gallery\\dataconnect`\n"}}
[debug] [2026-07-19T02:33:31.937Z] E0719 04:33:31.938042   13844 watch.go:40] Failed to load config from "c:\\Users\\xbfmp\\OneDrive\\Apps\\HDR_Gallery\\dataconnect": could not find dataconnect.yaml in `c:\Users\xbfmp\OneDrive\Apps\HDR_Gallery\dataconnect`
 {"metadata":{"emulator":{"name":"dataconnect"},"message":"E0719 04:33:31.938042   13844 watch.go:40] Failed to load config from \"c:\\\\Users\\\\xbfmp\\\\OneDrive\\\\Apps\\\\HDR_Gallery\\\\dataconnect\": could not find dataconnect.yaml in `c:\\Users\\xbfmp\\OneDrive\\Apps\\HDR_Gallery\\dataconnect`\n"}}
[debug] [2026-07-19T02:33:41.938Z] E0719 04:33:41.938255   13844 watch.go:40] Failed to load config from "c:\\Users\\xbfmp\\OneDrive\\Apps\\HDR_Gallery\\dataconnect": could not find dataconnect.yaml in `c:\Users\xbfmp\OneDrive\Apps\HDR_Gallery\dataconnect`
 {"metadata":{"emulator":{"name":"dataconnect"},"message":"E0719 04:33:41.938255   13844 watch.go:40] Failed to load config from \"c:\\\\Users\\\\xbfmp\\\\OneDrive\\\\Apps\\\\HDR_Gallery\\\\dataconnect\": could not find dataconnect.yaml in `c:\\Users\\xbfmp\\OneDrive\\Apps\\HDR_Gallery\\dataconnect`\n"}}
[debug] [2026-07-19T02:33:51.938Z] E0719 04:33:51.938279   13844 watch.go:40] Failed to load config from "c:\\Users\\xbfmp\\OneDrive\\Apps\\HDR_Gallery\\dataconnect": could not find dataconnect.yaml in `c:\Users\xbfmp\OneDrive\Apps\HDR_Gallery\dataconnect`
 {"metadata":{"emulator":{"name":"dataconnect"},"message":"E0719 04:33:51.938279   13844 watch.go:40] Failed to load config from \"c:\\\\Users\\\\xbfmp\\\\OneDrive\\\\Apps\\\\HDR_Gallery\\\\dataconnect\": could not find dataconnect.yaml in `c:\\Users\\xbfmp\\OneDrive\\Apps\\HDR_Gallery\\dataconnect`\n"}}
[debug] [2026-07-19T02:34:01.938Z] E0719 04:34:01.938342   13844 watch.go:40] Failed to load config from "c:\\Users\\xbfmp\\OneDrive\\Apps\\HDR_Gallery\\dataconnect": could not find dataconnect.yaml in `c:\Users\xbfmp\OneDrive\Apps\HDR_Gallery\dataconnect`
 {"metadata":{"emulator":{"name":"dataconnect"},"message":"E0719 04:34:01.938342   13844 watch.go:40] Failed to load config from \"c:\\\\Users\\\\xbfmp\\\\OneDrive\\\\Apps\\\\HDR_Gallery\\\\dataconnect\": could not find dataconnect.yaml in `c:\\Users\\xbfmp\\OneDrive\\Apps\\HDR_Gallery\\dataconnect`\n"}}
[debug] [2026-07-19T02:34:11.938Z] E0719 04:34:11.938128   13844 watch.go:116] watchAllDir unable to walk dir `c:\Users\xbfmp\OneDrive\Apps\HDR_Gallery\dataconnect`: GetFileAttributesEx c:\Users\xbfmp\OneDrive\Apps\HDR_Gallery\dataconnect: El sistema no puede encontrar el archivo especificado.
 {"metadata":{"emulator":{"name":"dataconnect"},"message":"E0719 04:34:11.938128   13844 watch.go:116] watchAllDir unable to walk dir `c:\\Users\\xbfmp\\OneDrive\\Apps\\HDR_Gallery\\dataconnect`: GetFileAttributesEx c:\\Users\\xbfmp\\OneDrive\\Apps\\HDR_Gallery\\dataconnect: El sistema no puede encontrar el archivo especificado.\n"}}
[debug] [2026-07-19T02:34:11.939Z] E0719 04:34:11.938128   13844 watch.go:40] Failed to load config from "c:\\Users\\xbfmp\\OneDrive\\Apps\\HDR_Gallery\\dataconnect": could not find dataconnect.yaml in `c:\Users\xbfmp\OneDrive\Apps\HDR_Gallery\dataconnect`
 {"metadata":{"emulator":{"name":"dataconnect"},"message":"E0719 04:34:11.938128   13844 watch.go:40] Failed to load config from \"c:\\\\Users\\\\xbfmp\\\\OneDrive\\\\Apps\\\\HDR_Gallery\\\\dataconnect\": could not find dataconnect.yaml in `c:\\Users\\xbfmp\\OneDrive\\Apps\\HDR_Gallery\\dataconnect`\n"}}
[debug] [2026-07-19T02:34:21.938Z] E0719 04:34:21.938065   13844 watch.go:40] Failed to load config from "c:\\Users\\xbfmp\\OneDrive\\Apps\\HDR_Gallery\\dataconnect": could not find dataconnect.yaml in `c:\Users\xbfmp\OneDrive\Apps\HDR_Gallery\dataconnect`
 {"metadata":{"emulator":{"name":"dataconnect"},"message":"E0719 04:34:21.938065   13844 watch.go:40] Failed to load config from \"c:\\\\Users\\\\xbfmp\\\\OneDrive\\\\Apps\\\\HDR_Gallery\\\\dataconnect\": could not find dataconnect.yaml in `c:\\Users\\xbfmp\\OneDrive\\Apps\\HDR_Gallery\\dataconnect`\n"}}
[debug] [2026-07-19T02:34:31.938Z] E0719 04:34:31.938293   13844 watch.go:40] Failed to load config from "c:\\Users\\xbfmp\\OneDrive\\Apps\\HDR_Gallery\\dataconnect": could not find dataconnect.yaml in `c:\Users\xbfmp\OneDrive\Apps\HDR_Gallery\dataconnect`
 {"metadata":{"emulator":{"name":"dataconnect"},"message":"E0719 04:34:31.938293   13844 watch.go:40] Failed to load config from \"c:\\\\Users\\\\xbfmp\\\\OneDrive\\\\Apps\\\\HDR_Gallery\\\\dataconnect\": could not find dataconnect.yaml in `c:\\Users\\xbfmp\\OneDrive\\Apps\\HDR_Gallery\\dataconnect`\n"}}
[debug] [2026-07-19T02:34:41.938Z] E0719 04:34:41.938037   13844 watch.go:40] Failed to load config from "c:\\Users\\xbfmp\\OneDrive\\Apps\\HDR_Gallery\\dataconnect": could not find dataconnect.yaml in `c:\Users\xbfmp\OneDrive\Apps\HDR_Gallery\dataconnect`
 {"metadata":{"emulator":{"name":"dataconnect"},"message":"E0719 04:34:41.938037   13844 watch.go:40] Failed to load config from \"c:\\\\Users\\\\xbfmp\\\\OneDrive\\\\Apps\\\\HDR_Gallery\\\\dataconnect\": could not find dataconnect.yaml in `c:\\Users\\xbfmp\\OneDrive\\Apps\\HDR_Gallery\\dataconnect`\n"}}
[debug] [2026-07-19T02:34:51.937Z] E0719 04:34:51.938092   13844 watch.go:40] Failed to load config from "c:\\Users\\xbfmp\\OneDrive\\Apps\\HDR_Gallery\\dataconnect": could not find dataconnect.yaml in `c:\Users\xbfmp\OneDrive\Apps\HDR_Gallery\dataconnect`
 {"metadata":{"emulator":{"name":"dataconnect"},"message":"E0719 04:34:51.938092   13844 watch.go:40] Failed to load config from \"c:\\\\Users\\\\xbfmp\\\\OneDrive\\\\Apps\\\\HDR_Gallery\\\\dataconnect\": could not find dataconnect.yaml in `c:\\Users\\xbfmp\\OneDrive\\Apps\\HDR_Gallery\\dataconnect`\n"}}
[debug] [2026-07-19T02:35:01.937Z] E0719 04:35:01.937992   13844 watch.go:40] Failed to load config from "c:\\Users\\xbfmp\\OneDrive\\Apps\\HDR_Gallery\\dataconnect": could not find dataconnect.yaml in `c:\Users\xbfmp\OneDrive\Apps\HDR_Gallery\dataconnect`
 {"metadata":{"emulator":{"name":"dataconnect"},"message":"E0719 04:35:01.937992   13844 watch.go:40] Failed to load config from \"c:\\\\Users\\\\xbfmp\\\\OneDrive\\\\Apps\\\\HDR_Gallery\\\\dataconnect\": could not find dataconnect.yaml in `c:\\Users\\xbfmp\\OneDrive\\Apps\\HDR_Gallery\\dataconnect`\n"}}
[debug] [2026-07-19T02:35:11.938Z] E0719 04:35:11.938309   13844 watch.go:116] watchAllDir unable to walk dir `c:\Users\xbfmp\OneDrive\Apps\HDR_Gallery\dataconnect`: GetFileAttributesEx c:\Users\xbfmp\OneDrive\Apps\HDR_Gallery\dataconnect: El sistema no puede encontrar el archivo especificado.
 {"metadata":{"emulator":{"name":"dataconnect"},"message":"E0719 04:35:11.938309   13844 watch.go:116] watchAllDir unable to walk dir `c:\\Users\\xbfmp\\OneDrive\\Apps\\HDR_Gallery\\dataconnect`: GetFileAttributesEx c:\\Users\\xbfmp\\OneDrive\\Apps\\HDR_Gallery\\dataconnect: El sistema no puede encontrar el archivo especificado.\n"}}
[debug] [2026-07-19T02:35:11.938Z] E0719 04:35:11.938309   13844 watch.go:40] Failed to load config from "c:\\Users\\xbfmp\\OneDrive\\Apps\\HDR_Gallery\\dataconnect": could not find dataconnect.yaml in `c:\Users\xbfmp\OneDrive\Apps\HDR_Gallery\dataconnect`
 {"metadata":{"emulator":{"name":"dataconnect"},"message":"E0719 04:35:11.938309   13844 watch.go:40] Failed to load config from \"c:\\\\Users\\\\xbfmp\\\\OneDrive\\\\Apps\\\\HDR_Gallery\\\\dataconnect\": could not find dataconnect.yaml in `c:\\Users\\xbfmp\\OneDrive\\Apps\\HDR_Gallery\\dataconnect`\n"}}
[debug] [2026-07-19T02:35:21.937Z] E0719 04:35:21.938043   13844 watch.go:40] Failed to load config from "c:\\Users\\xbfmp\\OneDrive\\Apps\\HDR_Gallery\\dataconnect": could not find dataconnect.yaml in `c:\Users\xbfmp\OneDrive\Apps\HDR_Gallery\dataconnect`
 {"metadata":{"emulator":{"name":"dataconnect"},"message":"E0719 04:35:21.938043   13844 watch.go:40] Failed to load config from \"c:\\\\Users\\\\xbfmp\\\\OneDrive\\\\Apps\\\\HDR_Gallery\\\\dataconnect\": could not find dataconnect.yaml in `c:\\Users\\xbfmp\\OneDrive\\Apps\\HDR_Gallery\\dataconnect`\n"}}
[debug] [2026-07-19T02:35:31.938Z] E0719 04:35:31.938342   13844 watch.go:40] Failed to load config from "c:\\Users\\xbfmp\\OneDrive\\Apps\\HDR_Gallery\\dataconnect": could not find dataconnect.yaml in `c:\Users\xbfmp\OneDrive\Apps\HDR_Gallery\dataconnect`
 {"metadata":{"emulator":{"name":"dataconnect"},"message":"E0719 04:35:31.938342   13844 watch.go:40] Failed to load config from \"c:\\\\Users\\\\xbfmp\\\\OneDrive\\\\Apps\\\\HDR_Gallery\\\\dataconnect\": could not find dataconnect.yaml in `c:\\Users\\xbfmp\\OneDrive\\Apps\\HDR_Gallery\\dataconnect`\n"}}
[debug] [2026-07-19T02:35:41.938Z] E0719 04:35:41.938317   13844 watch.go:40] Failed to load config from "c:\\Users\\xbfmp\\OneDrive\\Apps\\HDR_Gallery\\dataconnect": could not find dataconnect.yaml in `c:\Users\xbfmp\OneDrive\Apps\HDR_Gallery\dataconnect`
 {"metadata":{"emulator":{"name":"dataconnect"},"message":"E0719 04:35:41.938317   13844 watch.go:40] Failed to load config from \"c:\\\\Users\\\\xbfmp\\\\OneDrive\\\\Apps\\\\HDR_Gallery\\\\dataconnect\": could not find dataconnect.yaml in `c:\\Users\\xbfmp\\OneDrive\\Apps\\HDR_Gallery\\dataconnect`\n"}}
[debug] [2026-07-19T02:35:51.937Z] E0719 04:35:51.938138   13844 watch.go:40] Failed to load config from "c:\\Users\\xbfmp\\OneDrive\\Apps\\HDR_Gallery\\dataconnect": could not find dataconnect.yaml in `c:\Users\xbfmp\OneDrive\Apps\HDR_Gallery\dataconnect`
 {"metadata":{"emulator":{"name":"dataconnect"},"message":"E0719 04:35:51.938138   13844 watch.go:40] Failed to load config from \"c:\\\\Users\\\\xbfmp\\\\OneDrive\\\\Apps\\\\HDR_Gallery\\\\dataconnect\": could not find dataconnect.yaml in `c:\\Users\\xbfmp\\OneDrive\\Apps\\HDR_Gallery\\dataconnect`\n"}}
[debug] [2026-07-19T02:36:01.938Z] E0719 04:36:01.938314   13844 watch.go:40] Failed to load config from "c:\\Users\\xbfmp\\OneDrive\\Apps\\HDR_Gallery\\dataconnect": could not find dataconnect.yaml in `c:\Users\xbfmp\OneDrive\Apps\HDR_Gallery\dataconnect`
 {"metadata":{"emulator":{"name":"dataconnect"},"message":"E0719 04:36:01.938314   13844 watch.go:40] Failed to load config from \"c:\\\\Users\\\\xbfmp\\\\OneDrive\\\\Apps\\\\HDR_Gallery\\\\dataconnect\": could not find dataconnect.yaml in `c:\\Users\\xbfmp\\OneDrive\\Apps\\HDR_Gallery\\dataconnect`\n"}}
[debug] [2026-07-19T02:36:11.937Z] E0719 04:36:11.938318   13844 watch.go:116] watchAllDir unable to walk dir `c:\Users\xbfmp\OneDrive\Apps\HDR_Gallery\dataconnect`: GetFileAttributesEx c:\Users\xbfmp\OneDrive\Apps\HDR_Gallery\dataconnect: El sistema no puede encontrar el archivo especificado.
 {"metadata":{"emulator":{"name":"dataconnect"},"message":"E0719 04:36:11.938318   13844 watch.go:116] watchAllDir unable to walk dir `c:\\Users\\xbfmp\\OneDrive\\Apps\\HDR_Gallery\\dataconnect`: GetFileAttributesEx c:\\Users\\xbfmp\\OneDrive\\Apps\\HDR_Gallery\\dataconnect: El sistema no puede encontrar el archivo especificado.\n"}}
[debug] [2026-07-19T02:36:11.938Z] E0719 04:36:11.938318   13844 watch.go:40] Failed to load config from "c:\\Users\\xbfmp\\OneDrive\\Apps\\HDR_Gallery\\dataconnect": could not find dataconnect.yaml in `c:\Users\xbfmp\OneDrive\Apps\HDR_Gallery\dataconnect`
 {"metadata":{"emulator":{"name":"dataconnect"},"message":"E0719 04:36:11.938318   13844 watch.go:40] Failed to load config from \"c:\\\\Users\\\\xbfmp\\\\OneDrive\\\\Apps\\\\HDR_Gallery\\\\dataconnect\": could not find dataconnect.yaml in `c:\\Users\\xbfmp\\OneDrive\\Apps\\HDR_Gallery\\dataconnect`\n"}}
[debug] [2026-07-19T02:36:21.938Z] E0719 04:36:21.938377   13844 watch.go:40] Failed to load config from "c:\\Users\\xbfmp\\OneDrive\\Apps\\HDR_Gallery\\dataconnect": could not find dataconnect.yaml in `c:\Users\xbfmp\OneDrive\Apps\HDR_Gallery\dataconnect`
 {"metadata":{"emulator":{"name":"dataconnect"},"message":"E0719 04:36:21.938377   13844 watch.go:40] Failed to load config from \"c:\\\\Users\\\\xbfmp\\\\OneDrive\\\\Apps\\\\HDR_Gallery\\\\dataconnect\": could not find dataconnect.yaml in `c:\\Users\\xbfmp\\OneDrive\\Apps\\HDR_Gallery\\dataconnect`\n"}}
[debug] [2026-07-19T02:36:31.938Z] E0719 04:36:31.938201   13844 watch.go:40] Failed to load config from "c:\\Users\\xbfmp\\OneDrive\\Apps\\HDR_Gallery\\dataconnect": could not find dataconnect.yaml in `c:\Users\xbfmp\OneDrive\Apps\HDR_Gallery\dataconnect`
 {"metadata":{"emulator":{"name":"dataconnect"},"message":"E0719 04:36:31.938201   13844 watch.go:40] Failed to load config from \"c:\\\\Users\\\\xbfmp\\\\OneDrive\\\\Apps\\\\HDR_Gallery\\\\dataconnect\": could not find dataconnect.yaml in `c:\\Users\\xbfmp\\OneDrive\\Apps\\HDR_Gallery\\dataconnect`\n"}}
[debug] [2026-07-19T02:36:41.937Z] E0719 04:36:41.937936   13844 watch.go:40] Failed to load config from "c:\\Users\\xbfmp\\OneDrive\\Apps\\HDR_Gallery\\dataconnect": could not find dataconnect.yaml in `c:\Users\xbfmp\OneDrive\Apps\HDR_Gallery\dataconnect`
 {"metadata":{"emulator":{"name":"dataconnect"},"message":"E0719 04:36:41.937936   13844 watch.go:40] Failed to load config from \"c:\\\\Users\\\\xbfmp\\\\OneDrive\\\\Apps\\\\HDR_Gallery\\\\dataconnect\": could not find dataconnect.yaml in `c:\\Users\\xbfmp\\OneDrive\\Apps\\HDR_Gallery\\dataconnect`\n"}}
[debug] [2026-07-19T02:36:51.938Z] E0719 04:36:51.938051   13844 watch.go:40] Failed to load config from "c:\\Users\\xbfmp\\OneDrive\\Apps\\HDR_Gallery\\dataconnect": could not find dataconnect.yaml in `c:\Users\xbfmp\OneDrive\Apps\HDR_Gallery\dataconnect`
 {"metadata":{"emulator":{"name":"dataconnect"},"message":"E0719 04:36:51.938051   13844 watch.go:40] Failed to load config from \"c:\\\\Users\\\\xbfmp\\\\OneDrive\\\\Apps\\\\HDR_Gallery\\\\dataconnect\": could not find dataconnect.yaml in `c:\\Users\\xbfmp\\OneDrive\\Apps\\HDR_Gallery\\dataconnect`\n"}}
[debug] [2026-07-19T02:37:01.938Z] E0719 04:37:01.938348   13844 watch.go:40] Failed to load config from "c:\\Users\\xbfmp\\OneDrive\\Apps\\HDR_Gallery\\dataconnect": could not find dataconnect.yaml in `c:\Users\xbfmp\OneDrive\Apps\HDR_Gallery\dataconnect`
 {"metadata":{"emulator":{"name":"dataconnect"},"message":"E0719 04:37:01.938348   13844 watch.go:40] Failed to load config from \"c:\\\\Users\\\\xbfmp\\\\OneDrive\\\\Apps\\\\HDR_Gallery\\\\dataconnect\": could not find dataconnect.yaml in `c:\\Users\\xbfmp\\OneDrive\\Apps\\HDR_Gallery\\dataconnect`\n"}}
[debug] [2026-07-19T02:37:11.938Z] E0719 04:37:11.938200   13844 watch.go:116] watchAllDir unable to walk dir `c:\Users\xbfmp\OneDrive\Apps\HDR_Gallery\dataconnect`: GetFileAttributesEx c:\Users\xbfmp\OneDrive\Apps\HDR_Gallery\dataconnect: El sistema no puede encontrar el archivo especificado.
 {"metadata":{"emulator":{"name":"dataconnect"},"message":"E0719 04:37:11.938200   13844 watch.go:116] watchAllDir unable to walk dir `c:\\Users\\xbfmp\\OneDrive\\Apps\\HDR_Gallery\\dataconnect`: GetFileAttributesEx c:\\Users\\xbfmp\\OneDrive\\Apps\\HDR_Gallery\\dataconnect: El sistema no puede encontrar el archivo especificado.\n"}}
[debug] [2026-07-19T02:37:11.938Z] E0719 04:37:11.938200   13844 watch.go:40] Failed to load config from "c:\\Users\\xbfmp\\OneDrive\\Apps\\HDR_Gallery\\dataconnect": could not find dataconnect.yaml in `c:\Users\xbfmp\OneDrive\Apps\HDR_Gallery\dataconnect`
 {"metadata":{"emulator":{"name":"dataconnect"},"message":"E0719 04:37:11.938200   13844 watch.go:40] Failed to load config from \"c:\\\\Users\\\\xbfmp\\\\OneDrive\\\\Apps\\\\HDR_Gallery\\\\dataconnect\": could not find dataconnect.yaml in `c:\\Users\\xbfmp\\OneDrive\\Apps\\HDR_Gallery\\dataconnect`\n"}}
[debug] [2026-07-19T02:37:21.938Z] E0719 04:37:21.938419   13844 watch.go:40] Failed to load config from "c:\\Users\\xbfmp\\OneDrive\\Apps\\HDR_Gallery\\dataconnect": could not find dataconnect.yaml in `c:\Users\xbfmp\OneDrive\Apps\HDR_Gallery\dataconnect`
 {"metadata":{"emulator":{"name":"dataconnect"},"message":"E0719 04:37:21.938419   13844 watch.go:40] Failed to load config from \"c:\\\\Users\\\\xbfmp\\\\OneDrive\\\\Apps\\\\HDR_Gallery\\\\dataconnect\": could not find dataconnect.yaml in `c:\\Users\\xbfmp\\OneDrive\\Apps\\HDR_Gallery\\dataconnect`\n"}}
[debug] [2026-07-19T02:37:31.938Z] E0719 04:37:31.938333   13844 watch.go:40] Failed to load config from "c:\\Users\\xbfmp\\OneDrive\\Apps\\HDR_Gallery\\dataconnect": could not find dataconnect.yaml in `c:\Users\xbfmp\OneDrive\Apps\HDR_Gallery\dataconnect`
 {"metadata":{"emulator":{"name":"dataconnect"},"message":"E0719 04:37:31.938333   13844 watch.go:40] Failed to load config from \"c:\\\\Users\\\\xbfmp\\\\OneDrive\\\\Apps\\\\HDR_Gallery\\\\dataconnect\": could not find dataconnect.yaml in `c:\\Users\\xbfmp\\OneDrive\\Apps\\HDR_Gallery\\dataconnect`\n"}}
[debug] [2026-07-19T02:37:41.937Z] E0719 04:37:41.937979   13844 watch.go:40] Failed to load config from "c:\\Users\\xbfmp\\OneDrive\\Apps\\HDR_Gallery\\dataconnect": could not find dataconnect.yaml in `c:\Users\xbfmp\OneDrive\Apps\HDR_Gallery\dataconnect`
 {"metadata":{"emulator":{"name":"dataconnect"},"message":"E0719 04:37:41.937979   13844 watch.go:40] Failed to load config from \"c:\\\\Users\\\\xbfmp\\\\OneDrive\\\\Apps\\\\HDR_Gallery\\\\dataconnect\": could not find dataconnect.yaml in `c:\\Users\\xbfmp\\OneDrive\\Apps\\HDR_Gallery\\dataconnect`\n"}}
[debug] [2026-07-19T02:37:51.937Z] E0719 04:37:51.937896   13844 watch.go:40] Failed to load config from "c:\\Users\\xbfmp\\OneDrive\\Apps\\HDR_Gallery\\dataconnect": could not find dataconnect.yaml in `c:\Users\xbfmp\OneDrive\Apps\HDR_Gallery\dataconnect`
 {"metadata":{"emulator":{"name":"dataconnect"},"message":"E0719 04:37:51.937896   13844 watch.go:40] Failed to load config from \"c:\\\\Users\\\\xbfmp\\\\OneDrive\\\\Apps\\\\HDR_Gallery\\\\dataconnect\": could not find dataconnect.yaml in `c:\\Users\\xbfmp\\OneDrive\\Apps\\HDR_Gallery\\dataconnect`\n"}}
[debug] [2026-07-19T02:38:01.938Z] E0719 04:38:01.938284   13844 watch.go:40] Failed to load config from "c:\\Users\\xbfmp\\OneDrive\\Apps\\HDR_Gallery\\dataconnect": could not find dataconnect.yaml in `c:\Users\xbfmp\OneDrive\Apps\HDR_Gallery\dataconnect`
 {"metadata":{"emulator":{"name":"dataconnect"},"message":"E0719 04:38:01.938284   13844 watch.go:40] Failed to load config from \"c:\\\\Users\\\\xbfmp\\\\OneDrive\\\\Apps\\\\HDR_Gallery\\\\dataconnect\": could not find dataconnect.yaml in `c:\\Users\\xbfmp\\OneDrive\\Apps\\HDR_Gallery\\dataconnect`\n"}}
[debug] [2026-07-19T02:38:11.938Z] E0719 04:38:11.938243   13844 watch.go:116] watchAllDir unable to walk dir `c:\Users\xbfmp\OneDrive\Apps\HDR_Gallery\dataconnect`: GetFileAttributesEx c:\Users\xbfmp\OneDrive\Apps\HDR_Gallery\dataconnect: El sistema no puede encontrar el archivo especificado.
 {"metadata":{"emulator":{"name":"dataconnect"},"message":"E0719 04:38:11.938243   13844 watch.go:116] watchAllDir unable to walk dir `c:\\Users\\xbfmp\\OneDrive\\Apps\\HDR_Gallery\\dataconnect`: GetFileAttributesEx c:\\Users\\xbfmp\\OneDrive\\Apps\\HDR_Gallery\\dataconnect: El sistema no puede encontrar el archivo especificado.\n"}}
[debug] [2026-07-19T02:38:11.938Z] E0719 04:38:11.938243   13844 watch.go:40] Failed to load config from "c:\\Users\\xbfmp\\OneDrive\\Apps\\HDR_Gallery\\dataconnect": could not find dataconnect.yaml in `c:\Users\xbfmp\OneDrive\Apps\HDR_Gallery\dataconnect`
 {"metadata":{"emulator":{"name":"dataconnect"},"message":"E0719 04:38:11.938243   13844 watch.go:40] Failed to load config from \"c:\\\\Users\\\\xbfmp\\\\OneDrive\\\\Apps\\\\HDR_Gallery\\\\dataconnect\": could not find dataconnect.yaml in `c:\\Users\\xbfmp\\OneDrive\\Apps\\HDR_Gallery\\dataconnect`\n"}}
[debug] [2026-07-19T02:38:21.938Z] E0719 04:38:21.938293   13844 watch.go:40] Failed to load config from "c:\\Users\\xbfmp\\OneDrive\\Apps\\HDR_Gallery\\dataconnect": could not find dataconnect.yaml in `c:\Users\xbfmp\OneDrive\Apps\HDR_Gallery\dataconnect`
 {"metadata":{"emulator":{"name":"dataconnect"},"message":"E0719 04:38:21.938293   13844 watch.go:40] Failed to load config from \"c:\\\\Users\\\\xbfmp\\\\OneDrive\\\\Apps\\\\HDR_Gallery\\\\dataconnect\": could not find dataconnect.yaml in `c:\\Users\\xbfmp\\OneDrive\\Apps\\HDR_Gallery\\dataconnect`\n"}}
[debug] [2026-07-19T02:38:31.938Z] E0719 04:38:31.938217   13844 watch.go:40] Failed to load config from "c:\\Users\\xbfmp\\OneDrive\\Apps\\HDR_Gallery\\dataconnect": could not find dataconnect.yaml in `c:\Users\xbfmp\OneDrive\Apps\HDR_Gallery\dataconnect`
 {"metadata":{"emulator":{"name":"dataconnect"},"message":"E0719 04:38:31.938217   13844 watch.go:40] Failed to load config from \"c:\\\\Users\\\\xbfmp\\\\OneDrive\\\\Apps\\\\HDR_Gallery\\\\dataconnect\": could not find dataconnect.yaml in `c:\\Users\\xbfmp\\OneDrive\\Apps\\HDR_Gallery\\dataconnect`\n"}}
[debug] [2026-07-19T02:38:41.938Z] E0719 04:38:41.938032   13844 watch.go:40] Failed to load config from "c:\\Users\\xbfmp\\OneDrive\\Apps\\HDR_Gallery\\dataconnect": could not find dataconnect.yaml in `c:\Users\xbfmp\OneDrive\Apps\HDR_Gallery\dataconnect`
 {"metadata":{"emulator":{"name":"dataconnect"},"message":"E0719 04:38:41.938032   13844 watch.go:40] Failed to load config from \"c:\\\\Users\\\\xbfmp\\\\OneDrive\\\\Apps\\\\HDR_Gallery\\\\dataconnect\": could not find dataconnect.yaml in `c:\\Users\\xbfmp\\OneDrive\\Apps\\HDR_Gallery\\dataconnect`\n"}}
[debug] [2026-07-19T02:38:51.938Z] E0719 04:38:51.938117   13844 watch.go:40] Failed to load config from "c:\\Users\\xbfmp\\OneDrive\\Apps\\HDR_Gallery\\dataconnect": could not find dataconnect.yaml in `c:\Users\xbfmp\OneDrive\Apps\HDR_Gallery\dataconnect`
 {"metadata":{"emulator":{"name":"dataconnect"},"message":"E0719 04:38:51.938117   13844 watch.go:40] Failed to load config from \"c:\\\\Users\\\\xbfmp\\\\OneDrive\\\\Apps\\\\HDR_Gallery\\\\dataconnect\": could not find dataconnect.yaml in `c:\\Users\\xbfmp\\OneDrive\\Apps\\HDR_Gallery\\dataconnect`\n"}}
[debug] [2026-07-19T02:39:01.937Z] E0719 04:39:01.937918   13844 watch.go:40] Failed to load config from "c:\\Users\\xbfmp\\OneDrive\\Apps\\HDR_Gallery\\dataconnect": could not find dataconnect.yaml in `c:\Users\xbfmp\OneDrive\Apps\HDR_Gallery\dataconnect`
 {"metadata":{"emulator":{"name":"dataconnect"},"message":"E0719 04:39:01.937918   13844 watch.go:40] Failed to load config from \"c:\\\\Users\\\\xbfmp\\\\OneDrive\\\\Apps\\\\HDR_Gallery\\\\dataconnect\": could not find dataconnect.yaml in `c:\\Users\\xbfmp\\OneDrive\\Apps\\HDR_Gallery\\dataconnect`\n"}}
[debug] [2026-07-19T02:39:11.937Z] E0719 04:39:11.938188   13844 watch.go:116] watchAllDir unable to walk dir `c:\Users\xbfmp\OneDrive\Apps\HDR_Gallery\dataconnect`: GetFileAttributesEx c:\Users\xbfmp\OneDrive\Apps\HDR_Gallery\dataconnect: El sistema no puede encontrar el archivo especificado.
 {"metadata":{"emulator":{"name":"dataconnect"},"message":"E0719 04:39:11.938188   13844 watch.go:116] watchAllDir unable to walk dir `c:\\Users\\xbfmp\\OneDrive\\Apps\\HDR_Gallery\\dataconnect`: GetFileAttributesEx c:\\Users\\xbfmp\\OneDrive\\Apps\\HDR_Gallery\\dataconnect: El sistema no puede encontrar el archivo especificado.\n"}}
[debug] [2026-07-19T02:39:11.938Z] E0719 04:39:11.938188   13844 watch.go:40] Failed to load config from "c:\\Users\\xbfmp\\OneDrive\\Apps\\HDR_Gallery\\dataconnect": could not find dataconnect.yaml in `c:\Users\xbfmp\OneDrive\Apps\HDR_Gallery\dataconnect`
 {"metadata":{"emulator":{"name":"dataconnect"},"message":"E0719 04:39:11.938188   13844 watch.go:40] Failed to load config from \"c:\\\\Users\\\\xbfmp\\\\OneDrive\\\\Apps\\\\HDR_Gallery\\\\dataconnect\": could not find dataconnect.yaml in `c:\\Users\\xbfmp\\OneDrive\\Apps\\HDR_Gallery\\dataconnect`\n"}}
[debug] [2026-07-19T02:39:21.938Z] E0719 04:39:21.938015   13844 watch.go:40] Failed to load config from "c:\\Users\\xbfmp\\OneDrive\\Apps\\HDR_Gallery\\dataconnect": could not find dataconnect.yaml in `c:\Users\xbfmp\OneDrive\Apps\HDR_Gallery\dataconnect`
 {"metadata":{"emulator":{"name":"dataconnect"},"message":"E0719 04:39:21.938015   13844 watch.go:40] Failed to load config from \"c:\\\\Users\\\\xbfmp\\\\OneDrive\\\\Apps\\\\HDR_Gallery\\\\dataconnect\": could not find dataconnect.yaml in `c:\\Users\\xbfmp\\OneDrive\\Apps\\HDR_Gallery\\dataconnect`\n"}}
[debug] [2026-07-19T02:39:31.938Z] E0719 04:39:31.938351   13844 watch.go:40] Failed to load config from "c:\\Users\\xbfmp\\OneDrive\\Apps\\HDR_Gallery\\dataconnect": could not find dataconnect.yaml in `c:\Users\xbfmp\OneDrive\Apps\HDR_Gallery\dataconnect`
 {"metadata":{"emulator":{"name":"dataconnect"},"message":"E0719 04:39:31.938351   13844 watch.go:40] Failed to load config from \"c:\\\\Users\\\\xbfmp\\\\OneDrive\\\\Apps\\\\HDR_Gallery\\\\dataconnect\": could not find dataconnect.yaml in `c:\\Users\\xbfmp\\OneDrive\\Apps\\HDR_Gallery\\dataconnect`\n"}}
[debug] [2026-07-19T02:39:41.938Z] E0719 04:39:41.938207   13844 watch.go:40] Failed to load config from "c:\\Users\\xbfmp\\OneDrive\\Apps\\HDR_Gallery\\dataconnect": could not find dataconnect.yaml in `c:\Users\xbfmp\OneDrive\Apps\HDR_Gallery\dataconnect`
 {"metadata":{"emulator":{"name":"dataconnect"},"message":"E0719 04:39:41.938207   13844 watch.go:40] Failed to load config from \"c:\\\\Users\\\\xbfmp\\\\OneDrive\\\\Apps\\\\HDR_Gallery\\\\dataconnect\": could not find dataconnect.yaml in `c:\\Users\\xbfmp\\OneDrive\\Apps\\HDR_Gallery\\dataconnect`\n"}}
[debug] [2026-07-19T02:39:51.937Z] E0719 04:39:51.937987   13844 watch.go:40] Failed to load config from "c:\\Users\\xbfmp\\OneDrive\\Apps\\HDR_Gallery\\dataconnect": could not find dataconnect.yaml in `c:\Users\xbfmp\OneDrive\Apps\HDR_Gallery\dataconnect`
 {"metadata":{"emulator":{"name":"dataconnect"},"message":"E0719 04:39:51.937987   13844 watch.go:40] Failed to load config from \"c:\\\\Users\\\\xbfmp\\\\OneDrive\\\\Apps\\\\HDR_Gallery\\\\dataconnect\": could not find dataconnect.yaml in `c:\\Users\\xbfmp\\OneDrive\\Apps\\HDR_Gallery\\dataconnect`\n"}}
[debug] [2026-07-19T02:40:01.937Z] E0719 04:40:01.938064   13844 watch.go:40] Failed to load config from "c:\\Users\\xbfmp\\OneDrive\\Apps\\HDR_Gallery\\dataconnect": could not find dataconnect.yaml in `c:\Users\xbfmp\OneDrive\Apps\HDR_Gallery\dataconnect`
 {"metadata":{"emulator":{"name":"dataconnect"},"message":"E0719 04:40:01.938064   13844 watch.go:40] Failed to load config from \"c:\\\\Users\\\\xbfmp\\\\OneDrive\\\\Apps\\\\HDR_Gallery\\\\dataconnect\": could not find dataconnect.yaml in `c:\\Users\\xbfmp\\OneDrive\\Apps\\HDR_Gallery\\dataconnect`\n"}}
[debug] [2026-07-19T02:40:11.937Z] E0719 04:40:11.938160   13844 watch.go:116] watchAllDir unable to walk dir `c:\Users\xbfmp\OneDrive\Apps\HDR_Gallery\dataconnect`: GetFileAttributesEx c:\Users\xbfmp\OneDrive\Apps\HDR_Gallery\dataconnect: El sistema no puede encontrar el archivo especificado.
 {"metadata":{"emulator":{"name":"dataconnect"},"message":"E0719 04:40:11.938160   13844 watch.go:116] watchAllDir unable to walk dir `c:\\Users\\xbfmp\\OneDrive\\Apps\\HDR_Gallery\\dataconnect`: GetFileAttributesEx c:\\Users\\xbfmp\\OneDrive\\Apps\\HDR_Gallery\\dataconnect: El sistema no puede encontrar el archivo especificado.\n"}}
[debug] [2026-07-19T02:40:11.938Z] E0719 04:40:11.938160   13844 watch.go:40] Failed to load config from "c:\\Users\\xbfmp\\OneDrive\\Apps\\HDR_Gallery\\dataconnect": could not find dataconnect.yaml in `c:\Users\xbfmp\OneDrive\Apps\HDR_Gallery\dataconnect`
 {"metadata":{"emulator":{"name":"dataconnect"},"message":"E0719 04:40:11.938160   13844 watch.go:40] Failed to load config from \"c:\\\\Users\\\\xbfmp\\\\OneDrive\\\\Apps\\\\HDR_Gallery\\\\dataconnect\": could not find dataconnect.yaml in `c:\\Users\\xbfmp\\OneDrive\\Apps\\HDR_Gallery\\dataconnect`\n"}}
[debug] [2026-07-19T02:40:21.938Z] E0719 04:40:21.938069   13844 watch.go:40] Failed to load config from "c:\\Users\\xbfmp\\OneDrive\\Apps\\HDR_Gallery\\dataconnect": could not find dataconnect.yaml in `c:\Users\xbfmp\OneDrive\Apps\HDR_Gallery\dataconnect`
 {"metadata":{"emulator":{"name":"dataconnect"},"message":"E0719 04:40:21.938069   13844 watch.go:40] Failed to load config from \"c:\\\\Users\\\\xbfmp\\\\OneDrive\\\\Apps\\\\HDR_Gallery\\\\dataconnect\": could not find dataconnect.yaml in `c:\\Users\\xbfmp\\OneDrive\\Apps\\HDR_Gallery\\dataconnect`\n"}}
[debug] [2026-07-19T02:40:31.938Z] E0719 04:40:31.938196   13844 watch.go:40] Failed to load config from "c:\\Users\\xbfmp\\OneDrive\\Apps\\HDR_Gallery\\dataconnect": could not find dataconnect.yaml in `c:\Users\xbfmp\OneDrive\Apps\HDR_Gallery\dataconnect`
 {"metadata":{"emulator":{"name":"dataconnect"},"message":"E0719 04:40:31.938196   13844 watch.go:40] Failed to load config from \"c:\\\\Users\\\\xbfmp\\\\OneDrive\\\\Apps\\\\HDR_Gallery\\\\dataconnect\": could not find dataconnect.yaml in `c:\\Users\\xbfmp\\OneDrive\\Apps\\HDR_Gallery\\dataconnect`\n"}}
[debug] [2026-07-19T02:40:42.013Z] E0719 04:40:41.937958   13844 watch.go:40] Failed to load config from "c:\\Users\\xbfmp\\OneDrive\\Apps\\HDR_Gallery\\dataconnect": could not find dataconnect.yaml in `c:\Users\xbfmp\OneDrive\Apps\HDR_Gallery\dataconnect`
 {"metadata":{"emulator":{"name":"dataconnect"},"message":"E0719 04:40:41.937958   13844 watch.go:40] Failed to load config from \"c:\\\\Users\\\\xbfmp\\\\OneDrive\\\\Apps\\\\HDR_Gallery\\\\dataconnect\": could not find dataconnect.yaml in `c:\\Users\\xbfmp\\OneDrive\\Apps\\HDR_Gallery\\dataconnect`\n"}}
[debug] [2026-07-19T02:40:51.937Z] E0719 04:40:51.938026   13844 watch.go:40] Failed to load config from "c:\\Users\\xbfmp\\OneDrive\\Apps\\HDR_Gallery\\dataconnect": could not find dataconnect.yaml in `c:\Users\xbfmp\OneDrive\Apps\HDR_Gallery\dataconnect`
 {"metadata":{"emulator":{"name":"dataconnect"},"message":"E0719 04:40:51.938026   13844 watch.go:40] Failed to load config from \"c:\\\\Users\\\\xbfmp\\\\OneDrive\\\\Apps\\\\HDR_Gallery\\\\dataconnect\": could not find dataconnect.yaml in `c:\\Users\\xbfmp\\OneDrive\\Apps\\HDR_Gallery\\dataconnect`\n"}}
[debug] [2026-07-19T02:41:01.937Z] E0719 04:41:01.938332   13844 watch.go:40] Failed to load config from "c:\\Users\\xbfmp\\OneDrive\\Apps\\HDR_Gallery\\dataconnect": could not find dataconnect.yaml in `c:\Users\xbfmp\OneDrive\Apps\HDR_Gallery\dataconnect`
 {"metadata":{"emulator":{"name":"dataconnect"},"message":"E0719 04:41:01.938332   13844 watch.go:40] Failed to load config from \"c:\\\\Users\\\\xbfmp\\\\OneDrive\\\\Apps\\\\HDR_Gallery\\\\dataconnect\": could not find dataconnect.yaml in `c:\\Users\\xbfmp\\OneDrive\\Apps\\HDR_Gallery\\dataconnect`\n"}}
[debug] [2026-07-19T02:41:11.937Z] E0719 04:41:11.938350   13844 watch.go:116] watchAllDir unable to walk dir `c:\Users\xbfmp\OneDrive\Apps\HDR_Gallery\dataconnect`: GetFileAttributesEx c:\Users\xbfmp\OneDrive\Apps\HDR_Gallery\dataconnect: El sistema no puede encontrar el archivo especificado.
 {"metadata":{"emulator":{"name":"dataconnect"},"message":"E0719 04:41:11.938350   13844 watch.go:116] watchAllDir unable to walk dir `c:\\Users\\xbfmp\\OneDrive\\Apps\\HDR_Gallery\\dataconnect`: GetFileAttributesEx c:\\Users\\xbfmp\\OneDrive\\Apps\\HDR_Gallery\\dataconnect: El sistema no puede encontrar el archivo especificado.\n"}}
[debug] [2026-07-19T02:41:11.938Z] E0719 04:41:11.938350   13844 watch.go:40] Failed to load config from "c:\\Users\\xbfmp\\OneDrive\\Apps\\HDR_Gallery\\dataconnect": could not find dataconnect.yaml in `c:\Users\xbfmp\OneDrive\Apps\HDR_Gallery\dataconnect`
 {"metadata":{"emulator":{"name":"dataconnect"},"message":"E0719 04:41:11.938350   13844 watch.go:40] Failed to load config from \"c:\\\\Users\\\\xbfmp\\\\OneDrive\\\\Apps\\\\HDR_Gallery\\\\dataconnect\": could not find dataconnect.yaml in `c:\\Users\\xbfmp\\OneDrive\\Apps\\HDR_Gallery\\dataconnect`\n"}}
[debug] [2026-07-19T02:41:21.937Z] E0719 04:41:21.938310   13844 watch.go:40] Failed to load config from "c:\\Users\\xbfmp\\OneDrive\\Apps\\HDR_Gallery\\dataconnect": could not find dataconnect.yaml in `c:\Users\xbfmp\OneDrive\Apps\HDR_Gallery\dataconnect`
 {"metadata":{"emulator":{"name":"dataconnect"},"message":"E0719 04:41:21.938310   13844 watch.go:40] Failed to load config from \"c:\\\\Users\\\\xbfmp\\\\OneDrive\\\\Apps\\\\HDR_Gallery\\\\dataconnect\": could not find dataconnect.yaml in `c:\\Users\\xbfmp\\OneDrive\\Apps\\HDR_Gallery\\dataconnect`\n"}}
[debug] [2026-07-19T02:41:31.937Z] E0719 04:41:31.937973   13844 watch.go:40] Failed to load config from "c:\\Users\\xbfmp\\OneDrive\\Apps\\HDR_Gallery\\dataconnect": could not find dataconnect.yaml in `c:\Users\xbfmp\OneDrive\Apps\HDR_Gallery\dataconnect`
 {"metadata":{"emulator":{"name":"dataconnect"},"message":"E0719 04:41:31.937973   13844 watch.go:40] Failed to load config from \"c:\\\\Users\\\\xbfmp\\\\OneDrive\\\\Apps\\\\HDR_Gallery\\\\dataconnect\": could not find dataconnect.yaml in `c:\\Users\\xbfmp\\OneDrive\\Apps\\HDR_Gallery\\dataconnect`\n"}}
[debug] [2026-07-19T02:41:41.937Z] E0719 04:41:41.938239   13844 watch.go:40] Failed to load config from "c:\\Users\\xbfmp\\OneDrive\\Apps\\HDR_Gallery\\dataconnect": could not find dataconnect.yaml in `c:\Users\xbfmp\OneDrive\Apps\HDR_Gallery\dataconnect`
 {"metadata":{"emulator":{"name":"dataconnect"},"message":"E0719 04:41:41.938239   13844 watch.go:40] Failed to load config from \"c:\\\\Users\\\\xbfmp\\\\OneDrive\\\\Apps\\\\HDR_Gallery\\\\dataconnect\": could not find dataconnect.yaml in `c:\\Users\\xbfmp\\OneDrive\\Apps\\HDR_Gallery\\dataconnect`\n"}}
[debug] [2026-07-19T02:41:51.937Z] E0719 04:41:51.937984   13844 watch.go:40] Failed to load config from "c:\\Users\\xbfmp\\OneDrive\\Apps\\HDR_Gallery\\dataconnect": could not find dataconnect.yaml in `c:\Users\xbfmp\OneDrive\Apps\HDR_Gallery\dataconnect`
 {"metadata":{"emulator":{"name":"dataconnect"},"message":"E0719 04:41:51.937984   13844 watch.go:40] Failed to load config from \"c:\\\\Users\\\\xbfmp\\\\OneDrive\\\\Apps\\\\HDR_Gallery\\\\dataconnect\": could not find dataconnect.yaml in `c:\\Users\\xbfmp\\OneDrive\\Apps\\HDR_Gallery\\dataconnect`\n"}}
[debug] [2026-07-19T02:42:01.937Z] E0719 04:42:01.938402   13844 watch.go:40] Failed to load config from "c:\\Users\\xbfmp\\OneDrive\\Apps\\HDR_Gallery\\dataconnect": could not find dataconnect.yaml in `c:\Users\xbfmp\OneDrive\Apps\HDR_Gallery\dataconnect`
 {"metadata":{"emulator":{"name":"dataconnect"},"message":"E0719 04:42:01.938402   13844 watch.go:40] Failed to load config from \"c:\\\\Users\\\\xbfmp\\\\OneDrive\\\\Apps\\\\HDR_Gallery\\\\dataconnect\": could not find dataconnect.yaml in `c:\\Users\\xbfmp\\OneDrive\\Apps\\HDR_Gallery\\dataconnect`\n"}}
[debug] [2026-07-19T02:42:11.937Z] E0719 04:42:11.937987   13844 watch.go:116] watchAllDir unable to walk dir `c:\Users\xbfmp\OneDrive\Apps\HDR_Gallery\dataconnect`: GetFileAttributesEx c:\Users\xbfmp\OneDrive\Apps\HDR_Gallery\dataconnect: El sistema no puede encontrar el archivo especificado.
 {"metadata":{"emulator":{"name":"dataconnect"},"message":"E0719 04:42:11.937987   13844 watch.go:116] watchAllDir unable to walk dir `c:\\Users\\xbfmp\\OneDrive\\Apps\\HDR_Gallery\\dataconnect`: GetFileAttributesEx c:\\Users\\xbfmp\\OneDrive\\Apps\\HDR_Gallery\\dataconnect: El sistema no puede encontrar el archivo especificado.\n"}}
[debug] [2026-07-19T02:42:11.937Z] E0719 04:42:11.937987   13844 watch.go:40] Failed to load config from "c:\\Users\\xbfmp\\OneDrive\\Apps\\HDR_Gallery\\dataconnect": could not find dataconnect.yaml in `c:\Users\xbfmp\OneDrive\Apps\HDR_Gallery\dataconnect`
 {"metadata":{"emulator":{"name":"dataconnect"},"message":"E0719 04:42:11.937987   13844 watch.go:40] Failed to load config from \"c:\\\\Users\\\\xbfmp\\\\OneDrive\\\\Apps\\\\HDR_Gallery\\\\dataconnect\": could not find dataconnect.yaml in `c:\\Users\\xbfmp\\OneDrive\\Apps\\HDR_Gallery\\dataconnect`\n"}}
[debug] [2026-07-19T02:42:21.937Z] E0719 04:42:21.938314   13844 watch.go:40] Failed to load config from "c:\\Users\\xbfmp\\OneDrive\\Apps\\HDR_Gallery\\dataconnect": could not find dataconnect.yaml in `c:\Users\xbfmp\OneDrive\Apps\HDR_Gallery\dataconnect`
 {"metadata":{"emulator":{"name":"dataconnect"},"message":"E0719 04:42:21.938314   13844 watch.go:40] Failed to load config from \"c:\\\\Users\\\\xbfmp\\\\OneDrive\\\\Apps\\\\HDR_Gallery\\\\dataconnect\": could not find dataconnect.yaml in `c:\\Users\\xbfmp\\OneDrive\\Apps\\HDR_Gallery\\dataconnect`\n"}}
[debug] [2026-07-19T02:42:31.937Z] E0719 04:42:31.938154   13844 watch.go:40] Failed to load config from "c:\\Users\\xbfmp\\OneDrive\\Apps\\HDR_Gallery\\dataconnect": could not find dataconnect.yaml in `c:\Users\xbfmp\OneDrive\Apps\HDR_Gallery\dataconnect`
 {"metadata":{"emulator":{"name":"dataconnect"},"message":"E0719 04:42:31.938154   13844 watch.go:40] Failed to load config from \"c:\\\\Users\\\\xbfmp\\\\OneDrive\\\\Apps\\\\HDR_Gallery\\\\dataconnect\": could not find dataconnect.yaml in `c:\\Users\\xbfmp\\OneDrive\\Apps\\HDR_Gallery\\dataconnect`\n"}}
[debug] [2026-07-19T02:42:41.937Z] E0719 04:42:41.937896   13844 watch.go:40] Failed to load config from "c:\\Users\\xbfmp\\OneDrive\\Apps\\HDR_Gallery\\dataconnect": could not find dataconnect.yaml in `c:\Users\xbfmp\OneDrive\Apps\HDR_Gallery\dataconnect`
 {"metadata":{"emulator":{"name":"dataconnect"},"message":"E0719 04:42:41.937896   13844 watch.go:40] Failed to load config from \"c:\\\\Users\\\\xbfmp\\\\OneDrive\\\\Apps\\\\HDR_Gallery\\\\dataconnect\": could not find dataconnect.yaml in `c:\\Users\\xbfmp\\OneDrive\\Apps\\HDR_Gallery\\dataconnect`\n"}}
[debug] [2026-07-19T02:42:51.937Z] E0719 04:42:51.938045   13844 watch.go:40] Failed to load config from "c:\\Users\\xbfmp\\OneDrive\\Apps\\HDR_Gallery\\dataconnect": could not find dataconnect.yaml in `c:\Users\xbfmp\OneDrive\Apps\HDR_Gallery\dataconnect`
 {"metadata":{"emulator":{"name":"dataconnect"},"message":"E0719 04:42:51.938045   13844 watch.go:40] Failed to load config from \"c:\\\\Users\\\\xbfmp\\\\OneDrive\\\\Apps\\\\HDR_Gallery\\\\dataconnect\": could not find dataconnect.yaml in `c:\\Users\\xbfmp\\OneDrive\\Apps\\HDR_Gallery\\dataconnect`\n"}}
[debug] [2026-07-19T02:43:01.938Z] E0719 04:43:01.938129   13844 watch.go:40] Failed to load config from "c:\\Users\\xbfmp\\OneDrive\\Apps\\HDR_Gallery\\dataconnect": could not find dataconnect.yaml in `c:\Users\xbfmp\OneDrive\Apps\HDR_Gallery\dataconnect`
 {"metadata":{"emulator":{"name":"dataconnect"},"message":"E0719 04:43:01.938129   13844 watch.go:40] Failed to load config from \"c:\\\\Users\\\\xbfmp\\\\OneDrive\\\\Apps\\\\HDR_Gallery\\\\dataconnect\": could not find dataconnect.yaml in `c:\\Users\\xbfmp\\OneDrive\\Apps\\HDR_Gallery\\dataconnect`\n"}}
[debug] [2026-07-19T02:43:11.938Z] E0719 04:43:11.938157   13844 watch.go:116] watchAllDir unable to walk dir `c:\Users\xbfmp\OneDrive\Apps\HDR_Gallery\dataconnect`: GetFileAttributesEx c:\Users\xbfmp\OneDrive\Apps\HDR_Gallery\dataconnect: El sistema no puede encontrar el archivo especificado.
 {"metadata":{"emulator":{"name":"dataconnect"},"message":"E0719 04:43:11.938157   13844 watch.go:116] watchAllDir unable to walk dir `c:\\Users\\xbfmp\\OneDrive\\Apps\\HDR_Gallery\\dataconnect`: GetFileAttributesEx c:\\Users\\xbfmp\\OneDrive\\Apps\\HDR_Gallery\\dataconnect: El sistema no puede encontrar el archivo especificado.\n"}}
[debug] [2026-07-19T02:43:11.938Z] E0719 04:43:11.938157   13844 watch.go:40] Failed to load config from "c:\\Users\\xbfmp\\OneDrive\\Apps\\HDR_Gallery\\dataconnect": could not find dataconnect.yaml in `c:\Users\xbfmp\OneDrive\Apps\HDR_Gallery\dataconnect`
 {"metadata":{"emulator":{"name":"dataconnect"},"message":"E0719 04:43:11.938157   13844 watch.go:40] Failed to load config from \"c:\\\\Users\\\\xbfmp\\\\OneDrive\\\\Apps\\\\HDR_Gallery\\\\dataconnect\": could not find dataconnect.yaml in `c:\\Users\\xbfmp\\OneDrive\\Apps\\HDR_Gallery\\dataconnect`\n"}}
[debug] [2026-07-19T02:43:21.938Z] E0719 04:43:21.938386   13844 watch.go:40] Failed to load config from "c:\\Users\\xbfmp\\OneDrive\\Apps\\HDR_Gallery\\dataconnect": could not find dataconnect.yaml in `c:\Users\xbfmp\OneDrive\Apps\HDR_Gallery\dataconnect`
 {"metadata":{"emulator":{"name":"dataconnect"},"message":"E0719 04:43:21.938386   13844 watch.go:40] Failed to load config from \"c:\\\\Users\\\\xbfmp\\\\OneDrive\\\\Apps\\\\HDR_Gallery\\\\dataconnect\": could not find dataconnect.yaml in `c:\\Users\\xbfmp\\OneDrive\\Apps\\HDR_Gallery\\dataconnect`\n"}}
[debug] [2026-07-19T02:43:31.938Z] E0719 04:43:31.938350   13844 watch.go:40] Failed to load config from "c:\\Users\\xbfmp\\OneDrive\\Apps\\HDR_Gallery\\dataconnect": could not find dataconnect.yaml in `c:\Users\xbfmp\OneDrive\Apps\HDR_Gallery\dataconnect`
 {"metadata":{"emulator":{"name":"dataconnect"},"message":"E0719 04:43:31.938350   13844 watch.go:40] Failed to load config from \"c:\\\\Users\\\\xbfmp\\\\OneDrive\\\\Apps\\\\HDR_Gallery\\\\dataconnect\": could not find dataconnect.yaml in `c:\\Users\\xbfmp\\OneDrive\\Apps\\HDR_Gallery\\dataconnect`\n"}}
[debug] [2026-07-19T02:43:41.938Z] E0719 04:43:41.937984   13844 watch.go:40] Failed to load config from "c:\\Users\\xbfmp\\OneDrive\\Apps\\HDR_Gallery\\dataconnect": could not find dataconnect.yaml in `c:\Users\xbfmp\OneDrive\Apps\HDR_Gallery\dataconnect`
 {"metadata":{"emulator":{"name":"dataconnect"},"message":"E0719 04:43:41.937984   13844 watch.go:40] Failed to load config from \"c:\\\\Users\\\\xbfmp\\\\OneDrive\\\\Apps\\\\HDR_Gallery\\\\dataconnect\": could not find dataconnect.yaml in `c:\\Users\\xbfmp\\OneDrive\\Apps\\HDR_Gallery\\dataconnect`\n"}}
[debug] [2026-07-19T02:43:51.938Z] E0719 04:43:51.938111   13844 watch.go:40] Failed to load config from "c:\\Users\\xbfmp\\OneDrive\\Apps\\HDR_Gallery\\dataconnect": could not find dataconnect.yaml in `c:\Users\xbfmp\OneDrive\Apps\HDR_Gallery\dataconnect`
 {"metadata":{"emulator":{"name":"dataconnect"},"message":"E0719 04:43:51.938111   13844 watch.go:40] Failed to load config from \"c:\\\\Users\\\\xbfmp\\\\OneDrive\\\\Apps\\\\HDR_Gallery\\\\dataconnect\": could not find dataconnect.yaml in `c:\\Users\\xbfmp\\OneDrive\\Apps\\HDR_Gallery\\dataconnect`\n"}}
[debug] [2026-07-19T02:44:01.938Z] E0719 04:44:01.938051   13844 watch.go:40] Failed to load config from "c:\\Users\\xbfmp\\OneDrive\\Apps\\HDR_Gallery\\dataconnect": could not find dataconnect.yaml in `c:\Users\xbfmp\OneDrive\Apps\HDR_Gallery\dataconnect`
 {"metadata":{"emulator":{"name":"dataconnect"},"message":"E0719 04:44:01.938051   13844 watch.go:40] Failed to load config from \"c:\\\\Users\\\\xbfmp\\\\OneDrive\\\\Apps\\\\HDR_Gallery\\\\dataconnect\": could not find dataconnect.yaml in `c:\\Users\\xbfmp\\OneDrive\\Apps\\HDR_Gallery\\dataconnect`\n"}}
[debug] [2026-07-19T02:44:11.938Z] E0719 04:44:11.938213   13844 watch.go:116] watchAllDir unable to walk dir `c:\Users\xbfmp\OneDrive\Apps\HDR_Gallery\dataconnect`: GetFileAttributesEx c:\Users\xbfmp\OneDrive\Apps\HDR_Gallery\dataconnect: El sistema no puede encontrar el archivo especificado.
 {"metadata":{"emulator":{"name":"dataconnect"},"message":"E0719 04:44:11.938213   13844 watch.go:116] watchAllDir unable to walk dir `c:\\Users\\xbfmp\\OneDrive\\Apps\\HDR_Gallery\\dataconnect`: GetFileAttributesEx c:\\Users\\xbfmp\\OneDrive\\Apps\\HDR_Gallery\\dataconnect: El sistema no puede encontrar el archivo especificado.\n"}}
[debug] [2026-07-19T02:44:11.938Z] E0719 04:44:11.938213   13844 watch.go:40] Failed to load config from "c:\\Users\\xbfmp\\OneDrive\\Apps\\HDR_Gallery\\dataconnect": could not find dataconnect.yaml in `c:\Users\xbfmp\OneDrive\Apps\HDR_Gallery\dataconnect`
 {"metadata":{"emulator":{"name":"dataconnect"},"message":"E0719 04:44:11.938213   13844 watch.go:40] Failed to load config from \"c:\\\\Users\\\\xbfmp\\\\OneDrive\\\\Apps\\\\HDR_Gallery\\\\dataconnect\": could not find dataconnect.yaml in `c:\\Users\\xbfmp\\OneDrive\\Apps\\HDR_Gallery\\dataconnect`\n"}}
[debug] [2026-07-19T02:44:21.938Z] E0719 04:44:21.938118   13844 watch.go:40] Failed to load config from "c:\\Users\\xbfmp\\OneDrive\\Apps\\HDR_Gallery\\dataconnect": could not find dataconnect.yaml in `c:\Users\xbfmp\OneDrive\Apps\HDR_Gallery\dataconnect`
 {"metadata":{"emulator":{"name":"dataconnect"},"message":"E0719 04:44:21.938118   13844 watch.go:40] Failed to load config from \"c:\\\\Users\\\\xbfmp\\\\OneDrive\\\\Apps\\\\HDR_Gallery\\\\dataconnect\": could not find dataconnect.yaml in `c:\\Users\\xbfmp\\OneDrive\\Apps\\HDR_Gallery\\dataconnect`\n"}}
[debug] [2026-07-19T02:44:31.938Z] E0719 04:44:31.938342   13844 watch.go:40] Failed to load config from "c:\\Users\\xbfmp\\OneDrive\\Apps\\HDR_Gallery\\dataconnect": could not find dataconnect.yaml in `c:\Users\xbfmp\OneDrive\Apps\HDR_Gallery\dataconnect`
 {"metadata":{"emulator":{"name":"dataconnect"},"message":"E0719 04:44:31.938342   13844 watch.go:40] Failed to load config from \"c:\\\\Users\\\\xbfmp\\\\OneDrive\\\\Apps\\\\HDR_Gallery\\\\dataconnect\": could not find dataconnect.yaml in `c:\\Users\\xbfmp\\OneDrive\\Apps\\HDR_Gallery\\dataconnect`\n"}}
[debug] [2026-07-19T02:44:41.937Z] E0719 04:44:41.937932   13844 watch.go:40] Failed to load config from "c:\\Users\\xbfmp\\OneDrive\\Apps\\HDR_Gallery\\dataconnect": could not find dataconnect.yaml in `c:\Users\xbfmp\OneDrive\Apps\HDR_Gallery\dataconnect`
 {"metadata":{"emulator":{"name":"dataconnect"},"message":"E0719 04:44:41.937932   13844 watch.go:40] Failed to load config from \"c:\\\\Users\\\\xbfmp\\\\OneDrive\\\\Apps\\\\HDR_Gallery\\\\dataconnect\": could not find dataconnect.yaml in `c:\\Users\\xbfmp\\OneDrive\\Apps\\HDR_Gallery\\dataconnect`\n"}}
[debug] [2026-07-19T02:44:51.938Z] E0719 04:44:51.938063   13844 watch.go:40] Failed to load config from "c:\\Users\\xbfmp\\OneDrive\\Apps\\HDR_Gallery\\dataconnect": could not find dataconnect.yaml in `c:\Users\xbfmp\OneDrive\Apps\HDR_Gallery\dataconnect`
 {"metadata":{"emulator":{"name":"dataconnect"},"message":"E0719 04:44:51.938063   13844 watch.go:40] Failed to load config from \"c:\\\\Users\\\\xbfmp\\\\OneDrive\\\\Apps\\\\HDR_Gallery\\\\dataconnect\": could not find dataconnect.yaml in `c:\\Users\\xbfmp\\OneDrive\\Apps\\HDR_Gallery\\dataconnect`\n"}}
[debug] [2026-07-19T02:45:01.938Z] E0719 04:45:01.938249   13844 watch.go:40] Failed to load config from "c:\\Users\\xbfmp\\OneDrive\\Apps\\HDR_Gallery\\dataconnect": could not find dataconnect.yaml in `c:\Users\xbfmp\OneDrive\Apps\HDR_Gallery\dataconnect`
 {"metadata":{"emulator":{"name":"dataconnect"},"message":"E0719 04:45:01.938249   13844 watch.go:40] Failed to load config from \"c:\\\\Users\\\\xbfmp\\\\OneDrive\\\\Apps\\\\HDR_Gallery\\\\dataconnect\": could not find dataconnect.yaml in `c:\\Users\\xbfmp\\OneDrive\\Apps\\HDR_Gallery\\dataconnect`\n"}}
[debug] [2026-07-19T02:45:11.937Z] E0719 04:45:11.937909   13844 watch.go:116] watchAllDir unable to walk dir `c:\Users\xbfmp\OneDrive\Apps\HDR_Gallery\dataconnect`: GetFileAttributesEx c:\Users\xbfmp\OneDrive\Apps\HDR_Gallery\dataconnect: El sistema no puede encontrar el archivo especificado.
 {"metadata":{"emulator":{"name":"dataconnect"},"message":"E0719 04:45:11.937909   13844 watch.go:116] watchAllDir unable to walk dir `c:\\Users\\xbfmp\\OneDrive\\Apps\\HDR_Gallery\\dataconnect`: GetFileAttributesEx c:\\Users\\xbfmp\\OneDrive\\Apps\\HDR_Gallery\\dataconnect: El sistema no puede encontrar el archivo especificado.\n"}}
[debug] [2026-07-19T02:45:11.938Z] E0719 04:45:11.937909   13844 watch.go:40] Failed to load config from "c:\\Users\\xbfmp\\OneDrive\\Apps\\HDR_Gallery\\dataconnect": could not find dataconnect.yaml in `c:\Users\xbfmp\OneDrive\Apps\HDR_Gallery\dataconnect`
 {"metadata":{"emulator":{"name":"dataconnect"},"message":"E0719 04:45:11.937909   13844 watch.go:40] Failed to load config from \"c:\\\\Users\\\\xbfmp\\\\OneDrive\\\\Apps\\\\HDR_Gallery\\\\dataconnect\": could not find dataconnect.yaml in `c:\\Users\\xbfmp\\OneDrive\\Apps\\HDR_Gallery\\dataconnect`\n"}}
[debug] [2026-07-19T02:45:21.938Z] E0719 04:45:21.938217   13844 watch.go:40] Failed to load config from "c:\\Users\\xbfmp\\OneDrive\\Apps\\HDR_Gallery\\dataconnect": could not find dataconnect.yaml in `c:\Users\xbfmp\OneDrive\Apps\HDR_Gallery\dataconnect`
 {"metadata":{"emulator":{"name":"dataconnect"},"message":"E0719 04:45:21.938217   13844 watch.go:40] Failed to load config from \"c:\\\\Users\\\\xbfmp\\\\OneDrive\\\\Apps\\\\HDR_Gallery\\\\dataconnect\": could not find dataconnect.yaml in `c:\\Users\\xbfmp\\OneDrive\\Apps\\HDR_Gallery\\dataconnect`\n"}}
[debug] [2026-07-19T02:45:31.938Z] E0719 04:45:31.938231   13844 watch.go:40] Failed to load config from "c:\\Users\\xbfmp\\OneDrive\\Apps\\HDR_Gallery\\dataconnect": could not find dataconnect.yaml in `c:\Users\xbfmp\OneDrive\Apps\HDR_Gallery\dataconnect`
 {"metadata":{"emulator":{"name":"dataconnect"},"message":"E0719 04:45:31.938231   13844 watch.go:40] Failed to load config from \"c:\\\\Users\\\\xbfmp\\\\OneDrive\\\\Apps\\\\HDR_Gallery\\\\dataconnect\": could not find dataconnect.yaml in `c:\\Users\\xbfmp\\OneDrive\\Apps\\HDR_Gallery\\dataconnect`\n"}}
[debug] [2026-07-19T02:45:41.938Z] E0719 04:45:41.938620   13844 watch.go:40] Failed to load config from "c:\\Users\\xbfmp\\OneDrive\\Apps\\HDR_Gallery\\dataconnect": could not find dataconnect.yaml in `c:\Users\xbfmp\OneDrive\Apps\HDR_Gallery\dataconnect`
 {"metadata":{"emulator":{"name":"dataconnect"},"message":"E0719 04:45:41.938620   13844 watch.go:40] Failed to load config from \"c:\\\\Users\\\\xbfmp\\\\OneDrive\\\\Apps\\\\HDR_Gallery\\\\dataconnect\": could not find dataconnect.yaml in `c:\\Users\\xbfmp\\OneDrive\\Apps\\HDR_Gallery\\dataconnect`\n"}}
[debug] [2026-07-19T02:45:51.938Z] E0719 04:45:51.938044   13844 watch.go:40] Failed to load config from "c:\\Users\\xbfmp\\OneDrive\\Apps\\HDR_Gallery\\dataconnect": could not find dataconnect.yaml in `c:\Users\xbfmp\OneDrive\Apps\HDR_Gallery\dataconnect`
 {"metadata":{"emulator":{"name":"dataconnect"},"message":"E0719 04:45:51.938044   13844 watch.go:40] Failed to load config from \"c:\\\\Users\\\\xbfmp\\\\OneDrive\\\\Apps\\\\HDR_Gallery\\\\dataconnect\": could not find dataconnect.yaml in `c:\\Users\\xbfmp\\OneDrive\\Apps\\HDR_Gallery\\dataconnect`\n"}}
[debug] [2026-07-19T02:46:01.938Z] E0719 04:46:01.938013   13844 watch.go:40] Failed to load config from "c:\\Users\\xbfmp\\OneDrive\\Apps\\HDR_Gallery\\dataconnect": could not find dataconnect.yaml in `c:\Users\xbfmp\OneDrive\Apps\HDR_Gallery\dataconnect`
 {"metadata":{"emulator":{"name":"dataconnect"},"message":"E0719 04:46:01.938013   13844 watch.go:40] Failed to load config from \"c:\\\\Users\\\\xbfmp\\\\OneDrive\\\\Apps\\\\HDR_Gallery\\\\dataconnect\": could not find dataconnect.yaml in `c:\\Users\\xbfmp\\OneDrive\\Apps\\HDR_Gallery\\dataconnect`\n"}}
[debug] [2026-07-19T02:46:11.937Z] E0719 04:46:11.937996   13844 watch.go:116] watchAllDir unable to walk dir `c:\Users\xbfmp\OneDrive\Apps\HDR_Gallery\dataconnect`: GetFileAttributesEx c:\Users\xbfmp\OneDrive\Apps\HDR_Gallery\dataconnect: El sistema no puede encontrar el archivo especificado.
 {"metadata":{"emulator":{"name":"dataconnect"},"message":"E0719 04:46:11.937996   13844 watch.go:116] watchAllDir unable to walk dir `c:\\Users\\xbfmp\\OneDrive\\Apps\\HDR_Gallery\\dataconnect`: GetFileAttributesEx c:\\Users\\xbfmp\\OneDrive\\Apps\\HDR_Gallery\\dataconnect: El sistema no puede encontrar el archivo especificado.\n"}}
[debug] [2026-07-19T02:46:11.938Z] E0719 04:46:11.937996   13844 watch.go:40] Failed to load config from "c:\\Users\\xbfmp\\OneDrive\\Apps\\HDR_Gallery\\dataconnect": could not find dataconnect.yaml in `c:\Users\xbfmp\OneDrive\Apps\HDR_Gallery\dataconnect`
 {"metadata":{"emulator":{"name":"dataconnect"},"message":"E0719 04:46:11.937996   13844 watch.go:40] Failed to load config from \"c:\\\\Users\\\\xbfmp\\\\OneDrive\\\\Apps\\\\HDR_Gallery\\\\dataconnect\": could not find dataconnect.yaml in `c:\\Users\\xbfmp\\OneDrive\\Apps\\HDR_Gallery\\dataconnect`\n"}}
[debug] [2026-07-19T02:46:21.937Z] E0719 04:46:21.937945   13844 watch.go:40] Failed to load config from "c:\\Users\\xbfmp\\OneDrive\\Apps\\HDR_Gallery\\dataconnect": could not find dataconnect.yaml in `c:\Users\xbfmp\OneDrive\Apps\HDR_Gallery\dataconnect`
 {"metadata":{"emulator":{"name":"dataconnect"},"message":"E0719 04:46:21.937945   13844 watch.go:40] Failed to load config from \"c:\\\\Users\\\\xbfmp\\\\OneDrive\\\\Apps\\\\HDR_Gallery\\\\dataconnect\": could not find dataconnect.yaml in `c:\\Users\\xbfmp\\OneDrive\\Apps\\HDR_Gallery\\dataconnect`\n"}}
[debug] [2026-07-19T02:46:31.938Z] E0719 04:46:31.938377   13844 watch.go:40] Failed to load config from "c:\\Users\\xbfmp\\OneDrive\\Apps\\HDR_Gallery\\dataconnect": could not find dataconnect.yaml in `c:\Users\xbfmp\OneDrive\Apps\HDR_Gallery\dataconnect`
 {"metadata":{"emulator":{"name":"dataconnect"},"message":"E0719 04:46:31.938377   13844 watch.go:40] Failed to load config from \"c:\\\\Users\\\\xbfmp\\\\OneDrive\\\\Apps\\\\HDR_Gallery\\\\dataconnect\": could not find dataconnect.yaml in `c:\\Users\\xbfmp\\OneDrive\\Apps\\HDR_Gallery\\dataconnect`\n"}}
[debug] [2026-07-19T02:46:41.937Z] E0719 04:46:41.938069   13844 watch.go:40] Failed to load config from "c:\\Users\\xbfmp\\OneDrive\\Apps\\HDR_Gallery\\dataconnect": could not find dataconnect.yaml in `c:\Users\xbfmp\OneDrive\Apps\HDR_Gallery\dataconnect`
 {"metadata":{"emulator":{"name":"dataconnect"},"message":"E0719 04:46:41.938069   13844 watch.go:40] Failed to load config from \"c:\\\\Users\\\\xbfmp\\\\OneDrive\\\\Apps\\\\HDR_Gallery\\\\dataconnect\": could not find dataconnect.yaml in `c:\\Users\\xbfmp\\OneDrive\\Apps\\HDR_Gallery\\dataconnect`\n"}}
[debug] [2026-07-19T02:46:51.938Z] E0719 04:46:51.938240   13844 watch.go:40] Failed to load config from "c:\\Users\\xbfmp\\OneDrive\\Apps\\HDR_Gallery\\dataconnect": could not find dataconnect.yaml in `c:\Users\xbfmp\OneDrive\Apps\HDR_Gallery\dataconnect`
 {"metadata":{"emulator":{"name":"dataconnect"},"message":"E0719 04:46:51.938240   13844 watch.go:40] Failed to load config from \"c:\\\\Users\\\\xbfmp\\\\OneDrive\\\\Apps\\\\HDR_Gallery\\\\dataconnect\": could not find dataconnect.yaml in `c:\\Users\\xbfmp\\OneDrive\\Apps\\HDR_Gallery\\dataconnect`\n"}}
[debug] [2026-07-19T02:47:01.937Z] E0719 04:47:01.938024   13844 watch.go:40] Failed to load config from "c:\\Users\\xbfmp\\OneDrive\\Apps\\HDR_Gallery\\dataconnect": could not find dataconnect.yaml in `c:\Users\xbfmp\OneDrive\Apps\HDR_Gallery\dataconnect`
 {"metadata":{"emulator":{"name":"dataconnect"},"message":"E0719 04:47:01.938024   13844 watch.go:40] Failed to load config from \"c:\\\\Users\\\\xbfmp\\\\OneDrive\\\\Apps\\\\HDR_Gallery\\\\dataconnect\": could not find dataconnect.yaml in `c:\\Users\\xbfmp\\OneDrive\\Apps\\HDR_Gallery\\dataconnect`\n"}}
[debug] [2026-07-19T02:47:11.937Z] E0719 04:47:11.937952   13844 watch.go:116] watchAllDir unable to walk dir `c:\Users\xbfmp\OneDrive\Apps\HDR_Gallery\dataconnect`: GetFileAttributesEx c:\Users\xbfmp\OneDrive\Apps\HDR_Gallery\dataconnect: El sistema no puede encontrar el archivo especificado.
 {"metadata":{"emulator":{"name":"dataconnect"},"message":"E0719 04:47:11.937952   13844 watch.go:116] watchAllDir unable to walk dir `c:\\Users\\xbfmp\\OneDrive\\Apps\\HDR_Gallery\\dataconnect`: GetFileAttributesEx c:\\Users\\xbfmp\\OneDrive\\Apps\\HDR_Gallery\\dataconnect: El sistema no puede encontrar el archivo especificado.\n"}}
[debug] [2026-07-19T02:47:11.938Z] E0719 04:47:11.938455   13844 watch.go:40] Failed to load config from "c:\\Users\\xbfmp\\OneDrive\\Apps\\HDR_Gallery\\dataconnect": could not find dataconnect.yaml in `c:\Users\xbfmp\OneDrive\Apps\HDR_Gallery\dataconnect`
 {"metadata":{"emulator":{"name":"dataconnect"},"message":"E0719 04:47:11.938455   13844 watch.go:40] Failed to load config from \"c:\\\\Users\\\\xbfmp\\\\OneDrive\\\\Apps\\\\HDR_Gallery\\\\dataconnect\": could not find dataconnect.yaml in `c:\\Users\\xbfmp\\OneDrive\\Apps\\HDR_Gallery\\dataconnect`\n"}}
[debug] [2026-07-19T02:47:21.937Z] E0719 04:47:21.938254   13844 watch.go:40] Failed to load config from "c:\\Users\\xbfmp\\OneDrive\\Apps\\HDR_Gallery\\dataconnect": could not find dataconnect.yaml in `c:\Users\xbfmp\OneDrive\Apps\HDR_Gallery\dataconnect`
 {"metadata":{"emulator":{"name":"dataconnect"},"message":"E0719 04:47:21.938254   13844 watch.go:40] Failed to load config from \"c:\\\\Users\\\\xbfmp\\\\OneDrive\\\\Apps\\\\HDR_Gallery\\\\dataconnect\": could not find dataconnect.yaml in `c:\\Users\\xbfmp\\OneDrive\\Apps\\HDR_Gallery\\dataconnect`\n"}}
[debug] [2026-07-19T02:47:31.937Z] E0719 04:47:31.938107   13844 watch.go:40] Failed to load config from "c:\\Users\\xbfmp\\OneDrive\\Apps\\HDR_Gallery\\dataconnect": could not find dataconnect.yaml in `c:\Users\xbfmp\OneDrive\Apps\HDR_Gallery\dataconnect`
 {"metadata":{"emulator":{"name":"dataconnect"},"message":"E0719 04:47:31.938107   13844 watch.go:40] Failed to load config from \"c:\\\\Users\\\\xbfmp\\\\OneDrive\\\\Apps\\\\HDR_Gallery\\\\dataconnect\": could not find dataconnect.yaml in `c:\\Users\\xbfmp\\OneDrive\\Apps\\HDR_Gallery\\dataconnect`\n"}}
[debug] [2026-07-19T02:47:41.938Z] E0719 04:47:41.938249   13844 watch.go:40] Failed to load config from "c:\\Users\\xbfmp\\OneDrive\\Apps\\HDR_Gallery\\dataconnect": could not find dataconnect.yaml in `c:\Users\xbfmp\OneDrive\Apps\HDR_Gallery\dataconnect`
 {"metadata":{"emulator":{"name":"dataconnect"},"message":"E0719 04:47:41.938249   13844 watch.go:40] Failed to load config from \"c:\\\\Users\\\\xbfmp\\\\OneDrive\\\\Apps\\\\HDR_Gallery\\\\dataconnect\": could not find dataconnect.yaml in `c:\\Users\\xbfmp\\OneDrive\\Apps\\HDR_Gallery\\dataconnect`\n"}}
[debug] [2026-07-19T02:47:51.938Z] E0719 04:47:51.938333   13844 watch.go:40] Failed to load config from "c:\\Users\\xbfmp\\OneDrive\\Apps\\HDR_Gallery\\dataconnect": could not find dataconnect.yaml in `c:\Users\xbfmp\OneDrive\Apps\HDR_Gallery\dataconnect`
 {"metadata":{"emulator":{"name":"dataconnect"},"message":"E0719 04:47:51.938333   13844 watch.go:40] Failed to load config from \"c:\\\\Users\\\\xbfmp\\\\OneDrive\\\\Apps\\\\HDR_Gallery\\\\dataconnect\": could not find dataconnect.yaml in `c:\\Users\\xbfmp\\OneDrive\\Apps\\HDR_Gallery\\dataconnect`\n"}}
[debug] [2026-07-19T02:48:01.937Z] E0719 04:48:01.938154   13844 watch.go:40] Failed to load config from "c:\\Users\\xbfmp\\OneDrive\\Apps\\HDR_Gallery\\dataconnect": could not find dataconnect.yaml in `c:\Users\xbfmp\OneDrive\Apps\HDR_Gallery\dataconnect`
 {"metadata":{"emulator":{"name":"dataconnect"},"message":"E0719 04:48:01.938154   13844 watch.go:40] Failed to load config from \"c:\\\\Users\\\\xbfmp\\\\OneDrive\\\\Apps\\\\HDR_Gallery\\\\dataconnect\": could not find dataconnect.yaml in `c:\\Users\\xbfmp\\OneDrive\\Apps\\HDR_Gallery\\dataconnect`\n"}}
[debug] [2026-07-19T02:48:11.937Z] E0719 04:48:11.938153   13844 watch.go:116] watchAllDir unable to walk dir `c:\Users\xbfmp\OneDrive\Apps\HDR_Gallery\dataconnect`: GetFileAttributesEx c:\Users\xbfmp\OneDrive\Apps\HDR_Gallery\dataconnect: El sistema no puede encontrar el archivo especificado.
 {"metadata":{"emulator":{"name":"dataconnect"},"message":"E0719 04:48:11.938153   13844 watch.go:116] watchAllDir unable to walk dir `c:\\Users\\xbfmp\\OneDrive\\Apps\\HDR_Gallery\\dataconnect`: GetFileAttributesEx c:\\Users\\xbfmp\\OneDrive\\Apps\\HDR_Gallery\\dataconnect: El sistema no puede encontrar el archivo especificado.\n"}}
[debug] [2026-07-19T02:48:11.938Z] E0719 04:48:11.938153   13844 watch.go:40] Failed to load config from "c:\\Users\\xbfmp\\OneDrive\\Apps\\HDR_Gallery\\dataconnect": could not find dataconnect.yaml in `c:\Users\xbfmp\OneDrive\Apps\HDR_Gallery\dataconnect`
 {"metadata":{"emulator":{"name":"dataconnect"},"message":"E0719 04:48:11.938153   13844 watch.go:40] Failed to load config from \"c:\\\\Users\\\\xbfmp\\\\OneDrive\\\\Apps\\\\HDR_Gallery\\\\dataconnect\": could not find dataconnect.yaml in `c:\\Users\\xbfmp\\OneDrive\\Apps\\HDR_Gallery\\dataconnect`\n"}}
[debug] [2026-07-19T02:48:21.937Z] E0719 04:48:21.938132   13844 watch.go:40] Failed to load config from "c:\\Users\\xbfmp\\OneDrive\\Apps\\HDR_Gallery\\dataconnect": could not find dataconnect.yaml in `c:\Users\xbfmp\OneDrive\Apps\HDR_Gallery\dataconnect`
 {"metadata":{"emulator":{"name":"dataconnect"},"message":"E0719 04:48:21.938132   13844 watch.go:40] Failed to load config from \"c:\\\\Users\\\\xbfmp\\\\OneDrive\\\\Apps\\\\HDR_Gallery\\\\dataconnect\": could not find dataconnect.yaml in `c:\\Users\\xbfmp\\OneDrive\\Apps\\HDR_Gallery\\dataconnect`\n"}}
[debug] [2026-07-19T02:48:31.937Z] E0719 04:48:31.937926   13844 watch.go:40] Failed to load config from "c:\\Users\\xbfmp\\OneDrive\\Apps\\HDR_Gallery\\dataconnect": could not find dataconnect.yaml in `c:\Users\xbfmp\OneDrive\Apps\HDR_Gallery\dataconnect`
 {"metadata":{"emulator":{"name":"dataconnect"},"message":"E0719 04:48:31.937926   13844 watch.go:40] Failed to load config from \"c:\\\\Users\\\\xbfmp\\\\OneDrive\\\\Apps\\\\HDR_Gallery\\\\dataconnect\": could not find dataconnect.yaml in `c:\\Users\\xbfmp\\OneDrive\\Apps\\HDR_Gallery\\dataconnect`\n"}}
[debug] [2026-07-19T02:48:41.937Z] E0719 04:48:41.938105   13844 watch.go:40] Failed to load config from "c:\\Users\\xbfmp\\OneDrive\\Apps\\HDR_Gallery\\dataconnect": could not find dataconnect.yaml in `c:\Users\xbfmp\OneDrive\Apps\HDR_Gallery\dataconnect`
 {"metadata":{"emulator":{"name":"dataconnect"},"message":"E0719 04:48:41.938105   13844 watch.go:40] Failed to load config from \"c:\\\\Users\\\\xbfmp\\\\OneDrive\\\\Apps\\\\HDR_Gallery\\\\dataconnect\": could not find dataconnect.yaml in `c:\\Users\\xbfmp\\OneDrive\\Apps\\HDR_Gallery\\dataconnect`\n"}}
[debug] [2026-07-19T02:48:51.938Z] E0719 04:48:51.938368   13844 watch.go:40] Failed to load config from "c:\\Users\\xbfmp\\OneDrive\\Apps\\HDR_Gallery\\dataconnect": could not find dataconnect.yaml in `c:\Users\xbfmp\OneDrive\Apps\HDR_Gallery\dataconnect`
 {"metadata":{"emulator":{"name":"dataconnect"},"message":"E0719 04:48:51.938368   13844 watch.go:40] Failed to load config from \"c:\\\\Users\\\\xbfmp\\\\OneDrive\\\\Apps\\\\HDR_Gallery\\\\dataconnect\": could not find dataconnect.yaml in `c:\\Users\\xbfmp\\OneDrive\\Apps\\HDR_Gallery\\dataconnect`\n"}}
[debug] [2026-07-19T02:49:01.937Z] E0719 04:49:01.938028   13844 watch.go:40] Failed to load config from "c:\\Users\\xbfmp\\OneDrive\\Apps\\HDR_Gallery\\dataconnect": could not find dataconnect.yaml in `c:\Users\xbfmp\OneDrive\Apps\HDR_Gallery\dataconnect`
 {"metadata":{"emulator":{"name":"dataconnect"},"message":"E0719 04:49:01.938028   13844 watch.go:40] Failed to load config from \"c:\\\\Users\\\\xbfmp\\\\OneDrive\\\\Apps\\\\HDR_Gallery\\\\dataconnect\": could not find dataconnect.yaml in `c:\\Users\\xbfmp\\OneDrive\\Apps\\HDR_Gallery\\dataconnect`\n"}}
[debug] [2026-07-19T02:49:11.937Z] E0719 04:49:11.938367   13844 watch.go:116] watchAllDir unable to walk dir `c:\Users\xbfmp\OneDrive\Apps\HDR_Gallery\dataconnect`: GetFileAttributesEx c:\Users\xbfmp\OneDrive\Apps\HDR_Gallery\dataconnect: El sistema no puede encontrar el archivo especificado.
 {"metadata":{"emulator":{"name":"dataconnect"},"message":"E0719 04:49:11.938367   13844 watch.go:116] watchAllDir unable to walk dir `c:\\Users\\xbfmp\\OneDrive\\Apps\\HDR_Gallery\\dataconnect`: GetFileAttributesEx c:\\Users\\xbfmp\\OneDrive\\Apps\\HDR_Gallery\\dataconnect: El sistema no puede encontrar el archivo especificado.\n"}}
[debug] [2026-07-19T02:49:11.938Z] E0719 04:49:11.938367   13844 watch.go:40] Failed to load config from "c:\\Users\\xbfmp\\OneDrive\\Apps\\HDR_Gallery\\dataconnect": could not find dataconnect.yaml in `c:\Users\xbfmp\OneDrive\Apps\HDR_Gallery\dataconnect`
 {"metadata":{"emulator":{"name":"dataconnect"},"message":"E0719 04:49:11.938367   13844 watch.go:40] Failed to load config from \"c:\\\\Users\\\\xbfmp\\\\OneDrive\\\\Apps\\\\HDR_Gallery\\\\dataconnect\": could not find dataconnect.yaml in `c:\\Users\\xbfmp\\OneDrive\\Apps\\HDR_Gallery\\dataconnect`\n"}}
[debug] [2026-07-19T02:49:21.937Z] E0719 04:49:21.938191   13844 watch.go:40] Failed to load config from "c:\\Users\\xbfmp\\OneDrive\\Apps\\HDR_Gallery\\dataconnect": could not find dataconnect.yaml in `c:\Users\xbfmp\OneDrive\Apps\HDR_Gallery\dataconnect`
 {"metadata":{"emulator":{"name":"dataconnect"},"message":"E0719 04:49:21.938191   13844 watch.go:40] Failed to load config from \"c:\\\\Users\\\\xbfmp\\\\OneDrive\\\\Apps\\\\HDR_Gallery\\\\dataconnect\": could not find dataconnect.yaml in `c:\\Users\\xbfmp\\OneDrive\\Apps\\HDR_Gallery\\dataconnect`\n"}}
[debug] [2026-07-19T02:49:31.937Z] E0719 04:49:31.938143   13844 watch.go:40] Failed to load config from "c:\\Users\\xbfmp\\OneDrive\\Apps\\HDR_Gallery\\dataconnect": could not find dataconnect.yaml in `c:\Users\xbfmp\OneDrive\Apps\HDR_Gallery\dataconnect`
 {"metadata":{"emulator":{"name":"dataconnect"},"message":"E0719 04:49:31.938143   13844 watch.go:40] Failed to load config from \"c:\\\\Users\\\\xbfmp\\\\OneDrive\\\\Apps\\\\HDR_Gallery\\\\dataconnect\": could not find dataconnect.yaml in `c:\\Users\\xbfmp\\OneDrive\\Apps\\HDR_Gallery\\dataconnect`\n"}}
[debug] [2026-07-19T02:49:41.937Z] E0719 04:49:41.937952   13844 watch.go:40] Failed to load config from "c:\\Users\\xbfmp\\OneDrive\\Apps\\HDR_Gallery\\dataconnect": could not find dataconnect.yaml in `c:\Users\xbfmp\OneDrive\Apps\HDR_Gallery\dataconnect`
 {"metadata":{"emulator":{"name":"dataconnect"},"message":"E0719 04:49:41.937952   13844 watch.go:40] Failed to load config from \"c:\\\\Users\\\\xbfmp\\\\OneDrive\\\\Apps\\\\HDR_Gallery\\\\dataconnect\": could not find dataconnect.yaml in `c:\\Users\\xbfmp\\OneDrive\\Apps\\HDR_Gallery\\dataconnect`\n"}}
[debug] [2026-07-19T02:49:51.938Z] E0719 04:49:51.938312   13844 watch.go:40] Failed to load config from "c:\\Users\\xbfmp\\OneDrive\\Apps\\HDR_Gallery\\dataconnect": could not find dataconnect.yaml in `c:\Users\xbfmp\OneDrive\Apps\HDR_Gallery\dataconnect`
 {"metadata":{"emulator":{"name":"dataconnect"},"message":"E0719 04:49:51.938312   13844 watch.go:40] Failed to load config from \"c:\\\\Users\\\\xbfmp\\\\OneDrive\\\\Apps\\\\HDR_Gallery\\\\dataconnect\": could not find dataconnect.yaml in `c:\\Users\\xbfmp\\OneDrive\\Apps\\HDR_Gallery\\dataconnect`\n"}}
[debug] [2026-07-19T02:50:01.937Z] E0719 04:50:01.938278   13844 watch.go:40] Failed to load config from "c:\\Users\\xbfmp\\OneDrive\\Apps\\HDR_Gallery\\dataconnect": could not find dataconnect.yaml in `c:\Users\xbfmp\OneDrive\Apps\HDR_Gallery\dataconnect`
 {"metadata":{"emulator":{"name":"dataconnect"},"message":"E0719 04:50:01.938278   13844 watch.go:40] Failed to load config from \"c:\\\\Users\\\\xbfmp\\\\OneDrive\\\\Apps\\\\HDR_Gallery\\\\dataconnect\": could not find dataconnect.yaml in `c:\\Users\\xbfmp\\OneDrive\\Apps\\HDR_Gallery\\dataconnect`\n"}}
[debug] [2026-07-19T02:50:11.938Z] E0719 04:50:11.938361   13844 watch.go:116] watchAllDir unable to walk dir `c:\Users\xbfmp\OneDrive\Apps\HDR_Gallery\dataconnect`: GetFileAttributesEx c:\Users\xbfmp\OneDrive\Apps\HDR_Gallery\dataconnect: El sistema no puede encontrar el archivo especificado.
 {"metadata":{"emulator":{"name":"dataconnect"},"message":"E0719 04:50:11.938361   13844 watch.go:116] watchAllDir unable to walk dir `c:\\Users\\xbfmp\\OneDrive\\Apps\\HDR_Gallery\\dataconnect`: GetFileAttributesEx c:\\Users\\xbfmp\\OneDrive\\Apps\\HDR_Gallery\\dataconnect: El sistema no puede encontrar el archivo especificado.\n"}}
[debug] [2026-07-19T02:50:11.938Z] E0719 04:50:11.938361   13844 watch.go:40] Failed to load config from "c:\\Users\\xbfmp\\OneDrive\\Apps\\HDR_Gallery\\dataconnect": could not find dataconnect.yaml in `c:\Users\xbfmp\OneDrive\Apps\HDR_Gallery\dataconnect`
 {"metadata":{"emulator":{"name":"dataconnect"},"message":"E0719 04:50:11.938361   13844 watch.go:40] Failed to load config from \"c:\\\\Users\\\\xbfmp\\\\OneDrive\\\\Apps\\\\HDR_Gallery\\\\dataconnect\": could not find dataconnect.yaml in `c:\\Users\\xbfmp\\OneDrive\\Apps\\HDR_Gallery\\dataconnect`\n"}}
[debug] [2026-07-19T02:50:21.938Z] E0719 04:50:21.938260   13844 watch.go:40] Failed to load config from "c:\\Users\\xbfmp\\OneDrive\\Apps\\HDR_Gallery\\dataconnect": could not find dataconnect.yaml in `c:\Users\xbfmp\OneDrive\Apps\HDR_Gallery\dataconnect`
 {"metadata":{"emulator":{"name":"dataconnect"},"message":"E0719 04:50:21.938260   13844 watch.go:40] Failed to load config from \"c:\\\\Users\\\\xbfmp\\\\OneDrive\\\\Apps\\\\HDR_Gallery\\\\dataconnect\": could not find dataconnect.yaml in `c:\\Users\\xbfmp\\OneDrive\\Apps\\HDR_Gallery\\dataconnect`\n"}}
[debug] [2026-07-19T02:50:31.938Z] E0719 04:50:31.938388   13844 watch.go:40] Failed to load config from "c:\\Users\\xbfmp\\OneDrive\\Apps\\HDR_Gallery\\dataconnect": could not find dataconnect.yaml in `c:\Users\xbfmp\OneDrive\Apps\HDR_Gallery\dataconnect`
 {"metadata":{"emulator":{"name":"dataconnect"},"message":"E0719 04:50:31.938388   13844 watch.go:40] Failed to load config from \"c:\\\\Users\\\\xbfmp\\\\OneDrive\\\\Apps\\\\HDR_Gallery\\\\dataconnect\": could not find dataconnect.yaml in `c:\\Users\\xbfmp\\OneDrive\\Apps\\HDR_Gallery\\dataconnect`\n"}}
[debug] [2026-07-19T02:50:41.938Z] E0719 04:50:41.937952   13844 watch.go:40] Failed to load config from "c:\\Users\\xbfmp\\OneDrive\\Apps\\HDR_Gallery\\dataconnect": could not find dataconnect.yaml in `c:\Users\xbfmp\OneDrive\Apps\HDR_Gallery\dataconnect`
 {"metadata":{"emulator":{"name":"dataconnect"},"message":"E0719 04:50:41.937952   13844 watch.go:40] Failed to load config from \"c:\\\\Users\\\\xbfmp\\\\OneDrive\\\\Apps\\\\HDR_Gallery\\\\dataconnect\": could not find dataconnect.yaml in `c:\\Users\\xbfmp\\OneDrive\\Apps\\HDR_Gallery\\dataconnect`\n"}}
[debug] [2026-07-19T02:50:51.938Z] E0719 04:50:51.938104   13844 watch.go:40] Failed to load config from "c:\\Users\\xbfmp\\OneDrive\\Apps\\HDR_Gallery\\dataconnect": could not find dataconnect.yaml in `c:\Users\xbfmp\OneDrive\Apps\HDR_Gallery\dataconnect`
 {"metadata":{"emulator":{"name":"dataconnect"},"message":"E0719 04:50:51.938104   13844 watch.go:40] Failed to load config from \"c:\\\\Users\\\\xbfmp\\\\OneDrive\\\\Apps\\\\HDR_Gallery\\\\dataconnect\": could not find dataconnect.yaml in `c:\\Users\\xbfmp\\OneDrive\\Apps\\HDR_Gallery\\dataconnect`\n"}}
[debug] [2026-07-19T02:51:01.938Z] E0719 04:51:01.937985   13844 watch.go:40] Failed to load config from "c:\\Users\\xbfmp\\OneDrive\\Apps\\HDR_Gallery\\dataconnect": could not find dataconnect.yaml in `c:\Users\xbfmp\OneDrive\Apps\HDR_Gallery\dataconnect`
 {"metadata":{"emulator":{"name":"dataconnect"},"message":"E0719 04:51:01.937985   13844 watch.go:40] Failed to load config from \"c:\\\\Users\\\\xbfmp\\\\OneDrive\\\\Apps\\\\HDR_Gallery\\\\dataconnect\": could not find dataconnect.yaml in `c:\\Users\\xbfmp\\OneDrive\\Apps\\HDR_Gallery\\dataconnect`\n"}}
[debug] [2026-07-19T02:51:11.937Z] E0719 04:51:11.937957   13844 watch.go:116] watchAllDir unable to walk dir `c:\Users\xbfmp\OneDrive\Apps\HDR_Gallery\dataconnect`: GetFileAttributesEx c:\Users\xbfmp\OneDrive\Apps\HDR_Gallery\dataconnect: El sistema no puede encontrar el archivo especificado.
 {"metadata":{"emulator":{"name":"dataconnect"},"message":"E0719 04:51:11.937957   13844 watch.go:116] watchAllDir unable to walk dir `c:\\Users\\xbfmp\\OneDrive\\Apps\\HDR_Gallery\\dataconnect`: GetFileAttributesEx c:\\Users\\xbfmp\\OneDrive\\Apps\\HDR_Gallery\\dataconnect: El sistema no puede encontrar el archivo especificado.\n"}}
[debug] [2026-07-19T02:51:11.938Z] E0719 04:51:11.937957   13844 watch.go:40] Failed to load config from "c:\\Users\\xbfmp\\OneDrive\\Apps\\HDR_Gallery\\dataconnect": could not find dataconnect.yaml in `c:\Users\xbfmp\OneDrive\Apps\HDR_Gallery\dataconnect`
 {"metadata":{"emulator":{"name":"dataconnect"},"message":"E0719 04:51:11.937957   13844 watch.go:40] Failed to load config from \"c:\\\\Users\\\\xbfmp\\\\OneDrive\\\\Apps\\\\HDR_Gallery\\\\dataconnect\": could not find dataconnect.yaml in `c:\\Users\\xbfmp\\OneDrive\\Apps\\HDR_Gallery\\dataconnect`\n"}}
[debug] [2026-07-19T02:51:21.938Z] E0719 04:51:21.938134   13844 watch.go:40] Failed to load config from "c:\\Users\\xbfmp\\OneDrive\\Apps\\HDR_Gallery\\dataconnect": could not find dataconnect.yaml in `c:\Users\xbfmp\OneDrive\Apps\HDR_Gallery\dataconnect`
 {"metadata":{"emulator":{"name":"dataconnect"},"message":"E0719 04:51:21.938134   13844 watch.go:40] Failed to load config from \"c:\\\\Users\\\\xbfmp\\\\OneDrive\\\\Apps\\\\HDR_Gallery\\\\dataconnect\": could not find dataconnect.yaml in `c:\\Users\\xbfmp\\OneDrive\\Apps\\HDR_Gallery\\dataconnect`\n"}}
[debug] [2026-07-19T02:51:31.938Z] E0719 04:51:31.938269   13844 watch.go:40] Failed to load config from "c:\\Users\\xbfmp\\OneDrive\\Apps\\HDR_Gallery\\dataconnect": could not find dataconnect.yaml in `c:\Users\xbfmp\OneDrive\Apps\HDR_Gallery\dataconnect`
 {"metadata":{"emulator":{"name":"dataconnect"},"message":"E0719 04:51:31.938269   13844 watch.go:40] Failed to load config from \"c:\\\\Users\\\\xbfmp\\\\OneDrive\\\\Apps\\\\HDR_Gallery\\\\dataconnect\": could not find dataconnect.yaml in `c:\\Users\\xbfmp\\OneDrive\\Apps\\HDR_Gallery\\dataconnect`\n"}}
[debug] [2026-07-19T02:51:41.938Z] E0719 04:51:41.938025   13844 watch.go:40] Failed to load config from "c:\\Users\\xbfmp\\OneDrive\\Apps\\HDR_Gallery\\dataconnect": could not find dataconnect.yaml in `c:\Users\xbfmp\OneDrive\Apps\HDR_Gallery\dataconnect`
 {"metadata":{"emulator":{"name":"dataconnect"},"message":"E0719 04:51:41.938025   13844 watch.go:40] Failed to load config from \"c:\\\\Users\\\\xbfmp\\\\OneDrive\\\\Apps\\\\HDR_Gallery\\\\dataconnect\": could not find dataconnect.yaml in `c:\\Users\\xbfmp\\OneDrive\\Apps\\HDR_Gallery\\dataconnect`\n"}}
[debug] [2026-07-19T02:51:51.938Z] E0719 04:51:51.938307   13844 watch.go:40] Failed to load config from "c:\\Users\\xbfmp\\OneDrive\\Apps\\HDR_Gallery\\dataconnect": could not find dataconnect.yaml in `c:\Users\xbfmp\OneDrive\Apps\HDR_Gallery\dataconnect`
 {"metadata":{"emulator":{"name":"dataconnect"},"message":"E0719 04:51:51.938307   13844 watch.go:40] Failed to load config from \"c:\\\\Users\\\\xbfmp\\\\OneDrive\\\\Apps\\\\HDR_Gallery\\\\dataconnect\": could not find dataconnect.yaml in `c:\\Users\\xbfmp\\OneDrive\\Apps\\HDR_Gallery\\dataconnect`\n"}}
[debug] [2026-07-19T02:52:01.938Z] E0719 04:52:01.938006   13844 watch.go:40] Failed to load config from "c:\\Users\\xbfmp\\OneDrive\\Apps\\HDR_Gallery\\dataconnect": could not find dataconnect.yaml in `c:\Users\xbfmp\OneDrive\Apps\HDR_Gallery\dataconnect`
 {"metadata":{"emulator":{"name":"dataconnect"},"message":"E0719 04:52:01.938006   13844 watch.go:40] Failed to load config from \"c:\\\\Users\\\\xbfmp\\\\OneDrive\\\\Apps\\\\HDR_Gallery\\\\dataconnect\": could not find dataconnect.yaml in `c:\\Users\\xbfmp\\OneDrive\\Apps\\HDR_Gallery\\dataconnect`\n"}}
[debug] [2026-07-19T02:52:11.938Z] E0719 04:52:11.938324   13844 watch.go:116] watchAllDir unable to walk dir `c:\Users\xbfmp\OneDrive\Apps\HDR_Gallery\dataconnect`: GetFileAttributesEx c:\Users\xbfmp\OneDrive\Apps\HDR_Gallery\dataconnect: El sistema no puede encontrar el archivo especificado.
 {"metadata":{"emulator":{"name":"dataconnect"},"message":"E0719 04:52:11.938324   13844 watch.go:116] watchAllDir unable to walk dir `c:\\Users\\xbfmp\\OneDrive\\Apps\\HDR_Gallery\\dataconnect`: GetFileAttributesEx c:\\Users\\xbfmp\\OneDrive\\Apps\\HDR_Gallery\\dataconnect: El sistema no puede encontrar el archivo especificado.\n"}}
[debug] [2026-07-19T02:52:11.938Z] E0719 04:52:11.938324   13844 watch.go:40] Failed to load config from "c:\\Users\\xbfmp\\OneDrive\\Apps\\HDR_Gallery\\dataconnect": could not find dataconnect.yaml in `c:\Users\xbfmp\OneDrive\Apps\HDR_Gallery\dataconnect`
 {"metadata":{"emulator":{"name":"dataconnect"},"message":"E0719 04:52:11.938324   13844 watch.go:40] Failed to load config from \"c:\\\\Users\\\\xbfmp\\\\OneDrive\\\\Apps\\\\HDR_Gallery\\\\dataconnect\": could not find dataconnect.yaml in `c:\\Users\\xbfmp\\OneDrive\\Apps\\HDR_Gallery\\dataconnect`\n"}}
[debug] [2026-07-19T02:52:21.937Z] E0719 04:52:21.937995   13844 watch.go:40] Failed to load config from "c:\\Users\\xbfmp\\OneDrive\\Apps\\HDR_Gallery\\dataconnect": could not find dataconnect.yaml in `c:\Users\xbfmp\OneDrive\Apps\HDR_Gallery\dataconnect`
 {"metadata":{"emulator":{"name":"dataconnect"},"message":"E0719 04:52:21.937995   13844 watch.go:40] Failed to load config from \"c:\\\\Users\\\\xbfmp\\\\OneDrive\\\\Apps\\\\HDR_Gallery\\\\dataconnect\": could not find dataconnect.yaml in `c:\\Users\\xbfmp\\OneDrive\\Apps\\HDR_Gallery\\dataconnect`\n"}}
[debug] [2026-07-19T02:52:31.938Z] E0719 04:52:31.938211   13844 watch.go:40] Failed to load config from "c:\\Users\\xbfmp\\OneDrive\\Apps\\HDR_Gallery\\dataconnect": could not find dataconnect.yaml in `c:\Users\xbfmp\OneDrive\Apps\HDR_Gallery\dataconnect`
 {"metadata":{"emulator":{"name":"dataconnect"},"message":"E0719 04:52:31.938211   13844 watch.go:40] Failed to load config from \"c:\\\\Users\\\\xbfmp\\\\OneDrive\\\\Apps\\\\HDR_Gallery\\\\dataconnect\": could not find dataconnect.yaml in `c:\\Users\\xbfmp\\OneDrive\\Apps\\HDR_Gallery\\dataconnect`\n"}}
[debug] [2026-07-19T02:52:41.938Z] E0719 04:52:41.938220   13844 watch.go:40] Failed to load config from "c:\\Users\\xbfmp\\OneDrive\\Apps\\HDR_Gallery\\dataconnect": could not find dataconnect.yaml in `c:\Users\xbfmp\OneDrive\Apps\HDR_Gallery\dataconnect`
 {"metadata":{"emulator":{"name":"dataconnect"},"message":"E0719 04:52:41.938220   13844 watch.go:40] Failed to load config from \"c:\\\\Users\\\\xbfmp\\\\OneDrive\\\\Apps\\\\HDR_Gallery\\\\dataconnect\": could not find dataconnect.yaml in `c:\\Users\\xbfmp\\OneDrive\\Apps\\HDR_Gallery\\dataconnect`\n"}}
[debug] [2026-07-19T02:52:51.938Z] E0719 04:52:51.938277   13844 watch.go:40] Failed to load config from "c:\\Users\\xbfmp\\OneDrive\\Apps\\HDR_Gallery\\dataconnect": could not find dataconnect.yaml in `c:\Users\xbfmp\OneDrive\Apps\HDR_Gallery\dataconnect`
 {"metadata":{"emulator":{"name":"dataconnect"},"message":"E0719 04:52:51.938277   13844 watch.go:40] Failed to load config from \"c:\\\\Users\\\\xbfmp\\\\OneDrive\\\\Apps\\\\HDR_Gallery\\\\dataconnect\": could not find dataconnect.yaml in `c:\\Users\\xbfmp\\OneDrive\\Apps\\HDR_Gallery\\dataconnect`\n"}}
[debug] [2026-07-19T02:53:01.938Z] E0719 04:53:01.938384   13844 watch.go:40] Failed to load config from "c:\\Users\\xbfmp\\OneDrive\\Apps\\HDR_Gallery\\dataconnect": could not find dataconnect.yaml in `c:\Users\xbfmp\OneDrive\Apps\HDR_Gallery\dataconnect`
 {"metadata":{"emulator":{"name":"dataconnect"},"message":"E0719 04:53:01.938384   13844 watch.go:40] Failed to load config from \"c:\\\\Users\\\\xbfmp\\\\OneDrive\\\\Apps\\\\HDR_Gallery\\\\dataconnect\": could not find dataconnect.yaml in `c:\\Users\\xbfmp\\OneDrive\\Apps\\HDR_Gallery\\dataconnect`\n"}}
[debug] [2026-07-19T02:53:11.937Z] E0719 04:53:11.937900   13844 watch.go:116] watchAllDir unable to walk dir `c:\Users\xbfmp\OneDrive\Apps\HDR_Gallery\dataconnect`: GetFileAttributesEx c:\Users\xbfmp\OneDrive\Apps\HDR_Gallery\dataconnect: El sistema no puede encontrar el archivo especificado.
 {"metadata":{"emulator":{"name":"dataconnect"},"message":"E0719 04:53:11.937900   13844 watch.go:116] watchAllDir unable to walk dir `c:\\Users\\xbfmp\\OneDrive\\Apps\\HDR_Gallery\\dataconnect`: GetFileAttributesEx c:\\Users\\xbfmp\\OneDrive\\Apps\\HDR_Gallery\\dataconnect: El sistema no puede encontrar el archivo especificado.\n"}}
[debug] [2026-07-19T02:53:11.938Z] E0719 04:53:11.937900   13844 watch.go:40] Failed to load config from "c:\\Users\\xbfmp\\OneDrive\\Apps\\HDR_Gallery\\dataconnect": could not find dataconnect.yaml in `c:\Users\xbfmp\OneDrive\Apps\HDR_Gallery\dataconnect`
 {"metadata":{"emulator":{"name":"dataconnect"},"message":"E0719 04:53:11.937900   13844 watch.go:40] Failed to load config from \"c:\\\\Users\\\\xbfmp\\\\OneDrive\\\\Apps\\\\HDR_Gallery\\\\dataconnect\": could not find dataconnect.yaml in `c:\\Users\\xbfmp\\OneDrive\\Apps\\HDR_Gallery\\dataconnect`\n"}}
[debug] [2026-07-19T02:53:21.938Z] E0719 04:53:21.938207   13844 watch.go:40] Failed to load config from "c:\\Users\\xbfmp\\OneDrive\\Apps\\HDR_Gallery\\dataconnect": could not find dataconnect.yaml in `c:\Users\xbfmp\OneDrive\Apps\HDR_Gallery\dataconnect`
 {"metadata":{"emulator":{"name":"dataconnect"},"message":"E0719 04:53:21.938207   13844 watch.go:40] Failed to load config from \"c:\\\\Users\\\\xbfmp\\\\OneDrive\\\\Apps\\\\HDR_Gallery\\\\dataconnect\": could not find dataconnect.yaml in `c:\\Users\\xbfmp\\OneDrive\\Apps\\HDR_Gallery\\dataconnect`\n"}}
[debug] [2026-07-19T02:53:31.938Z] E0719 04:53:31.937919   13844 watch.go:40] Failed to load config from "c:\\Users\\xbfmp\\OneDrive\\Apps\\HDR_Gallery\\dataconnect": could not find dataconnect.yaml in `c:\Users\xbfmp\OneDrive\Apps\HDR_Gallery\dataconnect`
 {"metadata":{"emulator":{"name":"dataconnect"},"message":"E0719 04:53:31.937919   13844 watch.go:40] Failed to load config from \"c:\\\\Users\\\\xbfmp\\\\OneDrive\\\\Apps\\\\HDR_Gallery\\\\dataconnect\": could not find dataconnect.yaml in `c:\\Users\\xbfmp\\OneDrive\\Apps\\HDR_Gallery\\dataconnect`\n"}}
[debug] [2026-07-19T02:53:41.938Z] E0719 04:53:41.938398   13844 watch.go:40] Failed to load config from "c:\\Users\\xbfmp\\OneDrive\\Apps\\HDR_Gallery\\dataconnect": could not find dataconnect.yaml in `c:\Users\xbfmp\OneDrive\Apps\HDR_Gallery\dataconnect`
 {"metadata":{"emulator":{"name":"dataconnect"},"message":"E0719 04:53:41.938398   13844 watch.go:40] Failed to load config from \"c:\\\\Users\\\\xbfmp\\\\OneDrive\\\\Apps\\\\HDR_Gallery\\\\dataconnect\": could not find dataconnect.yaml in `c:\\Users\\xbfmp\\OneDrive\\Apps\\HDR_Gallery\\dataconnect`\n"}}
[debug] [2026-07-19T02:53:51.938Z] E0719 04:53:51.937964   13844 watch.go:40] Failed to load config from "c:\\Users\\xbfmp\\OneDrive\\Apps\\HDR_Gallery\\dataconnect": could not find dataconnect.yaml in `c:\Users\xbfmp\OneDrive\Apps\HDR_Gallery\dataconnect`
 {"metadata":{"emulator":{"name":"dataconnect"},"message":"E0719 04:53:51.937964   13844 watch.go:40] Failed to load config from \"c:\\\\Users\\\\xbfmp\\\\OneDrive\\\\Apps\\\\HDR_Gallery\\\\dataconnect\": could not find dataconnect.yaml in `c:\\Users\\xbfmp\\OneDrive\\Apps\\HDR_Gallery\\dataconnect`\n"}}
[debug] [2026-07-19T02:54:01.938Z] E0719 04:54:01.937994   13844 watch.go:40] Failed to load config from "c:\\Users\\xbfmp\\OneDrive\\Apps\\HDR_Gallery\\dataconnect": could not find dataconnect.yaml in `c:\Users\xbfmp\OneDrive\Apps\HDR_Gallery\dataconnect`
 {"metadata":{"emulator":{"name":"dataconnect"},"message":"E0719 04:54:01.937994   13844 watch.go:40] Failed to load config from \"c:\\\\Users\\\\xbfmp\\\\OneDrive\\\\Apps\\\\HDR_Gallery\\\\dataconnect\": could not find dataconnect.yaml in `c:\\Users\\xbfmp\\OneDrive\\Apps\\HDR_Gallery\\dataconnect`\n"}}
[debug] [2026-07-19T02:54:11.937Z] E0719 04:54:11.937928   13844 watch.go:116] watchAllDir unable to walk dir `c:\Users\xbfmp\OneDrive\Apps\HDR_Gallery\dataconnect`: GetFileAttributesEx c:\Users\xbfmp\OneDrive\Apps\HDR_Gallery\dataconnect: El sistema no puede encontrar el archivo especificado.
 {"metadata":{"emulator":{"name":"dataconnect"},"message":"E0719 04:54:11.937928   13844 watch.go:116] watchAllDir unable to walk dir `c:\\Users\\xbfmp\\OneDrive\\Apps\\HDR_Gallery\\dataconnect`: GetFileAttributesEx c:\\Users\\xbfmp\\OneDrive\\Apps\\HDR_Gallery\\dataconnect: El sistema no puede encontrar el archivo especificado.\n"}}
[debug] [2026-07-19T02:54:11.938Z] E0719 04:54:11.937928   13844 watch.go:40] Failed to load config from "c:\\Users\\xbfmp\\OneDrive\\Apps\\HDR_Gallery\\dataconnect": could not find dataconnect.yaml in `c:\Users\xbfmp\OneDrive\Apps\HDR_Gallery\dataconnect`
 {"metadata":{"emulator":{"name":"dataconnect"},"message":"E0719 04:54:11.937928   13844 watch.go:40] Failed to load config from \"c:\\\\Users\\\\xbfmp\\\\OneDrive\\\\Apps\\\\HDR_Gallery\\\\dataconnect\": could not find dataconnect.yaml in `c:\\Users\\xbfmp\\OneDrive\\Apps\\HDR_Gallery\\dataconnect`\n"}}
[debug] [2026-07-19T02:54:21.938Z] E0719 04:54:21.938176   13844 watch.go:40] Failed to load config from "c:\\Users\\xbfmp\\OneDrive\\Apps\\HDR_Gallery\\dataconnect": could not find dataconnect.yaml in `c:\Users\xbfmp\OneDrive\Apps\HDR_Gallery\dataconnect`
 {"metadata":{"emulator":{"name":"dataconnect"},"message":"E0719 04:54:21.938176   13844 watch.go:40] Failed to load config from \"c:\\\\Users\\\\xbfmp\\\\OneDrive\\\\Apps\\\\HDR_Gallery\\\\dataconnect\": could not find dataconnect.yaml in `c:\\Users\\xbfmp\\OneDrive\\Apps\\HDR_Gallery\\dataconnect`\n"}}
[debug] [2026-07-19T02:54:31.937Z] E0719 04:54:31.937909   13844 watch.go:40] Failed to load config from "c:\\Users\\xbfmp\\OneDrive\\Apps\\HDR_Gallery\\dataconnect": could not find dataconnect.yaml in `c:\Users\xbfmp\OneDrive\Apps\HDR_Gallery\dataconnect`
 {"metadata":{"emulator":{"name":"dataconnect"},"message":"E0719 04:54:31.937909   13844 watch.go:40] Failed to load config from \"c:\\\\Users\\\\xbfmp\\\\OneDrive\\\\Apps\\\\HDR_Gallery\\\\dataconnect\": could not find dataconnect.yaml in `c:\\Users\\xbfmp\\OneDrive\\Apps\\HDR_Gallery\\dataconnect`\n"}}
[debug] [2026-07-19T02:54:41.938Z] E0719 04:54:41.937997   13844 watch.go:40] Failed to load config from "c:\\Users\\xbfmp\\OneDrive\\Apps\\HDR_Gallery\\dataconnect": could not find dataconnect.yaml in `c:\Users\xbfmp\OneDrive\Apps\HDR_Gallery\dataconnect`
 {"metadata":{"emulator":{"name":"dataconnect"},"message":"E0719 04:54:41.937997   13844 watch.go:40] Failed to load config from \"c:\\\\Users\\\\xbfmp\\\\OneDrive\\\\Apps\\\\HDR_Gallery\\\\dataconnect\": could not find dataconnect.yaml in `c:\\Users\\xbfmp\\OneDrive\\Apps\\HDR_Gallery\\dataconnect`\n"}}
[debug] [2026-07-19T02:54:51.938Z] E0719 04:54:51.938208   13844 watch.go:40] Failed to load config from "c:\\Users\\xbfmp\\OneDrive\\Apps\\HDR_Gallery\\dataconnect": could not find dataconnect.yaml in `c:\Users\xbfmp\OneDrive\Apps\HDR_Gallery\dataconnect`
 {"metadata":{"emulator":{"name":"dataconnect"},"message":"E0719 04:54:51.938208   13844 watch.go:40] Failed to load config from \"c:\\\\Users\\\\xbfmp\\\\OneDrive\\\\Apps\\\\HDR_Gallery\\\\dataconnect\": could not find dataconnect.yaml in `c:\\Users\\xbfmp\\OneDrive\\Apps\\HDR_Gallery\\dataconnect`\n"}}
[debug] [2026-07-19T02:55:01.938Z] E0719 04:55:01.938182   13844 watch.go:40] Failed to load config from "c:\\Users\\xbfmp\\OneDrive\\Apps\\HDR_Gallery\\dataconnect": could not find dataconnect.yaml in `c:\Users\xbfmp\OneDrive\Apps\HDR_Gallery\dataconnect`
 {"metadata":{"emulator":{"name":"dataconnect"},"message":"E0719 04:55:01.938182   13844 watch.go:40] Failed to load config from \"c:\\\\Users\\\\xbfmp\\\\OneDrive\\\\Apps\\\\HDR_Gallery\\\\dataconnect\": could not find dataconnect.yaml in `c:\\Users\\xbfmp\\OneDrive\\Apps\\HDR_Gallery\\dataconnect`\n"}}
[debug] [2026-07-19T02:55:11.937Z] E0719 04:55:11.938025   13844 watch.go:116] watchAllDir unable to walk dir `c:\Users\xbfmp\OneDrive\Apps\HDR_Gallery\dataconnect`: GetFileAttributesEx c:\Users\xbfmp\OneDrive\Apps\HDR_Gallery\dataconnect: El sistema no puede encontrar el archivo especificado.
 {"metadata":{"emulator":{"name":"dataconnect"},"message":"E0719 04:55:11.938025   13844 watch.go:116] watchAllDir unable to walk dir `c:\\Users\\xbfmp\\OneDrive\\Apps\\HDR_Gallery\\dataconnect`: GetFileAttributesEx c:\\Users\\xbfmp\\OneDrive\\Apps\\HDR_Gallery\\dataconnect: El sistema no puede encontrar el archivo especificado.\n"}}
[debug] [2026-07-19T02:55:11.938Z] E0719 04:55:11.938025   13844 watch.go:40] Failed to load config from "c:\\Users\\xbfmp\\OneDrive\\Apps\\HDR_Gallery\\dataconnect": could not find dataconnect.yaml in `c:\Users\xbfmp\OneDrive\Apps\HDR_Gallery\dataconnect`
 {"metadata":{"emulator":{"name":"dataconnect"},"message":"E0719 04:55:11.938025   13844 watch.go:40] Failed to load config from \"c:\\\\Users\\\\xbfmp\\\\OneDrive\\\\Apps\\\\HDR_Gallery\\\\dataconnect\": could not find dataconnect.yaml in `c:\\Users\\xbfmp\\OneDrive\\Apps\\HDR_Gallery\\dataconnect`\n"}}
[debug] [2026-07-19T02:55:21.937Z] E0719 04:55:21.937978   13844 watch.go:40] Failed to load config from "c:\\Users\\xbfmp\\OneDrive\\Apps\\HDR_Gallery\\dataconnect": could not find dataconnect.yaml in `c:\Users\xbfmp\OneDrive\Apps\HDR_Gallery\dataconnect`
 {"metadata":{"emulator":{"name":"dataconnect"},"message":"E0719 04:55:21.937978   13844 watch.go:40] Failed to load config from \"c:\\\\Users\\\\xbfmp\\\\OneDrive\\\\Apps\\\\HDR_Gallery\\\\dataconnect\": could not find dataconnect.yaml in `c:\\Users\\xbfmp\\OneDrive\\Apps\\HDR_Gallery\\dataconnect`\n"}}
[debug] [2026-07-19T02:55:31.938Z] E0719 04:55:31.938179   13844 watch.go:40] Failed to load config from "c:\\Users\\xbfmp\\OneDrive\\Apps\\HDR_Gallery\\dataconnect": could not find dataconnect.yaml in `c:\Users\xbfmp\OneDrive\Apps\HDR_Gallery\dataconnect`
 {"metadata":{"emulator":{"name":"dataconnect"},"message":"E0719 04:55:31.938179   13844 watch.go:40] Failed to load config from \"c:\\\\Users\\\\xbfmp\\\\OneDrive\\\\Apps\\\\HDR_Gallery\\\\dataconnect\": could not find dataconnect.yaml in `c:\\Users\\xbfmp\\OneDrive\\Apps\\HDR_Gallery\\dataconnect`\n"}}
[debug] [2026-07-19T02:55:41.938Z] E0719 04:55:41.938371   13844 watch.go:40] Failed to load config from "c:\\Users\\xbfmp\\OneDrive\\Apps\\HDR_Gallery\\dataconnect": could not find dataconnect.yaml in `c:\Users\xbfmp\OneDrive\Apps\HDR_Gallery\dataconnect`
 {"metadata":{"emulator":{"name":"dataconnect"},"message":"E0719 04:55:41.938371   13844 watch.go:40] Failed to load config from \"c:\\\\Users\\\\xbfmp\\\\OneDrive\\\\Apps\\\\HDR_Gallery\\\\dataconnect\": could not find dataconnect.yaml in `c:\\Users\\xbfmp\\OneDrive\\Apps\\HDR_Gallery\\dataconnect`\n"}}
[debug] [2026-07-19T02:55:51.938Z] E0719 04:55:51.938389   13844 watch.go:40] Failed to load config from "c:\\Users\\xbfmp\\OneDrive\\Apps\\HDR_Gallery\\dataconnect": could not find dataconnect.yaml in `c:\Users\xbfmp\OneDrive\Apps\HDR_Gallery\dataconnect`
 {"metadata":{"emulator":{"name":"dataconnect"},"message":"E0719 04:55:51.938389   13844 watch.go:40] Failed to load config from \"c:\\\\Users\\\\xbfmp\\\\OneDrive\\\\Apps\\\\HDR_Gallery\\\\dataconnect\": could not find dataconnect.yaml in `c:\\Users\\xbfmp\\OneDrive\\Apps\\HDR_Gallery\\dataconnect`\n"}}
[debug] [2026-07-19T02:56:01.938Z] E0719 04:56:01.938347   13844 watch.go:40] Failed to load config from "c:\\Users\\xbfmp\\OneDrive\\Apps\\HDR_Gallery\\dataconnect": could not find dataconnect.yaml in `c:\Users\xbfmp\OneDrive\Apps\HDR_Gallery\dataconnect`
 {"metadata":{"emulator":{"name":"dataconnect"},"message":"E0719 04:56:01.938347   13844 watch.go:40] Failed to load config from \"c:\\\\Users\\\\xbfmp\\\\OneDrive\\\\Apps\\\\HDR_Gallery\\\\dataconnect\": could not find dataconnect.yaml in `c:\\Users\\xbfmp\\OneDrive\\Apps\\HDR_Gallery\\dataconnect`\n"}}
[debug] [2026-07-19T02:56:11.937Z] E0719 04:56:11.937944   13844 watch.go:116] watchAllDir unable to walk dir `c:\Users\xbfmp\OneDrive\Apps\HDR_Gallery\dataconnect`: GetFileAttributesEx c:\Users\xbfmp\OneDrive\Apps\HDR_Gallery\dataconnect: El sistema no puede encontrar el archivo especificado.
 {"metadata":{"emulator":{"name":"dataconnect"},"message":"E0719 04:56:11.937944   13844 watch.go:116] watchAllDir unable to walk dir `c:\\Users\\xbfmp\\OneDrive\\Apps\\HDR_Gallery\\dataconnect`: GetFileAttributesEx c:\\Users\\xbfmp\\OneDrive\\Apps\\HDR_Gallery\\dataconnect: El sistema no puede encontrar el archivo especificado.\n"}}
[debug] [2026-07-19T02:56:11.938Z] E0719 04:56:11.937944   13844 watch.go:40] Failed to load config from "c:\\Users\\xbfmp\\OneDrive\\Apps\\HDR_Gallery\\dataconnect": could not find dataconnect.yaml in `c:\Users\xbfmp\OneDrive\Apps\HDR_Gallery\dataconnect`
 {"metadata":{"emulator":{"name":"dataconnect"},"message":"E0719 04:56:11.937944   13844 watch.go:40] Failed to load config from \"c:\\\\Users\\\\xbfmp\\\\OneDrive\\\\Apps\\\\HDR_Gallery\\\\dataconnect\": could not find dataconnect.yaml in `c:\\Users\\xbfmp\\OneDrive\\Apps\\HDR_Gallery\\dataconnect`\n"}}
[debug] [2026-07-19T02:56:21.937Z] E0719 04:56:21.938006   13844 watch.go:40] Failed to load config from "c:\\Users\\xbfmp\\OneDrive\\Apps\\HDR_Gallery\\dataconnect": could not find dataconnect.yaml in `c:\Users\xbfmp\OneDrive\Apps\HDR_Gallery\dataconnect`
 {"metadata":{"emulator":{"name":"dataconnect"},"message":"E0719 04:56:21.938006   13844 watch.go:40] Failed to load config from \"c:\\\\Users\\\\xbfmp\\\\OneDrive\\\\Apps\\\\HDR_Gallery\\\\dataconnect\": could not find dataconnect.yaml in `c:\\Users\\xbfmp\\OneDrive\\Apps\\HDR_Gallery\\dataconnect`\n"}}
[debug] [2026-07-19T02:56:31.937Z] E0719 04:56:31.937910   13844 watch.go:40] Failed to load config from "c:\\Users\\xbfmp\\OneDrive\\Apps\\HDR_Gallery\\dataconnect": could not find dataconnect.yaml in `c:\Users\xbfmp\OneDrive\Apps\HDR_Gallery\dataconnect`
 {"metadata":{"emulator":{"name":"dataconnect"},"message":"E0719 04:56:31.937910   13844 watch.go:40] Failed to load config from \"c:\\\\Users\\\\xbfmp\\\\OneDrive\\\\Apps\\\\HDR_Gallery\\\\dataconnect\": could not find dataconnect.yaml in `c:\\Users\\xbfmp\\OneDrive\\Apps\\HDR_Gallery\\dataconnect`\n"}}
[debug] [2026-07-19T02:56:41.937Z] E0719 04:56:41.938241   13844 watch.go:40] Failed to load config from "c:\\Users\\xbfmp\\OneDrive\\Apps\\HDR_Gallery\\dataconnect": could not find dataconnect.yaml in `c:\Users\xbfmp\OneDrive\Apps\HDR_Gallery\dataconnect`
 {"metadata":{"emulator":{"name":"dataconnect"},"message":"E0719 04:56:41.938241   13844 watch.go:40] Failed to load config from \"c:\\\\Users\\\\xbfmp\\\\OneDrive\\\\Apps\\\\HDR_Gallery\\\\dataconnect\": could not find dataconnect.yaml in `c:\\Users\\xbfmp\\OneDrive\\Apps\\HDR_Gallery\\dataconnect`\n"}}
[debug] [2026-07-19T02:56:51.937Z] E0719 04:56:51.938106   13844 watch.go:40] Failed to load config from "c:\\Users\\xbfmp\\OneDrive\\Apps\\HDR_Gallery\\dataconnect": could not find dataconnect.yaml in `c:\Users\xbfmp\OneDrive\Apps\HDR_Gallery\dataconnect`
 {"metadata":{"emulator":{"name":"dataconnect"},"message":"E0719 04:56:51.938106   13844 watch.go:40] Failed to load config from \"c:\\\\Users\\\\xbfmp\\\\OneDrive\\\\Apps\\\\HDR_Gallery\\\\dataconnect\": could not find dataconnect.yaml in `c:\\Users\\xbfmp\\OneDrive\\Apps\\HDR_Gallery\\dataconnect`\n"}}
[debug] [2026-07-19T02:57:01.938Z] E0719 04:57:01.938387   13844 watch.go:40] Failed to load config from "c:\\Users\\xbfmp\\OneDrive\\Apps\\HDR_Gallery\\dataconnect": could not find dataconnect.yaml in `c:\Users\xbfmp\OneDrive\Apps\HDR_Gallery\dataconnect`
 {"metadata":{"emulator":{"name":"dataconnect"},"message":"E0719 04:57:01.938387   13844 watch.go:40] Failed to load config from \"c:\\\\Users\\\\xbfmp\\\\OneDrive\\\\Apps\\\\HDR_Gallery\\\\dataconnect\": could not find dataconnect.yaml in `c:\\Users\\xbfmp\\OneDrive\\Apps\\HDR_Gallery\\dataconnect`\n"}}
[debug] [2026-07-19T02:57:11.937Z] E0719 04:57:11.938305   13844 watch.go:40] Failed to load config from "c:\\Users\\xbfmp\\OneDrive\\Apps\\HDR_Gallery\\dataconnect": could not find dataconnect.yaml in `c:\Users\xbfmp\OneDrive\Apps\HDR_Gallery\dataconnect`
E0719 04:57:11.938305   13844 watch.go:116] watchAllDir unable to walk dir `c:\Users\xbfmp\OneDrive\Apps\HDR_Gallery\dataconnect`: GetFileAttributesEx c:\Users\xbfmp\OneDrive\Apps\HDR_Gallery\dataconnect: El sistema no puede encontrar el archivo especificado.
 {"metadata":{"emulator":{"name":"dataconnect"},"message":"E0719 04:57:11.938305   13844 watch.go:40] Failed to load config from \"c:\\\\Users\\\\xbfmp\\\\OneDrive\\\\Apps\\\\HDR_Gallery\\\\dataconnect\": could not find dataconnect.yaml in `c:\\Users\\xbfmp\\OneDrive\\Apps\\HDR_Gallery\\dataconnect`\nE0719 04:57:11.938305   13844 watch.go:116] watchAllDir unable to walk dir `c:\\Users\\xbfmp\\OneDrive\\Apps\\HDR_Gallery\\dataconnect`: GetFileAttributesEx c:\\Users\\xbfmp\\OneDrive\\Apps\\HDR_Gallery\\dataconnect: El sistema no puede encontrar el archivo especificado.\n"}}
[debug] [2026-07-19T02:57:21.937Z] E0719 04:57:21.938182   13844 watch.go:40] Failed to load config from "c:\\Users\\xbfmp\\OneDrive\\Apps\\HDR_Gallery\\dataconnect": could not find dataconnect.yaml in `c:\Users\xbfmp\OneDrive\Apps\HDR_Gallery\dataconnect`
 {"metadata":{"emulator":{"name":"dataconnect"},"message":"E0719 04:57:21.938182   13844 watch.go:40] Failed to load config from \"c:\\\\Users\\\\xbfmp\\\\OneDrive\\\\Apps\\\\HDR_Gallery\\\\dataconnect\": could not find dataconnect.yaml in `c:\\Users\\xbfmp\\OneDrive\\Apps\\HDR_Gallery\\dataconnect`\n"}}
[debug] [2026-07-19T02:57:31.937Z] E0719 04:57:31.937939   13844 watch.go:40] Failed to load config from "c:\\Users\\xbfmp\\OneDrive\\Apps\\HDR_Gallery\\dataconnect": could not find dataconnect.yaml in `c:\Users\xbfmp\OneDrive\Apps\HDR_Gallery\dataconnect`
 {"metadata":{"emulator":{"name":"dataconnect"},"message":"E0719 04:57:31.937939   13844 watch.go:40] Failed to load config from \"c:\\\\Users\\\\xbfmp\\\\OneDrive\\\\Apps\\\\HDR_Gallery\\\\dataconnect\": could not find dataconnect.yaml in `c:\\Users\\xbfmp\\OneDrive\\Apps\\HDR_Gallery\\dataconnect`\n"}}
[debug] [2026-07-19T02:57:41.937Z] E0719 04:57:41.938132   13844 watch.go:40] Failed to load config from "c:\\Users\\xbfmp\\OneDrive\\Apps\\HDR_Gallery\\dataconnect": could not find dataconnect.yaml in `c:\Users\xbfmp\OneDrive\Apps\HDR_Gallery\dataconnect`
 {"metadata":{"emulator":{"name":"dataconnect"},"message":"E0719 04:57:41.938132   13844 watch.go:40] Failed to load config from \"c:\\\\Users\\\\xbfmp\\\\OneDrive\\\\Apps\\\\HDR_Gallery\\\\dataconnect\": could not find dataconnect.yaml in `c:\\Users\\xbfmp\\OneDrive\\Apps\\HDR_Gallery\\dataconnect`\n"}}
[debug] [2026-07-19T02:57:51.937Z] E0719 04:57:51.937997   13844 watch.go:40] Failed to load config from "c:\\Users\\xbfmp\\OneDrive\\Apps\\HDR_Gallery\\dataconnect": could not find dataconnect.yaml in `c:\Users\xbfmp\OneDrive\Apps\HDR_Gallery\dataconnect`
 {"metadata":{"emulator":{"name":"dataconnect"},"message":"E0719 04:57:51.937997   13844 watch.go:40] Failed to load config from \"c:\\\\Users\\\\xbfmp\\\\OneDrive\\\\Apps\\\\HDR_Gallery\\\\dataconnect\": could not find dataconnect.yaml in `c:\\Users\\xbfmp\\OneDrive\\Apps\\HDR_Gallery\\dataconnect`\n"}}
[debug] [2026-07-19T02:58:01.937Z] E0719 04:58:01.937913   13844 watch.go:40] Failed to load config from "c:\\Users\\xbfmp\\OneDrive\\Apps\\HDR_Gallery\\dataconnect": could not find dataconnect.yaml in `c:\Users\xbfmp\OneDrive\Apps\HDR_Gallery\dataconnect`
 {"metadata":{"emulator":{"name":"dataconnect"},"message":"E0719 04:58:01.937913   13844 watch.go:40] Failed to load config from \"c:\\\\Users\\\\xbfmp\\\\OneDrive\\\\Apps\\\\HDR_Gallery\\\\dataconnect\": could not find dataconnect.yaml in `c:\\Users\\xbfmp\\OneDrive\\Apps\\HDR_Gallery\\dataconnect`\n"}}
[debug] [2026-07-19T02:58:11.937Z] E0719 04:58:11.938304   13844 watch.go:116] watchAllDir unable to walk dir `c:\Users\xbfmp\OneDrive\Apps\HDR_Gallery\dataconnect`: GetFileAttributesEx c:\Users\xbfmp\OneDrive\Apps\HDR_Gallery\dataconnect: El sistema no puede encontrar el archivo especificado.
 {"metadata":{"emulator":{"name":"dataconnect"},"message":"E0719 04:58:11.938304   13844 watch.go:116] watchAllDir unable to walk dir `c:\\Users\\xbfmp\\OneDrive\\Apps\\HDR_Gallery\\dataconnect`: GetFileAttributesEx c:\\Users\\xbfmp\\OneDrive\\Apps\\HDR_Gallery\\dataconnect: El sistema no puede encontrar el archivo especificado.\n"}}
[debug] [2026-07-19T02:58:11.938Z] E0719 04:58:11.938304   13844 watch.go:40] Failed to load config from "c:\\Users\\xbfmp\\OneDrive\\Apps\\HDR_Gallery\\dataconnect": could not find dataconnect.yaml in `c:\Users\xbfmp\OneDrive\Apps\HDR_Gallery\dataconnect`
 {"metadata":{"emulator":{"name":"dataconnect"},"message":"E0719 04:58:11.938304   13844 watch.go:40] Failed to load config from \"c:\\\\Users\\\\xbfmp\\\\OneDrive\\\\Apps\\\\HDR_Gallery\\\\dataconnect\": could not find dataconnect.yaml in `c:\\Users\\xbfmp\\OneDrive\\Apps\\HDR_Gallery\\dataconnect`\n"}}
[debug] [2026-07-19T02:58:21.938Z] E0719 04:58:21.938105   13844 watch.go:40] Failed to load config from "c:\\Users\\xbfmp\\OneDrive\\Apps\\HDR_Gallery\\dataconnect": could not find dataconnect.yaml in `c:\Users\xbfmp\OneDrive\Apps\HDR_Gallery\dataconnect`
 {"metadata":{"emulator":{"name":"dataconnect"},"message":"E0719 04:58:21.938105   13844 watch.go:40] Failed to load config from \"c:\\\\Users\\\\xbfmp\\\\OneDrive\\\\Apps\\\\HDR_Gallery\\\\dataconnect\": could not find dataconnect.yaml in `c:\\Users\\xbfmp\\OneDrive\\Apps\\HDR_Gallery\\dataconnect`\n"}}
[debug] [2026-07-19T02:58:31.938Z] E0719 04:58:31.938352   13844 watch.go:40] Failed to load config from "c:\\Users\\xbfmp\\OneDrive\\Apps\\HDR_Gallery\\dataconnect": could not find dataconnect.yaml in `c:\Users\xbfmp\OneDrive\Apps\HDR_Gallery\dataconnect`
 {"metadata":{"emulator":{"name":"dataconnect"},"message":"E0719 04:58:31.938352   13844 watch.go:40] Failed to load config from \"c:\\\\Users\\\\xbfmp\\\\OneDrive\\\\Apps\\\\HDR_Gallery\\\\dataconnect\": could not find dataconnect.yaml in `c:\\Users\\xbfmp\\OneDrive\\Apps\\HDR_Gallery\\dataconnect`\n"}}
[debug] [2026-07-19T02:58:41.938Z] E0719 04:58:41.938314   13844 watch.go:40] Failed to load config from "c:\\Users\\xbfmp\\OneDrive\\Apps\\HDR_Gallery\\dataconnect": could not find dataconnect.yaml in `c:\Users\xbfmp\OneDrive\Apps\HDR_Gallery\dataconnect`
 {"metadata":{"emulator":{"name":"dataconnect"},"message":"E0719 04:58:41.938314   13844 watch.go:40] Failed to load config from \"c:\\\\Users\\\\xbfmp\\\\OneDrive\\\\Apps\\\\HDR_Gallery\\\\dataconnect\": could not find dataconnect.yaml in `c:\\Users\\xbfmp\\OneDrive\\Apps\\HDR_Gallery\\dataconnect`\n"}}
[debug] [2026-07-19T02:58:51.938Z] E0719 04:58:51.938155   13844 watch.go:40] Failed to load config from "c:\\Users\\xbfmp\\OneDrive\\Apps\\HDR_Gallery\\dataconnect": could not find dataconnect.yaml in `c:\Users\xbfmp\OneDrive\Apps\HDR_Gallery\dataconnect`
 {"metadata":{"emulator":{"name":"dataconnect"},"message":"E0719 04:58:51.938155   13844 watch.go:40] Failed to load config from \"c:\\\\Users\\\\xbfmp\\\\OneDrive\\\\Apps\\\\HDR_Gallery\\\\dataconnect\": could not find dataconnect.yaml in `c:\\Users\\xbfmp\\OneDrive\\Apps\\HDR_Gallery\\dataconnect`\n"}}
[debug] [2026-07-19T02:59:01.938Z] E0719 04:59:01.938124   13844 watch.go:40] Failed to load config from "c:\\Users\\xbfmp\\OneDrive\\Apps\\HDR_Gallery\\dataconnect": could not find dataconnect.yaml in `c:\Users\xbfmp\OneDrive\Apps\HDR_Gallery\dataconnect`
 {"metadata":{"emulator":{"name":"dataconnect"},"message":"E0719 04:59:01.938124   13844 watch.go:40] Failed to load config from \"c:\\\\Users\\\\xbfmp\\\\OneDrive\\\\Apps\\\\HDR_Gallery\\\\dataconnect\": could not find dataconnect.yaml in `c:\\Users\\xbfmp\\OneDrive\\Apps\\HDR_Gallery\\dataconnect`\n"}}
[debug] [2026-07-19T02:59:11.938Z] E0719 04:59:11.938354   13844 watch.go:116] watchAllDir unable to walk dir `c:\Users\xbfmp\OneDrive\Apps\HDR_Gallery\dataconnect`: GetFileAttributesEx c:\Users\xbfmp\OneDrive\Apps\HDR_Gallery\dataconnect: El sistema no puede encontrar el archivo especificado.
 {"metadata":{"emulator":{"name":"dataconnect"},"message":"E0719 04:59:11.938354   13844 watch.go:116] watchAllDir unable to walk dir `c:\\Users\\xbfmp\\OneDrive\\Apps\\HDR_Gallery\\dataconnect`: GetFileAttributesEx c:\\Users\\xbfmp\\OneDrive\\Apps\\HDR_Gallery\\dataconnect: El sistema no puede encontrar el archivo especificado.\n"}}
[debug] [2026-07-19T02:59:11.938Z] E0719 04:59:11.938354   13844 watch.go:40] Failed to load config from "c:\\Users\\xbfmp\\OneDrive\\Apps\\HDR_Gallery\\dataconnect": could not find dataconnect.yaml in `c:\Users\xbfmp\OneDrive\Apps\HDR_Gallery\dataconnect`
 {"metadata":{"emulator":{"name":"dataconnect"},"message":"E0719 04:59:11.938354   13844 watch.go:40] Failed to load config from \"c:\\\\Users\\\\xbfmp\\\\OneDrive\\\\Apps\\\\HDR_Gallery\\\\dataconnect\": could not find dataconnect.yaml in `c:\\Users\\xbfmp\\OneDrive\\Apps\\HDR_Gallery\\dataconnect`\n"}}
[debug] [2026-07-19T02:59:21.938Z] E0719 04:59:21.938305   13844 watch.go:40] Failed to load config from "c:\\Users\\xbfmp\\OneDrive\\Apps\\HDR_Gallery\\dataconnect": could not find dataconnect.yaml in `c:\Users\xbfmp\OneDrive\Apps\HDR_Gallery\dataconnect`
 {"metadata":{"emulator":{"name":"dataconnect"},"message":"E0719 04:59:21.938305   13844 watch.go:40] Failed to load config from \"c:\\\\Users\\\\xbfmp\\\\OneDrive\\\\Apps\\\\HDR_Gallery\\\\dataconnect\": could not find dataconnect.yaml in `c:\\Users\\xbfmp\\OneDrive\\Apps\\HDR_Gallery\\dataconnect`\n"}}
[debug] [2026-07-19T02:59:31.938Z] E0719 04:59:31.938260   13844 watch.go:40] Failed to load config from "c:\\Users\\xbfmp\\OneDrive\\Apps\\HDR_Gallery\\dataconnect": could not find dataconnect.yaml in `c:\Users\xbfmp\OneDrive\Apps\HDR_Gallery\dataconnect`
 {"metadata":{"emulator":{"name":"dataconnect"},"message":"E0719 04:59:31.938260   13844 watch.go:40] Failed to load config from \"c:\\\\Users\\\\xbfmp\\\\OneDrive\\\\Apps\\\\HDR_Gallery\\\\dataconnect\": could not find dataconnect.yaml in `c:\\Users\\xbfmp\\OneDrive\\Apps\\HDR_Gallery\\dataconnect`\n"}}
[info] [Firebase Plugin] Stopping SQL Connect toolkit
[debug] [2026-08-06T16:37:50.756Z] [Firebase Plugin] Activating Firebase extension.
[debug] [2026-08-06T16:37:52.220Z] [Firebase Plugin] requireAuthWrapper
[debug] [2026-08-06T16:37:52.221Z] > command requires scopes: ["email","openid","https://www.googleapis.com/auth/cloudplatformprojects.readonly","https://www.googleapis.com/auth/firebase","https://www.googleapis.com/auth/cloud-platform"]
[debug] [2026-08-06T16:37:52.252Z] [Firebase Plugin] VSCode notification server listening on port 40001
[error] [Firebase Plugin] requireAuth error: Could not load the default credentials. Browse to https://cloud.google.com/docs/authentication/getting-started for more information.
[info] [Firebase Plugin] Starting SQL Connect toolkit (version 3.4.16) on port 50001
[debug] [2026-08-06T16:37:53.356Z] 'fdc build' failed with error: Unable to build your SQL Connect schema and connectors (exit code 1): E0806 18:37:53.243768   21448 cmd.go:43] Error loading data connect config: could not find dataconnect.yaml in `c:\Users\xbfmp\OneDrive\Apps\HDR_Gallery\dataconnect`
 {"metadata":{"emulator":{"name":"dataconnect"},"message":"'fdc build' failed with error: Unable to build your SQL Connect schema and connectors (exit code 1): E0806 18:37:53.243768   21448 cmd.go:43] Error loading data connect config: could not find dataconnect.yaml in `c:\\Users\\xbfmp\\OneDrive\\Apps\\HDR_Gallery\\dataconnect`\n"}}
[debug] [2026-08-06T16:37:53.357Z] Ignoring unsupported arg: auto_download {"metadata":{"emulator":{"name":"dataconnect"},"message":"Ignoring unsupported arg: auto_download"}}
[debug] [2026-08-06T16:37:53.357Z] Ignoring unsupported arg: port {"metadata":{"emulator":{"name":"dataconnect"},"message":"Ignoring unsupported arg: port"}}
[debug] [2026-08-06T16:37:53.358Z] Starting SQL Connect Emulator with command {"binary":"C:\\Users\\xbfmp\\.cache\\firebase\\emulators\\dataconnect-emulator-3.4.16.exe","args":["--logtostderr","-v=2","dev","--listen=localhost:50001","--config_dir=c:\\Users\\xbfmp\\OneDrive\\Apps\\HDR_Gallery\\dataconnect","--enable_output_schema_extensions=true","--enable_output_generated_sdk=true"],"optionalArgs":["listen","config_dir","enable_output_schema_extensions","enable_output_generated_sdk"],"joinArgs":true,"shell":false,"port":9399} {"metadata":{"emulator":{"name":"dataconnect"},"message":"Starting SQL Connect Emulator with command {\"binary\":\"C:\\\\Users\\\\xbfmp\\\\.cache\\\\firebase\\\\emulators\\\\dataconnect-emulator-3.4.16.exe\",\"args\":[\"--logtostderr\",\"-v=2\",\"dev\",\"--listen=localhost:50001\",\"--config_dir=c:\\\\Users\\\\xbfmp\\\\OneDrive\\\\Apps\\\\HDR_Gallery\\\\dataconnect\",\"--enable_output_schema_extensions=true\",\"--enable_output_generated_sdk=true\"],\"optionalArgs\":[\"listen\",\"config_dir\",\"enable_output_schema_extensions\",\"enable_output_generated_sdk\"],\"joinArgs\":true,\"shell\":false,\"port\":9399}"}}
[info] i  dataconnect: SQL Connect Emulator logging to dataconnect-debug.log {"metadata":{"emulator":{"name":"dataconnect"},"message":"SQL Connect Emulator logging to \u001b[1mdataconnect-debug.log\u001b[22m"}}
[debug] [2026-08-06T16:37:53.458Z] E0806 18:37:53.392135    4128 dev.go:80] Failed to load initial config from "c:\\Users\\xbfmp\\OneDrive\\Apps\\HDR_Gallery\\dataconnect": could not find dataconnect.yaml in `c:\Users\xbfmp\OneDrive\Apps\HDR_Gallery\dataconnect`
E0806 18:37:53.428868    4128 watch.go:116] watchAllDir unable to walk dir `c:\Users\xbfmp\OneDrive\Apps\HDR_Gallery\dataconnect`: GetFileAttributesEx c:\Users\xbfmp\OneDrive\Apps\HDR_Gallery\dataconnect: El sistema no puede encontrar el archivo especificado.
I0806 18:37:53.442004    4128 dev.go:101] Listening on address (HTTP + gRPC): 127.0.0.1:50001
 {"metadata":{"emulator":{"name":"dataconnect"},"message":"E0806 18:37:53.392135    4128 dev.go:80] Failed to load initial config from \"c:\\\\Users\\\\xbfmp\\\\OneDrive\\\\Apps\\\\HDR_Gallery\\\\dataconnect\": could not find dataconnect.yaml in `c:\\Users\\xbfmp\\OneDrive\\Apps\\HDR_Gallery\\dataconnect`\nE0806 18:37:53.428868    4128 watch.go:116] watchAllDir unable to walk dir `c:\\Users\\xbfmp\\OneDrive\\Apps\\HDR_Gallery\\dataconnect`: GetFileAttributesEx c:\\Users\\xbfmp\\OneDrive\\Apps\\HDR_Gallery\\dataconnect: El sistema no puede encontrar el archivo especificado.\nI0806 18:37:53.442004    4128 dev.go:101] Listening on address (HTTP + gRPC): 127.0.0.1:50001\n"}}
[error] [Firebase Plugin] error:  {}
[debug] [2026-08-06T16:38:03.430Z] E0806 18:38:03.430428    4128 watch.go:40] Failed to load config from "c:\\Users\\xbfmp\\OneDrive\\Apps\\HDR_Gallery\\dataconnect": could not find dataconnect.yaml in `c:\Users\xbfmp\OneDrive\Apps\HDR_Gallery\dataconnect`
 {"metadata":{"emulator":{"name":"dataconnect"},"message":"E0806 18:38:03.430428    4128 watch.go:40] Failed to load config from \"c:\\\\Users\\\\xbfmp\\\\OneDrive\\\\Apps\\\\HDR_Gallery\\\\dataconnect\": could not find dataconnect.yaml in `c:\\Users\\xbfmp\\OneDrive\\Apps\\HDR_Gallery\\dataconnect`\n"}}
[debug] [2026-08-06T16:38:13.430Z] E0806 18:38:13.430481    4128 watch.go:40] Failed to load config from "c:\\Users\\xbfmp\\OneDrive\\Apps\\HDR_Gallery\\dataconnect": could not find dataconnect.yaml in `c:\Users\xbfmp\OneDrive\Apps\HDR_Gallery\dataconnect`
 {"metadata":{"emulator":{"name":"dataconnect"},"message":"E0806 18:38:13.430481    4128 watch.go:40] Failed to load config from \"c:\\\\Users\\\\xbfmp\\\\OneDrive\\\\Apps\\\\HDR_Gallery\\\\dataconnect\": could not find dataconnect.yaml in `c:\\Users\\xbfmp\\OneDrive\\Apps\\HDR_Gallery\\dataconnect`\n"}}
[debug] [2026-08-06T16:38:23.430Z] E0806 18:38:23.430723    4128 watch.go:40] Failed to load config from "c:\\Users\\xbfmp\\OneDrive\\Apps\\HDR_Gallery\\dataconnect": could not find dataconnect.yaml in `c:\Users\xbfmp\OneDrive\Apps\HDR_Gallery\dataconnect`
 {"metadata":{"emulator":{"name":"dataconnect"},"message":"E0806 18:38:23.430723    4128 watch.go:40] Failed to load config from \"c:\\\\Users\\\\xbfmp\\\\OneDrive\\\\Apps\\\\HDR_Gallery\\\\dataconnect\": could not find dataconnect.yaml in `c:\\Users\\xbfmp\\OneDrive\\Apps\\HDR_Gallery\\dataconnect`\n"}}
